date,tr,net_tr,financials
1/29/2010,271.07,72.9,190.92
2/1/2010,275.42,74.07,193.98
2/2/2010,278.5,74.89,196.15
2/3/2010,274.82,73.9,193.51
2/4/2010,263.44,70.84,185.48
2/5/2010,266.64,71.7,187.74
2/8/2010,260.76,70.12,183.6
2/9/2010,263.65,70.89,185.62
2/10/2010,265.86,71.48,187.15
2/11/2010,266.5,71.65,187.56
2/12/2010,265.74,71.45,187.02
2/16/2010,272.29,73.21,191.63
2/17/2010,273.35,73.49,192.36
2/18/2010,274.88,73.9,193.44
2/19/2010,276.54,74.35,194.6
2/22/2010,279.69,75.2,196.82
2/23/2010,274.7,73.85,193.31
2/24/2010,279.5,75.14,196.68
2/25/2010,278.59,74.9,196.03
2/26/2010,280.61,75.44,197.43
3/1/2010,281.65,75.72,198.16
3/2/2010,282.46,75.94,198.73
3/3/2010,282.62,75.98,198.83
3/4/2010,285.21,76.67,200.65
3/5/2010,291.01,78.23,204.73
3/8/2010,291.5,78.36,205.04
3/9/2010,292.3,78.58,205.6
3/10/2010,295.62,79.47,207.91
3/11/2010,298.36,80.2,209.8
3/12/2010,297.14,79.87,208.94
3/15/2010,296.93,79.81,208.78
3/16/2010,300.69,80.82,211.43
3/17/2010,304,81.71,213.74
3/18/2010,302.61,81.34,212.76
3/19/2010,300.37,80.73,211.19
3/22/2010,302.11,81.2,212.41
3/23/2010,304.43,81.82,214.04
3/24/2010,304.95,81.96,214.4
3/25/2010,306.26,82.32,215.32
3/26/2010,306.59,82.4,215.55
3/29/2010,307.22,82.57,215.96
3/30/2010,305.03,81.98,214.39
3/31/2010,305.56,82.12,214.75
4/1/2010,308.41,82.88,216.74
4/5/2010,311.49,83.71,218.9
4/6/2010,314.75,84.59,221.19
4/7/2010,313.09,84.14,220
4/8/2010,315.7,84.84,221.83
4/9/2010,317.11,85.22,222.82
4/12/2010,318.56,85.61,223.83
4/13/2010,318.56,85.61,223.83
4/14/2010,326.98,87.87,229.75
4/15/2010,325.4,87.44,228.64
4/16/2010,313,84.11,219.93
4/19/2010,316.45,85.04,222.35
4/20/2010,320.59,86.15,225.26
4/21/2010,318.86,85.69,224.05
4/22/2010,320.69,86.18,225.33
4/23/2010,321.96,86.52,226.22
4/26/2010,316.4,85.03,222.31
4/27/2010,305.81,82.18,214.87
4/28/2010,309.79,83.25,217.64
4/29/2010,317.53,85.33,223.06
4/30/2010,309.68,83.21,217.54
5/3/2010,315.38,84.75,221.54
5/4/2010,306.82,82.45,215.53
5/5/2010,305.45,82.07,214.51
5/6/2010,292.92,78.7,205.69
5/7/2010,289.32,77.73,203.16
5/10/2010,305.47,82.07,214.5
5/11/2010,304,81.68,213.47
5/12/2010,307.44,82.6,215.84
5/13/2010,302.31,81.22,212.25
5/14/2010,294.09,79.01,206.47
5/17/2010,294.1,79.01,206.46
5/18/2010,285.88,76.8,200.69
5/19/2010,286.38,76.94,201.04
5/20/2010,272.88,73.31,191.56
5/21/2010,282.77,75.97,198.5
5/24/2010,274.63,73.78,192.78
5/25/2010,276.92,74.4,194.39
5/26/2010,275.17,73.92,193.14
5/27/2010,287.47,77.22,201.74
5/28/2010,281.3,75.57,197.42
6/1/2010,275.45,73.99,193.31
6/2/2010,283.85,76.25,199.19
6/3/2010,282.36,75.85,198.15
6/4/2010,271.17,72.84,190.3
6/7/2010,265.66,71.37,186.43
6/8/2010,271.08,72.82,190.19
6/9/2010,268.47,72.11,188.35
6/10/2010,277.44,74.52,194.63
6/11/2010,278.48,74.8,195.34
6/14/2010,276.64,74.3,194.04
6/15/2010,283.73,76.21,199.02
6/16/2010,283.82,76.23,199.06
6/17/2010,283.41,76.12,198.78
6/18/2010,284.93,76.53,199.84
6/21/2010,284.17,76.32,199.3
6/22/2010,279.88,75.17,196.29
6/23/2010,279.05,74.95,195.7
6/24/2010,273.28,73.4,191.65
6/25/2010,280.95,75.46,197.03
6/28/2010,278.5,74.79,195.27
6/29/2010,267.69,71.89,187.69
6/30/2010,264.81,71.11,185.64
7/1/2010,262.6,70.52,184.07
7/2/2010,259.77,69.76,182.08
7/6/2010,261.25,70.15,183.12
7/7/2010,272.88,73.27,191.24
7/8/2010,274.63,73.75,192.47
7/9/2010,278.96,74.91,195.51
7/12/2010,279.03,74.92,195.55
7/13/2010,286.27,76.87,200.62
7/14/2010,283.65,76.17,198.79
7/15/2010,283.38,76.09,198.6
7/16/2010,270.99,72.77,189.92
7/19/2010,271.06,72.79,189.97
7/20/2010,274.19,73.62,192.15
7/21/2010,269.27,72.31,188.71
7/22/2010,277.62,74.55,194.56
7/23/2010,279.6,75.08,195.94
7/26/2010,283.95,76.24,198.98
7/27/2010,284.25,76.33,199.19
7/28/2010,281.62,75.61,197.32
7/29/2010,282.56,75.87,197.97
7/30/2010,282.48,75.85,197.92
8/2/2010,289.74,77.79,203
8/3/2010,286.51,76.93,200.73
8/4/2010,287.35,77.15,201.28
8/5/2010,286.3,76.86,200.52
8/6/2010,283.94,76.23,198.87
8/9/2010,285.67,76.69,200.06
8/10/2010,282.72,75.9,197.99
8/11/2010,272.58,73.18,190.88
8/12/2010,270.91,72.73,189.7
8/13/2010,270.07,72.5,189.09
8/16/2010,269.52,72.35,188.69
8/17/2010,271.51,72.88,190.08
8/18/2010,272.61,73.18,190.85
8/19/2010,266.07,71.42,186.26
8/20/2010,265.45,71.25,185.83
8/23/2010,263.86,70.83,184.72
8/24/2010,259.35,69.62,181.56
8/25/2010,260.09,69.82,182.08
8/26/2010,257.81,69.21,180.48
8/27/2010,263.87,70.83,184.71
8/30/2010,258.06,69.27,180.61
8/31/2010,260.43,69.9,182.27
9/1/2010,270.48,72.6,189.29
9/2/2010,273.05,73.29,191.08
9/3/2010,278.91,74.86,195.19
9/7/2010,272.29,73.09,190.56
9/8/2010,275.45,73.93,192.73
9/9/2010,278.63,74.78,194.95
9/10/2010,278.85,74.84,195.1
9/13/2010,285.21,76.54,199.52
9/14/2010,282.39,75.79,197.54
9/15/2010,283.46,76.07,198.27
9/16/2010,282.46,75.8,197.56
9/17/2010,281,75.41,196.53
9/20/2010,286.7,76.94,200.52
9/21/2010,283.75,76.15,198.45
9/22/2010,279.19,74.92,195.26
9/23/2010,273.71,73.45,191.43
9/24/2010,281.28,75.48,196.72
9/27/2010,277.95,74.59,194.39
9/28/2010,278.85,74.83,195
9/29/2010,276.58,74.22,193.39
9/30/2010,276.28,74.14,193.18
10/1/2010,279.19,74.92,195.21
10/4/2010,277.15,74.37,193.76
10/5/2010,283.71,76.13,198.34
10/6/2010,283.66,76.11,198.27
10/7/2010,282.44,75.78,197.42
10/8/2010,282.73,75.86,197.62
10/11/2010,282.44,75.78,197.42
10/12/2010,286.01,76.74,199.91
10/13/2010,286.03,76.74,199.9
10/14/2010,280.84,75.35,196.27
10/15/2010,276.04,74.06,192.92
10/18/2010,282.49,75.79,197.43
10/19/2010,278.53,74.73,194.66
10/20/2010,281.65,75.57,196.84
10/21/2010,281.12,75.43,196.47
10/22/2010,281.32,75.48,196.61
10/25/2010,280.18,75.17,195.81
10/26/2010,280.53,75.27,196.06
10/27/2010,280.83,75.34,196.24
10/28/2010,280.71,75.31,196.15
10/29/2010,280.25,75.19,195.83
11/1/2010,280.21,75.18,195.8
11/2/2010,280.94,75.37,196.31
11/3/2010,283.82,76.14,198.28
11/4/2010,293.57,78.75,205.06
11/5/2010,299.92,80.45,209.41
11/8/2010,297.62,79.83,207.79
11/9/2010,291.16,78.09,203.27
11/10/2010,295.1,79.15,206.02
11/11/2010,292.35,78.41,204.09
11/12/2010,287.93,77.22,200.97
11/15/2010,289.12,77.54,201.79
11/16/2010,283.84,76.12,198.1
11/17/2010,282.24,75.69,196.96
11/18/2010,286.29,76.78,199.78
11/19/2010,285.93,76.67,199.46
11/22/2010,281.89,75.59,196.65
11/23/2010,277.33,74.37,193.47
11/24/2010,281.87,75.58,196.63
11/26/2010,278.71,74.73,194.41
11/29/2010,280.32,75.16,195.52
11/30/2010,278.36,74.64,194.14
12/1/2010,284.19,76.2,198.19
12/2/2010,291.62,78.19,203.37
12/3/2010,292.49,78.42,203.97
12/6/2010,291.85,78.25,203.53
12/7/2010,291.75,78.23,203.46
12/8/2010,297.09,79.65,207.14
12/9/2010,300.93,80.68,209.82
12/10/2010,303.59,81.39,211.67
12/13/2010,303.26,81.3,211.41
12/14/2010,300.43,80.54,209.43
12/15/2010,297.91,79.86,207.65
12/16/2010,298.63,80.06,208.14
12/17/2010,299.47,80.28,208.72
12/20/2010,300.6,80.58,209.5
12/21/2010,305.53,81.9,212.92
12/22/2010,308.89,82.81,215.27
12/23/2010,306.53,82.17,213.62
12/27/2010,309.44,82.95,215.65
12/28/2010,309.55,82.98,215.71
12/29/2010,308.67,82.74,215.08
12/30/2010,307.6,82.45,214.32
12/31/2010,308.24,82.63,214.77
1/3/2011,315.34,84.53,219.71
1/4/2011,314.62,84.33,219.19
1/5/2011,318.42,85.35,221.8
1/6/2011,316.43,84.81,220.41
1/7/2011,313.5,84.03,218.38
1/10/2011,312.58,83.78,217.73
1/11/2011,314.15,84.2,218.83
1/12/2011,319.41,85.61,222.49
1/13/2011,318.13,85.27,221.59
1/14/2011,323.62,86.74,225.42
1/18/2011,321.13,86.07,223.68
1/19/2011,314.06,84.18,218.76
1/20/2011,315.61,84.59,219.84
1/21/2011,318.26,85.3,221.68
1/24/2011,317.98,85.23,221.49
1/25/2011,317.29,85.04,220.98
1/26/2011,316.98,84.95,220.73
1/27/2011,319.79,85.7,222.66
1/28/2011,313.91,84.13,218.56
1/31/2011,316.99,84.95,220.7
2/1/2011,323.89,86.8,225.51
2/2/2011,321.07,86.04,223.5
2/3/2011,321.23,86.08,223.61
2/4/2011,321.11,86.05,223.52
2/7/2011,326.01,87.36,226.93
2/8/2011,328.21,87.95,228.44
2/9/2011,325.82,87.31,226.76
2/10/2011,325.86,87.32,226.76
2/11/2011,330.41,88.53,229.9
2/14/2011,330.63,88.59,230.06
2/15/2011,329.98,88.42,229.61
2/16/2011,331.88,88.93,230.92
2/17/2011,331.54,88.83,230.68
2/18/2011,332.24,89.02,231.16
2/22/2011,321.97,86.27,224.01
2/23/2011,320.65,85.91,223.09
2/24/2011,319.93,85.72,222.58
2/25/2011,324.49,86.94,225.73
2/28/2011,326.02,87.35,226.78
3/1/2011,318.91,85.44,221.83
3/2/2011,316.83,84.88,220.37
3/3/2011,323.62,86.7,225.1
3/4/2011,319.35,85.56,222.13
3/7/2011,317.22,84.99,220.65
3/8/2011,324.35,86.89,225.57
3/9/2011,324.11,86.83,225.38
3/10/2011,317.46,85.05,220.75
3/11/2011,320.1,85.75,222.56
3/14/2011,316.97,84.91,220.37
3/15/2011,313.1,83.87,217.68
3/16/2011,307.19,82.29,213.56
3/17/2011,311.43,83.42,216.49
3/18/2011,314.97,84.37,218.96
3/21/2011,316.97,84.91,220.34
3/22/2011,315.29,84.46,219.17
3/23/2011,314.35,84.21,218.52
3/24/2011,315.9,84.62,219.59
3/25/2011,316.56,84.8,220.06
3/28/2011,315.6,84.54,219.39
3/29/2011,316.64,84.81,220.07
3/30/2011,319.04,85.45,221.69
3/31/2011,317.62,85.07,220.71
4/1/2011,320.19,85.76,222.48
4/4/2011,320.12,85.73,222.32
4/5/2011,319.8,85.64,222.09
4/6/2011,323.51,86.63,224.62
4/7/2011,322.08,86.25,223.63
4/8/2011,319.3,85.5,221.7
4/11/2011,319.13,85.45,221.58
4/12/2011,317.89,85.12,220.72
4/13/2011,315.41,84.46,219
4/14/2011,312.75,83.75,217.13
4/15/2011,312.94,83.8,217.27
4/18/2011,308.69,82.66,214.31
4/19/2011,309.82,82.96,215.1
4/20/2011,310.62,83.17,215.65
4/21/2011,312.37,83.64,216.86
4/25/2011,311.94,83.53,216.56
4/26/2011,313.7,84,217.79
4/27/2011,315.75,84.54,219.18
4/28/2011,318.3,85.23,220.94
4/29/2011,317.65,85.05,220.49
5/2/2011,316.47,84.74,219.67
5/3/2011,317.7,85.06,220.52
5/4/2011,314.85,84.29,218.45
5/5/2011,311.32,83.34,215.97
5/6/2011,312.39,83.63,216.69
5/9/2011,311.81,83.47,216.3
5/10/2011,314.76,84.26,218.34
5/11/2011,310.59,83.14,215.44
5/12/2011,310.34,83.07,215.25
5/13/2011,305.81,81.86,212.08
5/16/2011,305.45,81.76,211.82
5/17/2011,307.65,82.35,213.34
5/18/2011,309.17,82.76,214.39
5/19/2011,309.36,82.81,214.51
5/20/2011,304.82,81.59,211.36
5/23/2011,300.77,80.51,208.55
5/24/2011,300.32,80.39,208.24
5/25/2011,300.47,80.43,208.34
5/26/2011,301.95,80.82,209.35
5/27/2011,304.45,81.48,211.05
5/31/2011,307.41,82.27,213.09
6/1/2011,296.71,79.41,205.67
6/2/2011,297.19,79.54,205.99
6/3/2011,295.19,79,204.6
6/6/2011,289.33,77.43,200.53
6/7/2011,288.76,77.28,200.14
6/8/2011,286.11,76.57,198.26
6/9/2011,289.52,77.48,200.62
6/10/2011,287.48,76.93,199.2
6/13/2011,290.49,77.74,201.27
6/14/2011,291.99,78.14,202.29
6/15/2011,285.59,76.42,197.86
6/16/2011,287.25,76.86,198.99
6/17/2011,289.89,77.57,200.82
6/20/2011,289.69,77.52,200.67
6/21/2011,293.69,78.59,203.44
6/22/2011,291.78,78.07,202.1
6/23/2011,288.95,77.32,200.14
6/24/2011,286.96,76.79,198.77
6/27/2011,290.22,77.66,201.02
6/28/2011,291.5,77.99,201.85
6/29/2011,297.67,79.64,206.08
6/30/2011,298.81,79.94,206.87
7/1/2011,304.15,81.36,210.45
7/5/2011,301.62,80.68,208.69
7/6/2011,299.98,80.24,207.54
7/7/2011,304.72,81.51,210.81
7/8/2011,300.75,80.44,208.06
7/11/2011,292.31,78.19,202.22
7/12/2011,291.49,77.97,201.65
7/13/2011,291.97,78.1,201.98
7/14/2011,289.74,77.5,200.42
7/15/2011,289.03,77.31,199.93
7/18/2011,285.05,76.24,197.17
7/19/2011,288.92,77.28,199.85
7/20/2011,292.02,78.11,202
7/21/2011,299.25,80.04,207
7/22/2011,298.45,79.83,206.45
7/25/2011,295.94,79.16,204.71
7/26/2011,295.44,79.02,204.36
7/27/2011,288.61,77.19,199.6
7/28/2011,288.75,77.23,199.69
7/29/2011,288.02,77.03,199.18
8/1/2011,287.07,76.78,198.52
8/2/2011,279.1,74.65,193.02
8/3/2011,280.68,75.06,194.03
8/4/2011,266.18,71.18,183.98
8/5/2011,261.59,69.95,180.79
8/8/2011,235.49,62.97,162.74
8/9/2011,254.82,68.14,176.1
8/10/2011,236.72,63.3,163.58
8/11/2011,251.55,67.26,173.83
8/12/2011,248.55,66.46,171.75
8/15/2011,256.66,68.62,177.31
8/16/2011,251.73,67.3,173.9
8/17/2011,253.25,67.71,174.95
8/18/2011,240.56,64.32,166.18
8/19/2011,236.02,63.1,163.04
8/22/2011,233.02,62.3,160.97
8/23/2011,240.59,64.32,166.19
8/24/2011,247.38,66.14,170.89
8/25/2011,246.26,65.84,170.11
8/26/2011,248.75,66.5,171.82
8/29/2011,259.13,69.28,178.99
8/30/2011,257.3,68.79,177.67
8/31/2011,260.48,69.63,179.83
9/1/2011,254.29,67.97,175.56
9/2/2011,244.11,65.25,168.53
9/6/2011,239.79,64.1,165.55
9/7/2011,251.38,67.19,173.51
9/8/2011,245.65,65.66,169.56
9/9/2011,237.92,63.6,164.21
9/12/2011,240.87,64.38,166.22
9/13/2011,242.41,64.79,167.27
9/14/2011,245.39,65.59,169.32
9/15/2011,251.7,67.27,173.66
9/16/2011,252.22,67.41,174
9/19/2011,245.31,65.56,169.23
9/20/2011,244.7,65.4,168.81
9/21/2011,232.64,62.17,160.47
9/22/2011,225.68,60.31,155.68
9/23/2011,228.3,61.01,157.48
9/26/2011,238.36,63.7,164.43
9/27/2011,239.34,63.96,165.1
9/28/2011,232.49,62.12,160.3
9/29/2011,239.1,63.89,164.85
9/30/2011,230.7,61.64,159.05
10/3/2011,220.26,58.85,151.85
10/4/2011,229.47,61.3,158.08
10/5/2011,232.26,62.04,159.98
10/6/2011,239.78,64.05,165.14
10/7/2011,230.98,61.7,159.08
10/10/2011,242.85,64.87,167.26
10/11/2011,242.69,64.83,167.15
10/12/2011,249.19,66.56,171.61
10/13/2011,243.26,64.98,167.53
10/14/2011,246.7,65.9,169.9
10/17/2011,238.49,63.7,164.22
10/18/2011,250.34,66.87,172.38
10/19/2011,246.06,65.72,169.43
10/20/2011,250.49,66.91,172.49
10/21/2011,256.42,68.49,176.57
10/24/2011,262.01,69.99,180.42
10/25/2011,253.95,67.83,174.87
10/26/2011,258.9,69.16,178.28
10/27/2011,274.91,73.43,189.27
10/28/2011,274.33,73.27,188.86
10/31/2011,263.75,70.44,181.58
11/1/2011,251.32,67.12,173.02
11/2/2011,258.5,69.03,177.88
11/3/2011,263.35,70.33,181.19
11/4/2011,259.68,69.34,178.65
11/7/2011,260.96,69.68,179.44
11/8/2011,266.05,71.03,182.9
11/9/2011,251.59,67.17,172.95
11/10/2011,253.01,67.54,173.91
11/11/2011,258.63,69.04,177.77
11/14/2011,253.44,67.65,174.16
11/15/2011,254.5,67.94,174.89
11/16/2011,248.18,66.25,170.54
11/17/2011,243,64.87,166.97
11/18/2011,244.42,65.24,167.87
11/21/2011,238.25,63.59,163.63
11/22/2011,236.05,63,162.12
11/23/2011,229.24,61.18,157.44
11/25/2011,230.26,61.45,158.13
11/28/2011,237.06,63.27,162.79
11/29/2011,235.7,62.9,161.82
11/30/2011,251.22,67.04,172.46
12/1/2011,248.85,66.41,170.82
12/2/2011,252.23,67.31,173.14
12/5/2011,257.55,68.73,176.79
12/6/2011,257.34,68.67,176.64
12/7/2011,260.42,69.49,178.73
12/8/2011,250.76,66.91,172.1
12/9/2011,256.49,68.44,176.04
12/12/2011,249.9,66.68,171.49
12/13/2011,246.27,65.71,168.96
12/14/2011,245.53,65.51,168.45
12/15/2011,245.61,65.53,168.45
12/16/2011,246.87,65.86,169.32
12/19/2011,241.13,64.33,165.37
12/20/2011,250.37,66.79,171.7
12/21/2011,251.83,67.18,172.7
12/22/2011,257.01,68.56,176.24
12/23/2011,258.91,69.07,177.55
12/27/2011,257.16,68.6,176.34
12/28/2011,253.15,67.53,173.53
12/29/2011,257.24,68.62,176.33
12/30/2011,255.66,68.19,175.23
1/3/2012,262.7,70.07,180.06
1/4/2012,261.54,69.75,179.12
1/5/2012,265.17,70.71,181.61
1/6/2012,263.67,70.31,180.58
1/9/2012,265,70.67,181.49
1/10/2012,270.24,72.06,185.06
1/11/2012,272.89,72.77,186.88
1/12/2012,274.08,73.08,187.67
1/13/2012,271.88,72.5,186.16
1/17/2012,269.76,71.93,184.71
1/18/2012,274.26,73.13,187.79
1/19/2012,276.64,73.77,189.42
1/20/2012,278.55,74.28,190.73
1/23/2012,279.32,74.48,191.26
1/24/2012,278.8,74.34,190.88
1/25/2012,279.49,74.52,191.34
1/26/2012,277.05,73.87,189.62
1/27/2012,278.06,74.14,190.31
1/30/2012,275.29,73.4,188.4
1/31/2012,276.44,73.7,189.19
2/1/2012,281.1,74.94,192.31
2/2/2012,282.43,75.29,193.19
2/3/2012,290.01,77.31,198.36
2/6/2012,288.62,76.94,197.41
2/7/2012,288.37,76.87,197.23
2/8/2012,290.62,77.47,198.75
2/9/2012,289.49,77.17,197.98
2/10/2012,286.59,76.39,196
2/13/2012,289.39,77.13,197.86
2/14/2012,286.33,76.32,195.77
2/15/2012,284.67,75.88,194.63
2/16/2012,289.23,77.09,197.74
2/17/2012,291.09,77.59,199.01
2/21/2012,290.76,77.5,198.78
2/22/2012,287.06,76.51,196.25
2/23/2012,289.82,77.25,198.14
2/24/2012,288.54,76.9,197.26
2/27/2012,291.03,77.57,198.96
2/28/2012,291.54,77.7,199.27
2/29/2012,290.21,77.34,198.35
3/1/2012,293.85,78.31,200.81
3/2/2012,292.59,77.97,199.94
3/5/2012,291.36,77.64,199.09
3/6/2012,284.19,75.73,194.19
3/7/2012,288.03,76.75,196.72
3/8/2012,290.89,77.51,198.66
3/9/2012,293.18,78.12,200.22
3/12/2012,292.3,77.88,199.6
3/13/2012,303.78,80.94,207.42
3/14/2012,303.86,80.96,207.46
3/15/2012,309.56,82.47,211.35
3/16/2012,310.46,82.71,211.96
3/19/2012,312.33,83.21,213.23
3/20/2012,313.47,83.51,214.01
3/21/2012,312.12,83.16,213.08
3/22/2012,307.93,82.03,210.15
3/23/2012,310.61,82.74,211.99
3/26/2012,315.56,84.06,215.37
3/27/2012,312.47,83.24,213.26
3/28/2012,313.71,83.56,214
3/29/2012,310.37,82.67,211.71
3/30/2012,312.02,83.11,212.84
4/2/2012,314.48,83.76,214.51
4/3/2012,312.64,83.25,213.1
4/4/2012,307.58,81.9,209.63
4/5/2012,306.94,81.73,209.18
4/9/2012,302.02,80.42,205.81
4/10/2012,295.59,78.71,201.43
4/11/2012,300.27,79.96,204.63
4/12/2012,306.16,81.52,208.64
4/13/2012,298.49,79.48,203.38
4/16/2012,301.19,80.2,205.23
4/17/2012,305.41,81.32,208.1
4/18/2012,302.86,80.64,206.37
4/19/2012,301.52,80.28,205.45
4/20/2012,299.97,79.87,204.4
4/23/2012,297.67,79.26,202.83
4/24/2012,301.06,80.16,205.14
4/25/2012,303.9,80.92,207.07
4/26/2012,306.47,81.6,208.79
4/27/2012,306.4,81.58,208.73
4/30/2012,304.63,81.11,207.53
5/1/2012,308.11,82.03,209.9
5/2/2012,305.36,81.29,207.89
5/3/2012,302.81,80.6,206.12
5/4/2012,297.87,79.29,202.74
5/7/2012,299.91,79.83,204.13
5/8/2012,297.85,79.28,202.72
5/9/2012,294.45,78.37,200.39
5/10/2012,296.1,78.81,201.5
5/11/2012,292.57,77.87,199.1
5/14/2012,286.5,76.25,194.95
5/15/2012,284.94,75.84,193.86
5/16/2012,280.85,74.74,191.05
5/17/2012,274.94,73.17,187.03
5/18/2012,272.11,72.42,185.1
5/21/2012,274.77,73.12,186.91
5/22/2012,276.68,73.63,188.21
5/23/2012,277.77,73.92,188.96
5/24/2012,278.05,74,189.14
5/25/2012,277,73.72,188.42
5/29/2012,280.91,74.76,191.06
5/30/2012,274.78,73.12,186.84
5/31/2012,276.78,73.65,188.19
6/1/2012,266.52,70.92,181.21
6/4/2012,263.96,70.24,179.47
6/5/2012,268.39,71.41,182.46
6/6/2012,276.44,73.55,187.87
6/7/2012,275.81,73.38,187.43
6/8/2012,279.22,74.29,189.75
6/11/2012,273.9,72.87,186.11
6/12/2012,278.46,74.08,189.2
6/13/2012,277.19,73.74,188.32
6/14/2012,280.69,74.67,190.69
6/15/2012,284.6,75.71,193.35
6/18/2012,282.98,75.28,192.24
6/19/2012,287.84,76.57,195.54
6/20/2012,288.48,76.74,195.95
6/21/2012,281.86,74.98,191.46
6/22/2012,284.41,75.66,193.19
6/25/2012,278.52,74.09,189.19
6/26/2012,280.11,74.51,190.27
6/27/2012,283.66,75.45,192.61
6/28/2012,283.27,75.34,192.32
6/29/2012,290.72,77.32,197.37
7/2/2012,292.31,77.75,198.44
7/3/2012,293.85,78.13,199.31
7/5/2012,289.5,76.98,196.37
7/6/2012,287.37,76.41,194.92
7/9/2012,286.85,76.27,194.55
7/10/2012,284.74,75.71,193.12
7/11/2012,287.08,76.33,194.71
7/12/2012,284.18,75.56,192.74
7/13/2012,292.08,77.66,198.07
7/16/2012,291.17,77.42,197.46
7/17/2012,293.4,78.01,198.97
7/18/2012,291.72,77.56,197.83
7/19/2012,289.65,77.01,196.43
7/20/2012,285.22,75.84,193.42
7/23/2012,283.03,75.25,191.94
7/24/2012,282.11,75.01,191.31
7/25/2012,283.08,75.27,191.97
7/26/2012,287.58,76.46,195
7/27/2012,293.34,77.99,198.88
7/30/2012,292.33,77.72,198.19
7/31/2012,291.23,77.43,197.44
8/1/2012,289.95,77.09,196.56
8/2/2012,287.39,76.4,194.8
8/3/2012,294.77,78.36,199.79
8/6/2012,295.23,78.48,200.09
8/7/2012,296.83,78.91,201.17
8/8/2012,296.74,78.87,200.96
8/9/2012,296.54,78.81,200.83
8/10/2012,296.74,78.87,200.96
8/13/2012,296.77,78.87,200.96
8/14/2012,296.6,78.83,200.84
8/15/2012,297.61,79.09,201.49
8/16/2012,299.61,79.62,202.84
8/17/2012,300.47,79.85,203.42
8/20/2012,301.31,80.07,203.98
8/21/2012,302.04,80.27,204.47
8/22/2012,301.59,80.15,204.17
8/23/2012,298.64,79.36,202.17
8/24/2012,300.5,79.86,203.42
8/27/2012,300.28,79.8,203.27
8/28/2012,299.85,79.68,202.95
8/29/2012,300.5,79.85,203.37
8/30/2012,298.88,79.41,202.24
8/31/2012,300.59,79.87,203.39
9/4/2012,300.92,79.96,203.61
9/5/2012,300.89,79.95,203.56
9/6/2012,308.24,81.9,208.5
9/7/2012,311.56,82.77,210.72
9/10/2012,308.78,82.03,208.83
9/11/2012,311.35,82.72,210.56
9/12/2012,312.84,83.11,211.53
9/13/2012,320.91,85.25,216.98
9/14/2012,323.57,85.96,218.78
9/17/2012,320.15,85.05,216.46
9/18/2012,318.72,84.67,215.49
9/19/2012,318.5,84.61,215.33
9/20/2012,316.7,84.13,214.11
9/21/2012,315.79,83.89,213.49
9/24/2012,315.78,83.88,213.48
9/25/2012,310.95,82.6,210.22
9/26/2012,308.85,82.03,208.7
9/27/2012,312.1,82.89,210.87
9/28/2012,310.92,82.58,210.07
10/1/2012,312.38,82.96,211.05
10/2/2012,313.16,83.17,211.57
10/3/2012,315.83,83.86,213.21
10/4/2012,320.49,85.1,216.35
10/5/2012,320.6,85.13,216.43
10/8/2012,320.2,85.02,216.16
10/9/2012,317.73,84.36,214.48
10/10/2012,317.96,84.42,214.63
10/11/2012,319.61,84.86,215.75
10/12/2012,315.25,83.7,212.78
10/15/2012,319.04,84.71,215.34
10/16/2012,321.14,85.27,216.75
10/17/2012,325.03,86.3,219.38
10/18/2012,325.57,86.44,219.75
10/19/2012,321.4,85.33,216.93
10/22/2012,321.32,85.31,216.88
10/23/2012,316.07,83.92,213.33
10/24/2012,316.08,83.92,213.34
10/25/2012,316.87,84.13,213.85
10/26/2012,314.99,83.63,212.58
10/31/2012,316.94,84.14,213.88
11/1/2012,321.15,85.26,216.68
11/2/2012,318.96,84.68,215.18
11/5/2012,318.49,84.55,214.87
11/6/2012,322.35,85.57,217.46
11/7/2012,311.35,82.62,209.8
11/8/2012,308.72,81.93,208.02
11/9/2012,309.45,82.12,208.5
11/12/2012,309.59,82.16,208.59
11/13/2012,307.51,81.6,207.19
11/14/2012,302.04,80.15,203.46
11/15/2012,302.9,80.37,204.03
11/16/2012,304.88,80.89,205.28
11/19/2012,310.6,82.41,209.13
11/20/2012,312.22,82.84,210.22
11/21/2012,312.39,82.88,210.33
11/23/2012,316.24,83.9,212.92
11/26/2012,314.84,83.53,211.97
11/27/2012,311.9,82.75,209.99
11/28/2012,313.44,83.15,210.99
11/29/2012,314.91,83.54,211.95
11/30/2012,314.39,83.4,211.6
12/3/2012,313.24,83.1,210.82
12/4/2012,312.31,82.85,210.19
12/5/2012,316.34,83.92,212.88
12/6/2012,317.33,84.17,213.5
12/7/2012,319.8,84.83,215.17
12/10/2012,318.89,84.59,214.54
12/11/2012,320.4,84.99,215.55
12/12/2012,322.1,85.43,216.66
12/13/2012,320.21,84.92,215.28
12/14/2012,319.31,84.68,214.67
12/17/2012,326.03,86.46,219.18
12/18/2012,330.77,87.72,222.37
12/19/2012,328.55,87.13,220.84
12/20/2012,333.14,88.34,223.92
12/21/2012,329.32,87.33,221.36
12/24/2012,328.97,87.24,221.12
12/26/2012,328.49,87.11,220.79
12/27/2012,327.45,86.82,220.01
12/28/2012,324.81,86.12,218.22
12/31/2012,329.32,87.32,221.24
1/2/2013,339.05,89.88,227.61
1/3/2013,338.48,89.72,227.23
1/4/2013,342.74,90.85,230.09
1/7/2013,341.62,90.56,229.34
1/8/2013,340.74,90.32,228.74
1/9/2013,340.07,90.15,228.29
1/10/2013,344.76,91.39,231.44
1/11/2013,343.62,91.08,230.65
1/14/2013,342.74,90.85,230.06
1/15/2013,344.09,91.21,230.97
1/16/2013,344.51,91.32,231.25
1/17/2013,344.15,91.22,231.01
1/18/2013,344.66,91.36,231.35
1/22/2013,347.76,92.18,233.43
1/23/2013,347.66,92.15,233.34
1/24/2013,349.35,92.6,234.44
1/25/2013,351,93.03,235.54
1/28/2013,349.43,92.62,234.49
1/29/2013,350.92,93.01,235.48
1/30/2013,349.57,92.63,234.43
1/31/2013,349,92.48,234.02
2/1/2013,353.9,93.78,237.28
2/4/2013,349.35,92.57,234.2
2/5/2013,353.33,93.62,236.87
2/6/2013,353.94,93.78,237.26
2/7/2013,352.58,93.42,236.33
2/8/2013,353.85,93.75,237.18
2/11/2013,355.14,94.1,238.04
2/12/2013,357.88,94.82,239.84
2/13/2013,357.1,94.61,239.29
2/14/2013,358.21,94.9,240.03
2/15/2013,357.07,94.6,239.26
2/19/2013,360.14,95.41,241.31
2/20/2013,354.99,94.05,237.86
2/21/2013,351.88,93.22,235.77
2/22/2013,356.25,94.38,238.67
2/25/2013,346.68,91.84,232.26
2/26/2013,348.41,92.3,233.38
2/27/2013,354.1,93.8,237.16
2/28/2013,353.38,93.61,236.67
3/1/2013,354.48,93.9,237.4
3/4/2013,357.49,94.7,239.42
3/5/2013,360.52,95.5,241.42
3/6/2013,363.04,96.15,243.04
3/7/2013,365.44,96.79,244.64
3/8/2013,366.68,97.12,245.46
3/11/2013,369.49,97.86,247.31
3/12/2013,367.19,97.25,245.75
3/13/2013,368.5,97.59,246.61
3/14/2013,370.74,98.18,248.1
3/15/2013,371.74,98.45,248.77
3/18/2013,368.21,97.51,246.4
3/19/2013,366.26,97,245.1
3/20/2013,368.42,97.57,246.53
3/21/2013,364.42,96.51,243.85
3/22/2013,366.33,97.01,245.13
3/25/2013,365.26,96.73,244.42
3/26/2013,367.74,97.37,245.97
3/27/2013,366.07,96.93,244.84
3/28/2013,366.93,97.16,245.41
4/1/2013,365.18,96.69,244.23
4/2/2013,367.48,97.3,245.77
4/3/2013,361.3,95.65,241.49
4/4/2013,364.57,96.51,243.67
4/5/2013,363.49,96.23,242.95
4/8/2013,367.29,97.23,245.47
4/9/2013,368.75,97.62,246.44
4/10/2013,373.16,98.78,249.38
4/11/2013,374.24,99.07,250.11
4/12/2013,372.68,98.66,249.04
4/15/2013,364.42,96.47,243.52
4/16/2013,370.29,98.02,247.45
4/17/2013,363.22,96.15,242.72
4/18/2013,359.47,95.16,240.21
4/19/2013,364.55,96.5,243.61
4/22/2013,364.89,96.59,243.83
4/23/2013,371.46,98.33,248.23
4/24/2013,374,99,249.92
4/25/2013,375.92,99.51,251.18
4/26/2013,374.31,99.08,250.1
4/29/2013,375.98,99.52,251.21
4/30/2013,377.17,99.84,252
5/1/2013,373.09,98.76,249.27
5/2/2013,376.19,99.57,251.3
5/3/2013,380.13,100.61,253.91
5/6/2013,384.06,101.65,256.54
5/7/2013,386.29,102.24,257.98
5/8/2013,389.26,103,259.77
5/9/2013,386.28,102.21,257.75
5/10/2013,388.08,102.69,258.95
5/13/2013,389.43,103.04,259.85
5/14/2013,396.07,104.8,264.28
5/15/2013,399.91,105.81,266.78
5/16/2013,397.04,105.05,264.86
5/17/2013,402.45,106.48,268.47
5/20/2013,403.22,106.68,268.96
5/21/2013,404.25,106.95,269.65
5/22/2013,400,105.83,266.81
5/23/2013,397.42,105.14,265.08
5/24/2013,397.97,105.29,265.42
5/28/2013,402.03,106.36,268.11
5/29/2013,402.17,106.39,268.18
5/30/2013,406.51,107.54,271.05
5/31/2013,400.14,105.85,266.8
6/3/2013,400.77,106.02,267.2
6/4/2013,397.15,105.06,264.79
6/5/2013,390.46,103.29,260.3
6/6/2013,396.14,104.78,264.03
6/7/2013,402.82,106.55,268.46
6/10/2013,403.15,106.63,268.67
6/11/2013,396.15,104.78,263.99
6/12/2013,392.4,103.78,261.47
6/13/2013,399.5,105.66,266.18
6/14/2013,394.5,104.34,262.85
6/17/2013,398.26,105.33,265.35
6/18/2013,400.74,105.99,267
6/19/2013,395.15,104.51,263.27
6/20/2013,386.67,102.26,257.59
6/21/2013,387.22,102.41,257.96
6/24/2013,380.23,100.56,253.31
6/25/2013,387.39,102.45,258.07
6/26/2013,391.24,103.46,260.55
6/27/2013,396.23,104.78,263.86
6/28/2013,393.54,104.07,262.06
7/1/2013,395.46,104.57,263.33
7/2/2013,395.88,104.66,263.43
7/3/2013,394.52,104.3,262.53
7/5/2013,401.47,106.14,267.15
7/8/2013,404.52,106.95,269.18
7/9/2013,407.93,107.85,271.43
7/10/2013,405.38,107.17,269.73
7/11/2013,409.13,108.16,272.2
7/12/2013,412.39,109.02,274.37
7/15/2013,413.95,109.43,275.41
7/16/2013,412.31,109,274.32
7/17/2013,414.2,109.5,275.58
7/18/2013,419.76,110.97,279.27
7/19/2013,419.83,110.99,279.31
7/22/2013,422.72,111.75,281.22
7/23/2013,421.65,111.47,280.52
7/24/2013,418.09,110.53,278.15
7/25/2013,418.51,110.63,278.4
7/26/2013,418.02,110.5,278.07
7/29/2013,414.9,109.68,275.99
7/30/2013,414.53,109.58,275.74
7/31/2013,414.77,109.64,275.89
8/1/2013,421.79,111.49,280.5
8/2/2013,421.72,111.47,280.43
8/5/2013,420.74,111.21,279.78
8/6/2013,417.15,110.26,277.38
8/7/2013,414.13,109.44,275.15
8/8/2013,415.14,109.7,275.81
8/9/2013,413.99,109.4,275.04
8/12/2013,412.08,108.89,273.78
8/13/2013,413.84,109.36,274.95
8/14/2013,412.4,108.97,273.94
8/15/2013,406.41,107.39,269.96
8/16/2013,405.73,107.21,269.49
8/19/2013,400.37,105.79,265.9
8/20/2013,403.92,106.73,268.26
8/21/2013,401.38,106.06,266.57
8/22/2013,405.87,107.24,269.55
8/23/2013,406.26,107.34,269.78
8/26/2013,403.92,106.72,268.22
8/27/2013,394.11,104.13,261.71
8/28/2013,394.66,104.27,262.02
8/29/2013,395.83,104.57,262.76
8/30/2013,393.94,104.07,261.5
9/3/2013,397.27,104.95,263.7
9/4/2013,400.32,105.75,265.7
9/5/2013,401.21,105.99,266.29
9/6/2013,401.13,105.97,266.2
9/9/2013,405.71,107.17,269.24
9/10/2013,410.54,108.45,272.43
9/11/2013,411.19,108.61,272.79
9/12/2013,408.25,107.83,270.82
9/13/2013,409.02,108.04,271.33
9/16/2013,413.53,109.23,274.31
9/17/2013,415.39,109.72,275.54
9/18/2013,419.51,110.8,278.27
9/19/2013,417.56,110.29,276.95
9/20/2013,415.61,109.77,275.65
9/23/2013,409.57,108.18,271.64
9/24/2013,406.92,107.48,269.89
9/25/2013,409.08,108.05,271.32
9/26/2013,409.42,108.12,271.43
9/27/2013,407.83,107.7,270.36
9/30/2013,404.83,106.91,268.37
10/1/2013,407.76,107.68,270.3
10/2/2013,407.68,107.64,270.07
10/3/2013,404.42,106.78,267.91
10/4/2013,407.97,107.71,270.26
10/7/2013,403.08,106.42,267.02
10/8/2013,397.82,105.03,263.53
10/9/2013,399.2,105.4,264.43
10/10/2013,410.9,108.48,272.16
10/11/2013,413.28,109.11,273.73
10/14/2013,415.12,109.6,274.95
10/15/2013,411.98,108.77,272.87
10/16/2013,420.85,111.11,278.75
10/17/2013,424.59,112.1,281.23
10/18/2013,425.64,112.37,281.92
10/21/2013,424.85,112.16,281.39
10/22/2013,425.5,112.34,281.83
10/23/2013,421.9,111.39,279.44
10/24/2013,422.42,111.52,279.77
10/25/2013,424.2,111.99,280.94
10/28/2013,423.31,111.76,280.35
10/29/2013,424.67,112.12,281.25
10/30/2013,422.8,111.62,279.98
10/31/2013,418.07,110.36,276.82
11/1/2013,419.16,110.65,277.54
11/4/2013,419.54,110.75,277.79
11/5/2013,417.63,110.25,276.51
11/6/2013,419.35,110.67,277.42
11/7/2013,414.65,109.43,274.25
11/8/2013,424.12,111.92,280.51
11/11/2013,424.52,112.03,280.78
11/12/2013,420.59,110.99,278.17
11/13/2013,424.12,111.92,280.46
11/14/2013,427.72,112.87,282.83
11/15/2013,429.87,113.43,284.25
11/18/2013,429.66,113.38,284.08
11/19/2013,430.43,113.58,284.59
11/20/2013,428.9,113.18,283.58
11/21/2013,435.13,114.82,287.7
11/22/2013,437.22,115.37,289.05
11/25/2013,437.61,115.47,289.3
11/26/2013,437.35,115.4,289.11
11/27/2013,438.86,115.79,290.07
11/29/2013,437.18,115.34,288.92
12/2/2013,436.26,115.1,288.32
12/3/2013,432.27,114.05,285.67
12/4/2013,433.29,114.31,286.31
12/5/2013,429.36,113.28,283.71
12/6/2013,435.42,114.87,287.68
12/9/2013,437.04,115.3,288.74
12/10/2013,435.64,114.93,287.82
12/11/2013,429.42,113.28,283.66
12/12/2013,429.47,113.29,283.64
12/13/2013,430.03,113.44,284.01
12/16/2013,432.42,114.06,285.57
12/17/2013,429.87,113.39,283.88
12/18/2013,439.98,116.05,290.54
12/19/2013,439.32,115.88,290.11
12/20/2013,441.34,116.41,291.44
12/23/2013,443.93,117.1,293.15
12/24/2013,444.9,117.34,293.68
12/26/2013,445.62,117.53,294.15
12/27/2013,445.41,117.46,293.91
12/30/2013,444.87,117.32,293.54
12/31/2013,446.66,117.79,294.71
1/2/2014,444.46,117.19,293.1
1/3/2014,447.32,117.94,294.99
1/6/2014,447.97,118.11,295.42
1/7/2014,448.16,118.17,295.54
1/8/2014,449.71,118.57,296.53
1/9/2014,451.2,118.96,297.52
1/10/2014,450.6,118.8,297.12
1/13/2014,443.99,117.06,292.71
1/14/2014,447.46,117.97,295.01
1/15/2014,452.79,119.37,298.51
1/16/2014,449.99,118.64,296.67
1/17/2014,448.4,118.22,295.62
1/21/2014,448.75,118.31,295.86
1/22/2014,449.22,118.43,296.16
1/23/2014,441.72,116.46,291.2
1/24/2014,431.6,113.79,284.53
1/27/2014,428.97,113.09,282.75
1/28/2014,434.36,114.51,286.3
1/29/2014,429.81,113.31,283.27
1/30/2014,435.49,114.8,287.01
1/31/2014,430.51,113.49,283.73
2/3/2014,419.84,110.68,276.7
2/4/2014,423.9,111.74,279.33
2/5/2014,423.61,111.64,278.96
2/6/2014,430,113.32,283.1
2/7/2014,435.43,114.75,286.68
2/10/2014,435.97,114.89,287.03
2/11/2014,440.25,116.02,289.85
2/12/2014,440.17,115.99,289.69
2/13/2014,441.83,116.42,290.78
2/14/2014,442.48,116.6,291.21
2/18/2014,443.23,116.79,291.69
2/19/2014,437.51,115.28,287.92
2/20/2014,438.6,115.57,288.63
2/21/2014,438.78,115.62,288.72
2/24/2014,442.46,116.58,291.13
2/25/2014,439.72,115.86,289.33
2/26/2014,439.23,115.73,288.96
2/27/2014,441.68,116.37,290.55
2/28/2014,444.01,116.98,292.07
3/3/2014,440.12,115.96,289.51
3/4/2014,448.89,118.27,295.28
3/5/2014,452.16,119.12,297.36
3/6/2014,455.31,119.94,299.38
3/7/2014,457.61,120.55,300.87
3/10/2014,457.82,120.6,300.99
3/11/2014,454.47,119.72,298.79
3/12/2014,454.02,119.59,298.43
3/13/2014,448.78,118.21,294.97
3/14/2014,446.25,117.54,293.31
3/17/2014,450.9,118.77,296.36
3/18/2014,453.1,119.35,297.79
3/19/2014,452.43,119.17,297.35
3/20/2014,459.92,121.14,302.25
3/21/2014,459.98,121.16,302.29
3/24/2014,458.95,120.88,301.61
3/25/2014,458.98,120.89,301.64
3/26/2014,454.69,119.76,298.79
3/27/2014,452.21,119.1,297.06
3/28/2014,454.01,119.57,298.23
3/31/2014,458.32,120.7,301.06
4/1/2014,460.1,121.17,302.22
4/2/2014,460.93,121.37,302.58
4/3/2014,460.41,121.23,302.25
4/4/2014,455.11,119.83,298.76
4/7/2014,448.34,118.05,294.32
4/8/2014,448.96,118.21,294.69
4/9/2014,452.81,119.23,297.22
4/10/2014,442.14,116.42,290.22
4/11/2014,437.04,115.07,286.83
4/14/2014,440.5,115.98,289.1
4/15/2014,444.41,117.01,291.67
4/16/2014,448.24,118.02,294.18
4/17/2014,448.62,118.12,294.43
4/21/2014,448.45,118.07,294.32
4/22/2014,451.55,118.89,296.36
4/23/2014,452.67,119.18,297.07
4/24/2014,452.29,119.08,296.82
4/25/2014,448.48,118.08,294.32
4/28/2014,446.01,117.42,292.68
4/29/2014,450.25,118.54,295.45
4/30/2014,451.28,118.81,296.13
5/1/2014,451.58,118.89,296.32
5/2/2014,451.58,118.89,296.32
5/5/2014,449.68,118.39,295.07
5/6/2014,443.42,116.74,290.95
5/7/2014,449.49,118.3,294.67
5/8/2014,450.72,118.62,295.38
5/9/2014,450.26,118.5,295.08
5/12/2014,454.93,119.73,298.14
5/13/2014,454.39,119.58,297.79
5/14/2014,451,118.68,295.48
5/15/2014,446.03,117.37,292.22
5/16/2014,446.56,117.51,292.56
5/19/2014,449.07,118.17,294.19
5/20/2014,446.04,117.37,292.2
5/21/2014,449.49,118.28,294.47
5/22/2014,451.2,118.73,295.55
5/23/2014,452.32,119.02,296.27
5/27/2014,456.75,120.19,299.18
5/28/2014,455.71,119.9,298.44
5/29/2014,456.79,120.19,299.13
5/30/2014,457.78,120.45,299.78
6/2/2014,459.02,120.77,300.59
6/3/2014,459.48,120.9,300.89
6/4/2014,461.01,121.29,301.85
6/5/2014,465.33,122.43,304.65
6/6/2014,468.58,123.27,306.72
6/9/2014,470.29,123.72,307.82
6/10/2014,470.09,123.67,307.69
6/11/2014,467,122.85,305.61
6/12/2014,464.33,122.14,303.85
6/13/2014,464.4,122.16,303.88
6/16/2014,462.41,121.64,302.57
6/17/2014,466.73,122.77,305.4
6/18/2014,469.79,123.58,307.38
6/19/2014,469.09,123.39,306.91
6/20/2014,470.62,123.79,307.9
6/23/2014,471.89,124.13,308.73
6/24/2014,468.57,123.25,306.56
6/25/2014,469.1,123.39,306.89
6/26/2014,467.7,123.01,305.87
6/27/2014,468.82,123.3,306.58
6/30/2014,468.87,123.31,306.61
7/1/2014,471.79,124.06,308.35
7/2/2014,471.67,124.03,308.27
7/3/2014,475.29,124.98,310.64
7/7/2014,472.9,124.35,309.07
7/8/2014,468.85,123.29,306.42
7/9/2014,470.14,123.62,307.22
7/10/2014,467.21,122.85,305.31
7/11/2014,467.86,123.02,305.7
7/14/2014,470.7,123.77,307.55
7/15/2014,473.8,124.58,309.58
7/16/2014,473.26,124.44,309.22
7/17/2014,467.33,122.88,305.35
7/18/2014,472.35,124.2,308.63
7/21/2014,471.28,123.91,307.91
7/22/2014,472.86,124.33,308.94
7/23/2014,473.73,124.56,309.51
7/24/2014,474.95,124.88,310.3
7/25/2014,472.31,124.18,308.55
7/28/2014,472.53,124.24,308.7
7/29/2014,469.67,123.48,306.81
7/30/2014,471.74,124.03,308.15
7/31/2014,462.1,121.49,301.85
8/1/2014,458.05,120.43,299.21
8/4/2014,461.71,121.39,301.6
8/5/2014,457.16,120.19,298.61
8/6/2014,459.22,120.7,299.7
8/7/2014,456.93,120.09,298.11
8/8/2014,461.38,121.26,301.01
8/11/2014,462.07,121.44,301.46
8/12/2014,462.68,121.6,301.86
8/13/2014,465.24,122.27,303.47
8/14/2014,467.76,122.93,305.12
8/15/2014,465.8,122.41,303.84
8/18/2014,470.87,123.74,307.11
8/19/2014,471.58,123.93,307.57
8/20/2014,472.99,124.3,308.48
8/21/2014,478.27,125.69,311.92
8/22/2014,476.64,125.25,310.83
8/25/2014,480.58,126.29,313.39
8/26/2014,481.85,126.62,314.22
8/27/2014,481.18,126.44,313.72
8/28/2014,479.19,125.91,312.37
8/29/2014,481.69,126.56,313.99
9/2/2014,483.43,127.02,315.13
9/3/2014,482.92,126.88,314.74
9/4/2014,483.04,126.91,314.8
9/5/2014,483.9,127.14,315.37
9/8/2014,483.92,127.14,315.34
9/9/2014,479.13,125.88,312.2
9/10/2014,481.2,126.42,313.51
9/11/2014,482.78,126.83,314.49
9/12/2014,482.2,126.67,314.1
9/15/2014,482.35,126.71,314.19
9/16/2014,484.08,127.16,315.32
9/17/2014,486.29,127.74,316.71
9/18/2014,491.43,129.09,320.04
9/19/2014,489.69,128.63,318.89
9/22/2014,486.3,127.74,316.69
9/23/2014,482.97,126.86,314.52
9/24/2014,485.83,127.62,316.38
9/25/2014,477.84,125.51,311.17
9/26/2014,482.48,126.72,314.06
9/29/2014,480.63,126.23,312.83
9/30/2014,479.79,126.01,312.29
10/1/2014,474.22,124.54,308.62
10/2/2014,475.31,124.81,309.17
10/3/2014,482.2,126.62,313.66
10/6/2014,481.47,126.43,313.18
10/7/2014,472.65,124.11,307.44
10/8/2014,481.24,126.36,313.01
10/9/2014,471.33,123.76,306.56
10/10/2014,467.55,122.76,304.06
10/13/2014,463.43,121.68,301.38
10/14/2014,465.64,122.26,302.82
10/15/2014,456.36,119.83,296.79
10/16/2014,456.31,119.81,296.76
10/17/2014,462.26,121.37,300.62
10/20/2014,465.06,122.11,302.44
10/21/2014,473.76,124.39,308.1
10/22/2014,469.54,123.28,305.36
10/23/2014,474.12,124.49,308.34
10/24/2014,478.44,125.62,311.13
10/27/2014,479.11,125.8,311.56
10/28/2014,484.54,127.22,315.09
10/29/2014,485.54,127.48,315.7
10/30/2014,487.96,128.11,317.26
10/31/2014,494.02,129.7,321.2
11/3/2014,495.57,130.11,322.21
11/4/2014,496.07,130.24,322.52
11/5/2014,499.56,131.13,324.54
11/6/2014,500.08,131.25,324.78
11/7/2014,500.36,131.32,324.95
11/10/2014,502.86,131.98,326.57
11/11/2014,501.71,131.68,325.83
11/12/2014,500.54,131.36,325.01
11/13/2014,500.29,131.3,324.85
11/14/2014,498.55,130.84,323.7
11/17/2014,498.68,130.87,323.77
11/18/2014,499.91,131.19,324.56
11/19/2014,499,130.96,323.97
11/20/2014,499.28,131.03,324.15
11/21/2014,502.02,131.74,325.89
11/24/2014,505.05,132.54,327.86
11/25/2014,504.09,132.28,327.2
11/26/2014,505.1,132.54,327.84
11/28/2014,505.4,132.62,328
12/1/2014,501.81,131.67,325.64
12/2/2014,506.74,132.96,328.82
12/3/2014,508.98,133.54,330.2
12/4/2014,509.51,133.68,330.53
12/5/2014,514.54,135,333.79
12/8/2014,516.56,135.53,335.07
12/9/2014,515.3,135.19,334.25
12/10/2014,508.38,133.38,329.75
12/11/2014,510.13,133.83,330.84
12/12/2014,499.72,131.1,324.06
12/15/2014,495.56,130,321.31
12/16/2014,490.61,128.7,318.1
12/17/2014,501.86,131.65,325.34
12/18/2014,514.07,134.85,333.23
12/19/2014,514.21,134.88,333.32
12/22/2014,517.36,135.71,335.37
12/23/2014,520.4,136.5,337.32
12/24/2014,519.49,136.26,336.65
12/26/2014,519.47,136.25,336.64
12/29/2014,521.49,136.77,337.84
12/30/2014,520.87,136.6,337.41
12/31/2014,514.56,134.95,333.32
1/2/2015,514.96,135.03,333.41
1/5/2015,504.17,132.2,326.43
1/6/2015,496.46,130.18,321.43
1/7/2015,501.98,131.63,324.98
1/8/2015,509.39,133.57,329.77
1/9/2015,502.57,131.78,325.36
1/12/2015,498.31,130.66,322.6
1/13/2015,496.67,130.23,321.51
1/14/2015,489.62,128.38,316.95
1/15/2015,483.36,126.74,312.9
1/16/2015,489.15,128.26,316.65
1/20/2015,487.29,127.77,315.43
1/21/2015,488.23,128.01,316.04
1/22/2015,500.21,131.15,323.78
1/23/2015,495.16,129.83,320.51
1/26/2015,497.5,130.44,322.03
1/27/2015,492.06,129.02,318.51
1/28/2015,482.45,126.49,312.25
1/29/2015,486.91,127.66,315.12
1/30/2015,479.04,125.59,310.01
2/2/2015,486.87,127.64,315.03
2/3/2015,495.11,129.8,320.35
2/4/2015,493.96,129.47,319.39
2/5/2015,499,130.79,322.58
2/6/2015,502.69,131.75,324.93
2/9/2015,500.62,131.21,323.59
2/10/2015,504.23,132.15,325.92
2/11/2015,504.08,132.1,325.75
2/12/2015,509.41,133.5,329.17
2/13/2015,508.9,133.36,328.84
2/17/2015,510.93,133.89,330.14
2/18/2015,507.63,133.03,327.99
2/19/2015,505.39,132.44,326.54
2/20/2015,509.52,133.52,329.18
2/23/2015,507.71,133.04,328.01
2/24/2015,510.28,133.72,329.67
2/25/2015,510.6,133.8,329.84
2/26/2015,509.17,133.41,328.86
2/27/2015,507.09,132.87,327.52
3/2/2015,511.23,133.96,330.19
3/3/2015,509.92,133.61,329.35
3/4/2015,506.25,132.63,326.84
3/5/2015,508.4,133.19,328.21
3/6/2015,504.62,132.2,325.73
3/9/2015,506.87,132.79,327.19
3/10/2015,496.17,129.98,320.26
3/11/2015,499.34,130.81,322.27
3/12/2015,510.3,133.68,329.31
3/13/2015,506.81,132.76,327.05
3/16/2015,512.83,134.33,330.9
3/17/2015,511.77,134.06,330.21
3/18/2015,514.53,134.78,331.97
3/19/2015,509.55,133.47,328.73
3/20/2015,516.06,135.17,332.93
3/23/2015,513.8,134.58,331.47
3/24/2015,509.37,133.42,328.61
3/25/2015,501.78,131.43,323.71
3/26/2015,500.99,131.23,323.21
3/27/2015,500.61,131.11,322.81
3/30/2015,507.45,132.9,327.2
3/31/2015,503.99,131.99,324.95
4/1/2015,503.35,131.8,324.36
4/2/2015,506.27,132.57,326.24
4/6/2015,506.73,132.69,326.54
4/7/2015,504.52,132.11,325.11
4/8/2015,506.3,132.57,326.22
4/9/2015,506.96,132.74,326.65
4/10/2015,506.97,132.74,326.65
4/13/2015,508.45,133.13,327.56
4/14/2015,508.61,133.17,327.67
4/15/2015,510.83,133.75,329.1
4/16/2015,511.38,133.89,329.45
4/17/2015,504.54,132.1,325.04
4/20/2015,507.03,132.75,326.65
4/21/2015,504.27,132.03,324.87
4/22/2015,507.81,132.96,327.15
4/23/2015,508.35,133.1,327.5
4/24/2015,507.05,132.76,326.66
4/27/2015,505.46,132.34,325.64
4/28/2015,508.52,133.14,327.58
4/29/2015,508.63,133.17,327.63
4/30/2015,504.91,132.19,325.2
5/1/2015,508.93,133.24,327.79
5/4/2015,513.9,134.54,330.99
5/5/2015,509.63,133.42,328.23
5/6/2015,506.92,132.69,326.28
5/7/2015,510.46,133.6,328.44
5/8/2015,517.64,135.47,333.01
5/11/2015,515.84,135,331.86
5/12/2015,513.95,134.51,330.64
5/13/2015,514.27,134.58,330.75
5/14/2015,518.86,135.78,333.7
5/15/2015,516.61,135.19,332.25
5/18/2015,519.54,135.96,334.11
5/19/2015,522.89,136.83,336.26
5/20/2015,520.99,136.34,335.04
5/21/2015,519.81,136.02,334.25
5/22/2015,519.37,135.91,333.96
5/26/2015,514.71,134.69,330.96
5/27/2015,519.46,135.93,333.99
5/28/2015,519.02,135.8,333.65
5/29/2015,514.18,134.54,330.53
6/1/2015,515.14,134.79,331.16
6/2/2015,515.97,135.01,331.69
6/3/2015,519.55,135.93,333.87
6/4/2015,515.45,134.85,331.22
6/5/2015,518.38,135.62,333.08
6/8/2015,515.26,134.8,331.03
6/9/2015,516.91,135.22,332.05
6/10/2015,524.35,137.17,336.81
6/11/2015,525.83,137.55,337.71
6/12/2015,523.8,137.01,336.39
6/15/2015,521.6,136.44,334.95
6/16/2015,524.36,137.16,336.72
6/17/2015,523.73,136.99,336.28
6/18/2015,528.52,138.24,339.36
6/19/2015,523.4,136.9,336.08
6/22/2015,527.54,137.99,338.73
6/23/2015,529.09,138.39,339.73
6/24/2015,524.48,137.18,336.73
6/25/2015,520.89,136.24,334.43
6/26/2015,523.23,136.83,335.77
6/29/2015,510.48,133.5,327.58
6/30/2015,512.66,134.06,328.94
7/1/2015,519.48,135.83,333.13
7/2/2015,517.59,135.33,331.92
7/6/2015,515.79,134.86,330.77
7/7/2015,516.47,135.04,331.2
7/8/2015,507.43,132.67,325.38
7/9/2015,511.32,133.69,327.88
7/10/2015,517.52,135.31,331.85
7/13/2015,523.22,136.79,335.46
7/14/2015,525.27,137.33,336.78
7/15/2015,529.14,138.34,339.26
7/16/2015,534.35,139.7,342.6
7/17/2015,533.16,139.39,341.84
7/20/2015,534.02,139.62,342.39
7/21/2015,533.44,139.47,342.02
7/22/2015,537.18,140.45,344.42
7/23/2015,532.84,139.31,341.63
7/24/2015,527.77,137.99,338.39
7/27/2015,523.89,136.97,335.9
7/28/2015,526.48,137.65,337.55
7/29/2015,530.67,138.74,340.21
7/30/2015,531.13,138.85,340.43
7/31/2015,528.63,138.2,338.84
8/3/2015,528.85,138.26,338.98
8/4/2015,528.18,138.08,338.53
8/5/2015,529.85,138.48,339.36
8/6/2015,528.23,138.06,338.27
8/7/2015,528.51,138.12,338.41
8/10/2015,534.19,139.61,342.04
8/11/2015,529.1,138.28,338.78
8/12/2015,524.89,137.17,336.05
8/13/2015,526.59,137.61,337.08
8/14/2015,530.23,138.56,339.41
8/17/2015,531.28,138.83,340.07
8/18/2015,530.85,138.72,339.76
8/19/2015,526.26,137.52,336.83
8/20/2015,515.04,134.59,329.65
8/21/2015,499.04,130.4,319.37
8/24/2015,475.49,124.24,304.28
8/25/2015,467.65,122.2,299.26
8/26/2015,485.58,126.88,310.74
8/27/2015,498.4,130.23,318.91
8/28/2015,496.61,129.75,317.7
8/31/2015,492.91,128.78,315.31
9/1/2015,475.69,124.28,304.3
9/2/2015,482.77,126.12,308.74
9/3/2015,485,126.71,310.17
9/4/2015,475.64,124.26,304.18
9/8/2015,487.97,127.48,312.03
9/9/2015,481.35,125.74,307.76
9/10/2015,483.63,126.33,309.17
9/11/2015,485.47,126.8,310.27
9/14/2015,484.08,126.44,309.36
9/15/2015,491.23,128.31,313.92
9/16/2015,494.44,129.14,315.92
9/17/2015,488,127.45,311.77
9/18/2015,478.63,125,305.79
9/21/2015,483.77,126.34,309.05
9/22/2015,477.33,124.66,304.94
9/23/2015,477.73,124.77,305.19
9/24/2015,474.3,123.87,303
9/25/2015,481.19,125.67,307.4
9/28/2015,470.06,122.75,300.14
9/29/2015,471.89,123.22,301.29
9/30/2015,478.22,124.87,305.33
10/1/2015,478.89,125.05,305.75
10/2/2015,478.89,125.03,305.57
10/5/2015,489.22,127.72,312.16
10/6/2015,487,127.14,310.74
10/7/2015,490.94,128.16,313.2
10/8/2015,493.45,128.82,314.81
10/9/2015,490.66,128.09,313.03
10/12/2015,491.42,128.29,313.51
10/13/2015,488.28,127.46,311.47
10/14/2015,483.62,126.25,308.49
10/15/2015,494.78,129.16,315.62
10/16/2015,496.94,129.73,316.99
10/19/2015,496.8,129.69,316.9
10/20/2015,499.41,130.37,318.57
10/21/2015,495.56,129.37,316.11
10/22/2015,504.28,131.64,321.67
10/23/2015,509.42,132.98,324.95
10/26/2015,507.75,132.55,323.89
10/27/2015,504.7,131.75,321.94
10/28/2015,516.96,134.95,329.7
10/29/2015,515.03,134.43,328.41
10/30/2015,508.08,132.62,323.97
11/2/2015,516.3,134.76,329.21
11/3/2015,516.06,134.7,329.05
11/4/2015,514.5,134.26,327.81
11/5/2015,516.75,134.84,329.19
11/6/2015,522.25,136.27,332.65
11/9/2015,516.11,134.67,328.73
11/10/2015,518.4,135.26,330.15
11/11/2015,517.31,134.98,329.46
11/12/2015,509.15,132.84,324.21
11/13/2015,504.8,131.71,321.43
11/16/2015,511.15,133.36,325.45
11/17/2015,509.98,133.05,324.7
11/18/2015,519.32,135.49,330.64
11/19/2015,520,135.67,331.08
11/20/2015,520.74,135.86,331.51
11/23/2015,518.74,135.34,330.23
11/24/2015,517.16,134.92,329.22
11/25/2015,517.4,134.98,329.34
11/27/2015,519.06,135.41,330.37
11/30/2015,517.71,135.05,329.48
12/1/2015,524.33,136.78,333.66
12/2/2015,517.95,135.1,329.53
12/3/2015,509.71,132.95,324.24
12/4/2015,523.27,136.49,332.86
12/7/2015,518.64,135.28,329.91
12/8/2015,511.88,133.51,325.57
12/9/2015,506,131.97,321.82
12/10/2015,506.28,132.05,321.99
12/11/2015,495.39,129.2,314.99
12/14/2015,496.25,129.41,315.49
12/15/2015,508.05,132.49,322.99
12/16/2015,516.42,134.67,328.26
12/17/2015,508.31,132.55,323.07
12/18/2015,495.55,129.22,314.96
12/21/2015,500.07,130.4,317.84
12/22/2015,504.48,131.55,320.64
12/23/2015,511.18,133.28,324.77
12/24/2015,510.77,133.17,324.5
12/28/2015,509.74,132.91,323.85
12/29/2015,515.33,134.35,327.25
12/30/2015,511.35,133.3,324.68
12/31/2015,506.71,132.09,321.73
1/4/2016,496.61,129.44,315.14
1/5/2016,498.27,129.87,316.19
1/6/2016,490.58,127.86,311.28
1/7/2016,476.75,124.26,302.5
1/8/2016,469.28,122.31,297.76
1/11/2016,470.94,122.74,298.82
1/12/2016,473.57,123.43,300.48
1/13/2016,461.23,120.21,292.66
1/14/2016,465.96,121.44,295.63
1/15/2016,455.01,118.59,288.68
1/19/2016,454.86,118.55,288.58
1/20/2016,445.28,116.05,282.51
1/21/2016,443.99,115.71,281.67
1/22/2016,452.65,117.97,287.17
1/25/2016,442.3,115.27,280.6
1/26/2016,450.16,117.32,285.59
1/27/2016,448.45,116.87,284.47
1/28/2016,448.87,116.97,284.69
1/29/2016,461.84,120.35,292.9
2/1/2016,459.27,119.68,291.21
2/2/2016,447.33,116.56,283.62
2/3/2016,447.45,116.57,283.47
2/4/2016,451.59,117.64,286.06
2/5/2016,445.48,116.04,282.15
2/8/2016,433.71,112.98,274.7
2/9/2016,433,112.79,274.25
2/10/2016,431.13,112.3,272.97
2/11/2016,418.43,108.98,264.89
2/12/2016,435.2,113.35,275.5
2/16/2016,442.91,115.35,280.37
2/17/2016,448.5,116.81,283.89
2/18/2016,445.77,116.1,282.16
2/19/2016,446.34,116.24,282.48
2/22/2016,453.01,117.98,286.71
2/23/2016,444.75,115.83,281.47
2/24/2016,443.87,115.6,280.9
2/25/2016,450.02,117.19,284.77
2/26/2016,453.02,117.97,286.64
2/29/2016,448.27,116.73,283.61
3/1/2016,464.15,120.87,293.66
3/2/2016,468.5,121.99,296.34
3/3/2016,471.6,122.79,298.21
3/4/2016,473.55,123.29,299.42
3/7/2016,473.45,123.27,299.34
3/8/2016,465.59,121.21,294.33
3/9/2016,466.22,121.38,294.72
3/10/2016,466.03,121.32,294.56
3/11/2016,478.45,124.55,302.39
3/14/2016,476.51,124.04,301.11
3/15/2016,475.94,123.89,300.75
3/16/2016,475.31,123.72,300.28
3/17/2016,480.93,125.18,303.83
3/18/2016,485.79,126.45,306.9
3/21/2016,484.89,126.21,306.33
3/22/2016,483.52,125.85,305.44
3/23/2016,479.85,124.9,303.12
3/24/2016,476.74,124.09,301.16
3/28/2016,478.16,124.46,302.06
3/29/2016,479.18,124.7,302.53
3/30/2016,482.08,125.46,304.34
3/31/2016,481.08,125.2,303.71
4/1/2016,485.02,126.22,306.18
4/4/2016,482.77,125.61,304.59
4/5/2016,475.8,123.8,300.19
4/6/2016,478.64,124.53,301.94
4/7/2016,469.39,122.12,296.09
4/8/2016,471.33,122.62,297.29
4/11/2016,472.93,123.04,298.3
4/12/2016,479.28,124.69,302.3
4/13/2016,490.11,127.51,309.09
4/14/2016,491.43,127.85,309.93
4/15/2016,490.02,127.48,309.04
4/18/2016,493.41,128.36,311.18
4/19/2016,498.89,129.79,314.63
4/20/2016,503.3,130.94,317.42
4/21/2016,498.49,129.69,314.38
4/22/2016,503.68,131.04,317.65
4/25/2016,502.22,130.66,316.73
4/26/2016,505.84,131.6,319.02
4/27/2016,506.33,131.72,319.29
4/28/2016,500.75,130.27,315.74
4/29/2016,497.45,129.4,313.64
5/2/2016,502.97,130.84,317.11
5/3/2016,496.32,129.11,312.9
5/4/2016,492.71,128.15,310.43
5/5/2016,492.41,128.06,310.15
5/6/2016,494.34,128.55,311.33
5/9/2016,493.38,128.3,310.72
5/10/2016,500.19,130.07,315.01
5/11/2016,494.62,128.62,311.45
5/12/2016,495.41,128.82,311.93
5/13/2016,489.13,127.18,307.92
5/16/2016,491.86,127.89,309.62
5/17/2016,488.49,127.02,307.5
5/18/2016,497.64,129.39,313.25
5/19/2016,493.06,128.2,310.36
5/20/2016,496.12,128.99,312.26
5/23/2016,495.7,128.88,311.98
5/24/2016,503.38,130.88,316.8
5/25/2016,508.58,132.23,320.08
5/26/2016,505.62,131.46,318.19
5/27/2016,509.27,132.4,320.43
5/31/2016,507.55,131.95,319.34
6/1/2016,509.09,132.34,320.23
6/2/2016,509.98,132.56,320.7
6/3/2016,502.96,130.74,316.29
6/6/2016,505.78,131.47,318.06
6/7/2016,504.32,131.09,317.14
6/8/2016,505.4,131.36,317.74
6/9/2016,501.61,130.37,315.29
6/10/2016,495.4,128.75,311.39
6/13/2016,491.71,127.79,308.99
6/14/2016,484.59,125.93,304.51
6/15/2016,485.01,126.03,304.71
6/16/2016,486.61,126.45,305.71
6/17/2016,486.06,126.31,305.37
6/20/2016,488.94,127.05,307.16
6/21/2016,491.58,127.74,308.82
6/22/2016,491.01,127.59,308.47
6/23/2016,501.36,130.28,314.95
6/24/2016,474.25,123.24,297.92
6/27/2016,461.05,119.8,289.62
6/28/2016,472.7,122.81,296.77
6/29/2016,483.69,125.66,303.63
6/30/2016,491.27,127.63,308.39
7/1/2016,489.01,127.02,306.76
7/5/2016,481.56,125.08,302.09
7/6/2016,483.31,125.54,303.19
7/7/2016,483.83,125.67,303.48
7/8/2016,492.73,127.98,309.07
7/11/2016,495.54,128.71,310.82
7/12/2016,501.63,130.29,314.65
7/13/2016,501.86,130.35,314.78
7/14/2016,506.35,131.51,317.57
7/15/2016,505.48,131.29,317.02
7/18/2016,507.32,131.76,318.17
7/19/2016,507.71,131.87,318.42
7/20/2016,508.39,132.04,318.85
7/21/2016,506.14,131.46,317.43
7/22/2016,509.12,132.23,319.3
7/25/2016,507.89,131.91,318.53
7/26/2016,508.64,132.11,319
7/27/2016,508.34,132.02,318.77
7/28/2016,509.61,132.34,319.49
7/29/2016,508.69,132.1,318.9
8/1/2016,507.49,131.79,318.14
8/2/2016,503.09,130.65,315.36
8/3/2016,508.23,131.96,318.39
8/4/2016,506.65,131.53,317.3
8/5/2016,516.49,134.08,323.41
8/8/2016,517.04,134.23,323.76
8/9/2016,517.56,134.36,324.08
8/10/2016,513.66,133.34,321.6
8/11/2016,514.47,133.55,322.1
8/12/2016,513.39,133.27,321.42
8/15/2016,516.43,134.05,323.27
8/16/2016,514.96,133.67,322.34
8/17/2016,516.86,134.16,323.51
8/18/2016,516.82,134.15,323.48
8/19/2016,516.18,133.98,323.05
8/22/2016,516.37,134.02,323.13
8/23/2016,516.95,134.18,323.5
8/24/2016,516.34,134.02,323.1
8/25/2016,517.79,134.39,324.01
8/26/2016,518.11,134.47,324.21
8/29/2016,523.21,135.79,327.37
8/30/2016,527.48,136.9,329.99
8/31/2016,528.18,137.06,330.28
9/1/2016,526.06,136.51,328.95
9/2/2016,528.61,137.17,330.55
9/6/2016,527.38,136.85,329.78
9/7/2016,527.53,136.88,329.8
9/8/2016,527.01,136.75,329.46
9/9/2016,517.08,134.17,323.25
9/12/2016,523.08,135.72,326.97
9/13/2016,513.72,133.28,321.01
9/14/2016,512.13,132.86,319.97
9/15/2016,515.62,133.76,322.12
9/16/2016,510.92,132.54,319.18
9/19/2016,513.45,133.2,320.75
9/20/2016,513.93,133.32,321.05
9/21/2016,517.33,134.21,323.18
9/22/2016,518.76,134.58,324.07
9/23/2016,515.15,133.64,321.82
9/26/2016,507.24,131.59,316.87
9/27/2016,511.61,132.72,319.6
9/28/2016,514.21,133.38,321.09
9/29/2016,506.59,131.4,316.31
9/30/2016,513.8,133.27,320.82
10/3/2016,511.61,132.7,319.45
10/4/2016,513.62,133.19,320.47
10/5/2016,521.4,135.21,325.28
10/6/2016,521.74,135.29,325.47
10/7/2016,522.1,135.39,325.7
10/10/2016,524.72,136.06,327.33
10/11/2016,519.16,134.62,323.86
10/12/2016,519.93,134.82,324.34
10/13/2016,514.29,133.35,320.78
10/14/2016,516.83,134.01,322.37
10/17/2016,514.73,133.47,321.06
10/18/2016,518.68,134.49,323.52
10/19/2016,523.05,135.63,326.25
10/20/2016,522.96,135.6,326.19
10/21/2016,522.97,135.61,326.2
10/24/2016,524.99,136.13,327.46
10/25/2016,523.81,135.82,326.72
10/26/2016,527.05,136.66,328.74
10/27/2016,528.2,136.96,329.42
10/28/2016,526.15,136.42,328.09
10/31/2016,525.61,136.28,327.75
11/1/2016,523.59,135.75,326.47
11/2/2016,519.82,134.75,323.89
11/3/2016,520.82,134.99,324.36
11/4/2016,518.38,134.35,322.84
11/7/2016,531.87,137.85,331.25
11/8/2016,532.74,138.07,331.75
11/9/2016,554.48,143.7,345.25
11/10/2016,575.04,149.03,358.04
11/11/2016,577.28,149.61,359.43
11/14/2016,590.52,153.04,367.65
11/15/2016,590.83,153.12,367.85
11/16/2016,582.47,150.95,362.64
11/17/2016,589.77,152.84,367.17
11/18/2016,590.33,152.98,367.48
11/21/2016,592.16,153.45,368.62
11/22/2016,592.77,153.61,369
11/23/2016,596.07,154.47,371.04
11/25/2016,597.56,154.85,371.95
11/28/2016,589.3,152.71,366.78
11/29/2016,590.77,153.08,367.65
11/30/2016,598.87,155.16,372.54
12/1/2016,608.82,157.74,378.72
12/2/2016,603.08,156.25,375.15
12/5/2016,610.1,158.07,379.51
12/6/2016,615.98,159.59,383.13
12/7/2016,625.8,162.12,389.17
12/8/2016,631.6,163.62,392.74
12/9/2016,632.41,163.83,393.24
12/12/2016,626.63,162.33,389.65
12/13/2016,628.02,162.69,390.47
12/14/2016,624.44,161.76,388.24
12/15/2016,630.79,163.4,392.18
12/16/2016,625.26,161.97,388.73
12/19/2016,625.87,162.13,389.11
12/20/2016,632.91,163.95,393.48
12/21/2016,631.38,163.55,392.53
12/22/2016,629.7,163.12,391.49
12/23/2016,630.84,163.4,392.04
12/27/2016,631.59,163.59,392.51
12/28/2016,625.29,161.94,388.46
12/29/2016,620.76,160.77,385.63
12/30/2016,622.22,161.14,386.53
1/3/2017,628.31,162.72,390.31
1/4/2017,634.12,164.19,393.66
1/5/2017,627.68,162.53,389.66
1/6/2017,630.1,163.15,391.15
1/9/2017,625.18,161.88,388.1
1/10/2017,627.6,162.5,389.6
1/11/2017,630.48,163.25,391.39
1/12/2017,625.88,162.05,388.5
1/13/2017,629.32,162.94,390.63
1/17/2017,614.97,159.23,381.72
1/18/2017,619.81,160.48,384.73
1/19/2017,616.09,159.52,382.42
1/20/2017,618.98,160.27,384.22
1/23/2017,615.42,159.34,381.98
1/24/2017,622.89,161.28,386.62
1/25/2017,633.15,163.93,392.98
1/26/2017,635.01,164.41,394.14
1/27/2017,632.38,163.73,392.44
1/30/2017,627.95,162.58,389.67
1/31/2017,623.68,161.47,387.01
2/1/2017,624.36,161.61,387.15
2/2/2017,621.88,160.95,385.47
2/3/2017,634.23,164.15,393.13
2/6/2017,632.03,163.58,391.76
2/7/2017,630.54,163.19,390.82
2/8/2017,625.86,161.97,387.87
2/9/2017,634.51,164.2,393.19
2/10/2017,636.02,164.6,394.13
2/13/2017,643.14,166.44,398.52
2/14/2017,651.14,168.5,403.46
2/15/2017,655.99,169.76,406.46
2/16/2017,655.07,169.52,405.89
2/17/2017,654.96,169.49,405.77
2/21/2017,658,170.27,407.65
2/22/2017,658.5,170.4,407.95
2/23/2017,659.12,170.56,408.33
2/24/2017,654.23,169.29,405.25
2/27/2017,657.19,170.06,407.09
2/28/2017,656.11,169.77,406.38
3/1/2017,674.98,174.64,417.94
3/2/2017,665.2,172.1,411.8
3/3/2017,667.82,172.77,413.42
3/6/2017,663.64,171.69,410.83
3/7/2017,661.72,171.2,409.65
3/8/2017,661.76,171.2,409.6
3/9/2017,663.79,171.72,410.86
3/10/2017,663.56,171.66,410.72
3/13/2017,664.02,171.78,410.94
3/14/2017,663.29,171.58,410.46
3/15/2017,662.41,171.35,409.91
3/16/2017,664.52,171.9,411.2
3/17/2017,657.51,170.09,406.86
3/20/2017,651.64,168.57,403.22
3/21/2017,632.94,163.73,391.65
3/22/2017,631.68,163.4,390.87
3/23/2017,633.06,163.76,391.73
3/24/2017,632.48,163.61,391.36
3/27/2017,629.41,162.82,389.47
3/28/2017,638.01,165.04,394.79
3/29/2017,634.78,164.19,392.65
3/30/2017,642.55,166.19,397.43
3/31/2017,637.94,165,394.58
4/3/2017,636.07,164.52,393.43
4/4/2017,635.18,164.26,392.63
4/5/2017,630.81,163.12,389.87
4/6/2017,634.35,164.03,392.05
4/7/2017,632.19,163.47,390.72
4/10/2017,630.55,163.05,389.71
4/11/2017,628.89,162.62,388.68
4/12/2017,623.32,161.18,385.2
4/13/2017,615.52,159.16,380.38
4/17/2017,625.4,161.71,386.48
4/18/2017,620.2,160.37,383.27
4/19/2017,618.58,159.95,382.27
4/20/2017,628.18,162.43,388.2
4/21/2017,622.47,160.96,384.67
4/24/2017,636.11,164.48,393.1
4/25/2017,641.38,165.85,396.36
4/26/2017,641.64,165.91,396.51
4/27/2017,638.53,165.09,394.47
4/28/2017,632.57,163.55,390.76
5/1/2017,635.82,164.39,392.76
5/2/2017,635.62,164.34,392.64
5/3/2017,639.81,165.39,394.99
5/4/2017,641.37,165.78,395.87
5/5/2017,640.71,165.61,395.46
5/8/2017,640.05,165.44,395.05
5/9/2017,637.17,164.7,393.26
5/10/2017,638.97,165.15,394.31
5/11/2017,635.63,164.29,392.22
5/12/2017,632.76,163.55,390.45
5/15/2017,637.65,164.81,393.47
5/16/2017,638.72,165.09,394.13
5/17/2017,619.3,160.06,382.14
5/18/2017,621.24,160.57,383.33
5/19/2017,626.52,161.92,386.54
5/22/2017,628.41,162.41,387.69
5/23/2017,633.52,163.73,390.84
5/24/2017,633.29,163.67,390.68
5/25/2017,634.85,164.07,391.63
5/26/2017,634.48,163.97,391.38
5/30/2017,629.69,162.73,388.36
5/31/2017,624.88,161.47,385.26
6/1/2017,632.45,163.41,389.85
6/2/2017,630.1,162.81,388.41
6/5/2017,630.61,162.94,388.72
6/6/2017,627.98,162.26,387.1
6/7/2017,633.26,163.61,390.28
6/8/2017,640.45,165.47,394.72
6/9/2017,652.81,168.67,402.33
6/12/2017,653.93,168.95,402.99
6/13/2017,656.88,169.71,404.77
6/14/2017,658.14,170.03,405.52
6/15/2017,655.71,169.4,404.01
6/16/2017,655.01,169.22,403.58
6/19/2017,661.43,170.88,407.53
6/20/2017,656.07,169.49,404.23
6/21/2017,650.96,168.17,401.07
6/22/2017,646.79,167.1,398.51
6/23/2017,643.85,166.33,396.69
6/26/2017,647.28,167.22,398.81
6/27/2017,650.61,168.08,400.86
6/28/2017,661.1,170.78,407.19
6/29/2017,665.43,171.89,409.83
6/30/2017,665.05,171.79,409.59
7/3/2017,674.34,174.16,415.07
7/5/2017,675.98,174.58,416.05
7/6/2017,671.51,173.43,413.29
7/7/2017,675.3,174.4,415.6
7/10/2017,674.15,174.1,414.89
7/11/2017,669.57,172.92,412.07
7/12/2017,670.33,173.12,412.54
7/13/2017,674.48,174.18,415.04
7/14/2017,670.99,173.28,412.9
7/17/2017,670.12,173.06,412.36
7/18/2017,668.26,172.58,411.21
7/19/2017,669.64,172.93,412.07
7/20/2017,669.27,172.84,411.84
7/21/2017,669.09,172.79,411.73
7/24/2017,671.15,173.32,412.99
7/25/2017,679.65,175.52,418.22
7/26/2017,675.52,174.45,415.68
7/27/2017,672.04,173.55,413.49
7/28/2017,672.33,173.61,413.61
7/31/2017,676.51,174.69,416.17
8/1/2017,681.98,176.11,419.54
8/2/2017,682.78,176.28,419.79
8/3/2017,680.03,175.54,417.86
8/4/2017,684.94,176.81,420.88
8/7/2017,683.74,176.5,420.14
8/8/2017,682.57,176.2,419.42
8/9/2017,682.1,176.07,419.08
8/10/2017,670.09,172.97,411.7
8/11/2017,666.53,172.05,409.51
8/14/2017,675.76,174.43,415.19
8/15/2017,677.24,174.81,416.08
8/16/2017,675.62,174.39,415.08
8/17/2017,663.87,171.36,407.86
8/18/2017,663.58,171.28,407.63
8/21/2017,662.02,170.87,406.65
8/22/2017,668.98,172.67,410.91
8/23/2017,667.49,172.28,409.99
8/24/2017,666.97,172.15,409.65
8/25/2017,668.61,172.57,410.64
8/28/2017,665.39,171.74,408.67
8/29/2017,662.42,170.96,406.76
8/30/2017,665.61,171.75,408.48
8/31/2017,665.63,171.75,408.45
9/1/2017,668.55,172.51,410.24
9/5/2017,653.83,168.71,401.21
9/6/2017,655.43,169.12,402.19
9/7/2017,644.72,166.35,395.54
9/8/2017,649.67,167.62,398.58
9/11/2017,660.94,170.53,405.5
9/12/2017,668.95,172.6,410.41
9/13/2017,670.41,172.97,411.29
9/14/2017,668.2,172.4,409.86
9/15/2017,671.41,173.22,411.81
9/18/2017,678.22,174.98,415.99
9/19/2017,683.63,176.37,419.31
9/20/2017,687.88,177.47,421.91
9/21/2017,689.25,177.82,422.74
9/22/2017,689.18,177.8,422.7
9/25/2017,688.12,177.53,422.05
9/26/2017,687.49,177.37,421.66
9/27/2017,696.42,179.67,427.14
9/28/2017,697.5,179.93,427.66
9/29/2017,699.87,180.54,429.08
10/2/2017,706.08,182.14,432.89
10/3/2017,708.19,182.69,434.19
10/4/2017,705.91,182.1,432.79
10/5/2017,713.38,183.99,437.06
10/6/2017,713.74,184.08,437.25
10/9/2017,711.09,183.39,435.62
10/10/2017,714.03,184.15,437.42
10/11/2017,713.03,183.89,436.81
10/12/2017,707.91,182.57,433.67
10/13/2017,707.63,182.5,433.5
10/16/2017,712.27,183.69,436.29
10/17/2017,708.33,182.67,433.88
10/18/2017,712.31,183.7,436.32
10/19/2017,713.35,183.97,436.96
10/20/2017,721.66,186.11,442.05
10/23/2017,720.65,185.85,441.43
10/24/2017,726.01,187.23,444.71
10/25/2017,722.42,186.31,442.52
10/26/2017,726.43,187.34,444.97
10/27/2017,725.71,187.16,444.53
10/30/2017,722.4,186.29,442.41
10/31/2017,720.41,185.77,441.16
11/1/2017,722.08,186.21,442.19
11/2/2017,728.68,187.88,445.99
11/3/2017,725.85,187.12,444.05
11/6/2017,724.89,186.87,443.46
11/7/2017,715.28,184.4,437.58
11/8/2017,710.97,183.29,434.95
11/9/2017,708.61,182.67,433.45
11/10/2017,706.72,182.18,432.27
11/13/2017,708.02,182.51,433.05
11/14/2017,707.64,182.41,432.79
11/15/2017,708.99,182.76,433.61
11/16/2017,709.52,182.9,433.94
11/17/2017,708.58,182.65,433.36
11/20/2017,712.08,183.55,435.49
11/21/2017,713.91,184.02,436.59
11/22/2017,711.08,183.29,434.86
11/24/2017,710.06,183.02,434.19
11/27/2017,709.83,182.96,434.02
11/28/2017,728.14,187.68,445.21
11/29/2017,741.19,191.03,453.1
11/30/2017,745.65,192.15,455.61
12/1/2017,747.38,192.59,456.61
12/4/2017,759,195.59,463.71
12/5/2017,754.58,194.45,461.01
12/6/2017,752.03,193.79,459.45
12/7/2017,754.31,194.37,460.76
12/8/2017,758.78,195.52,463.46
12/11/2017,756.97,195.05,462.36
12/12/2017,764.72,197.05,467.09
12/13/2017,755.08,194.56,461.17
12/14/2017,750.06,193.26,458.07
12/15/2017,757.89,195.28,462.84
12/18/2017,764.14,196.89,466.66
12/19/2017,761.08,196.1,464.78
12/20/2017,759.22,195.62,463.64
12/21/2017,765.65,197.28,467.57
12/22/2017,764.01,196.85,466.56
12/26/2017,761.46,196.2,465
12/27/2017,762.22,196.37,465.3
12/28/2017,765.54,197.21,467.19
12/29/2017,760.25,195.84,463.94
1/2/2018,759.79,195.73,463.66
1/3/2018,763.86,196.77,466.14
1/4/2018,771.52,198.71,470.51
1/5/2018,773.83,199.3,471.92
1/8/2018,772.86,199.05,471.33
1/9/2018,778.39,200.48,474.69
1/10/2018,784.99,202.18,478.72
1/11/2018,788.68,203.13,480.97
1/12/2018,796.1,205.04,485.49
1/16/2018,793.56,204.38,483.9
1/17/2018,800.2,206.09,487.94
1/18/2018,799.04,205.79,487.24
1/19/2018,804.49,207.19,490.56
1/22/2018,811.16,208.91,494.62
1/23/2018,811.5,209,494.83
1/24/2018,817,210.41,498.19
1/25/2018,815.46,210.02,497.25
1/26/2018,822.1,211.73,501.29
1/29/2018,818.39,210.77,498.99
1/30/2018,808.54,208.22,492.91
1/31/2018,809.48,208.46,493.45
2/1/2018,818.06,210.63,498.36
2/2/2018,800.08,205.97,487.21
2/5/2018,760.18,195.7,462.92
2/6/2018,773.08,199.02,470.77
2/7/2018,774.38,199.36,471.56
2/8/2018,739.56,190.39,450.3
2/9/2018,753.81,194.05,458.95
2/12/2018,764.19,196.72,465.27
2/13/2018,767.59,197.6,467.34
2/14/2018,785.43,202.19,478.18
2/15/2018,790.32,203.44,481.14
2/16/2018,789.46,203.22,480.61
2/20/2018,787.77,202.78,479.5
2/21/2018,787.31,202.65,479.2
2/22/2018,781.16,201.07,475.46
2/23/2018,792.63,204.02,482.42
2/26/2018,804.61,207.1,489.69
2/27/2018,797.12,205.17,485.11
2/28/2018,786.94,202.55,478.88
3/1/2018,772.68,198.85,470.02
3/2/2018,775.13,199.48,471.44
3/5/2018,785.74,202.2,477.89
3/6/2018,788.89,203.01,479.75
3/7/2018,787.52,202.66,478.92
3/8/2018,789.79,203.23,480.22
3/9/2018,809.39,208.27,492.13
3/12/2018,806.17,207.45,490.17
3/13/2018,797.35,205.17,484.81
3/14/2018,787.95,202.74,478.99
3/15/2018,788.64,202.92,479.41
3/16/2018,790.13,203.3,480.3
3/19/2018,783.39,201.57,476.2
3/20/2018,785.02,201.99,477.18
3/21/2018,784.74,201.91,477.01
3/22/2018,755.72,194.45,459.37
3/23/2018,733.14,188.64,445.64
3/26/2018,756.93,194.76,460.1
3/27/2018,741.93,190.9,450.99
3/28/2018,743.39,191.25,451.72
3/29/2018,752.99,193.72,457.53
4/2/2018,736.97,189.6,447.8
4/3/2018,747.18,192.23,454
4/4/2018,755.43,194.35,459.01
4/5/2018,761.13,195.78,462.18
4/6/2018,742.57,191.01,450.91
4/9/2018,746.38,191.98,453.19
4/10/2018,758.02,194.97,460.25
4/11/2018,748.5,192.52,454.47
4/12/2018,762.14,196.03,462.76
4/13/2018,750.39,193,455.57
4/16/2018,753.93,193.91,457.72
4/17/2018,753.36,193.77,457.38
4/18/2018,750.59,193.06,455.69
4/19/2018,762.03,196,462.64
4/20/2018,762.4,196.09,462.86
4/23/2018,761.57,195.88,462.36
4/24/2018,756.38,194.55,459.21
4/25/2018,755.9,194.42,458.92
4/26/2018,756.19,194.5,459.1
4/27/2018,757.41,194.8,459.78
4/30/2018,750.21,192.94,455.35
5/1/2018,750.86,193.11,455.74
5/2/2018,741.9,190.81,450.3
5/3/2018,735.96,189.25,446.46
5/4/2018,745.46,191.66,452.01
5/7/2018,750.53,192.97,455.09
5/8/2018,755.58,194.27,458.15
5/9/2018,766.89,197.18,465.01
5/10/2018,773.01,198.74,468.64
5/11/2018,772.47,198.6,468.28
5/14/2018,772,198.47,468
5/15/2018,770.77,198.16,467.26
5/16/2018,771.54,198.36,467.72
5/17/2018,770.95,198.2,467.35
5/18/2018,763.94,196.4,463.09
5/21/2018,769.67,197.87,466.52
5/22/2018,774.3,199.05,469.29
5/23/2018,769.69,197.87,466.48
5/24/2018,764.22,196.46,463.17
5/25/2018,761.06,195.64,461.21
5/29/2018,735.43,189.05,445.67
5/30/2018,749.84,192.75,454.32
5/31/2018,743.45,191.08,450.24
6/1/2018,751.72,193.2,455.23
6/4/2018,753.86,193.75,456.53
6/5/2018,750.69,192.93,454.6
6/6/2018,764.6,196.5,462.98
6/7/2018,766.39,196.95,463.97
6/8/2018,768.36,197.46,465.17
6/11/2018,766.22,196.91,463.87
6/12/2018,763.67,196.25,462.33
6/13/2018,761.24,195.62,460.8
6/14/2018,754.22,193.81,456.5
6/15/2018,754,193.75,456.35
6/18/2018,753.45,193.61,456.02
6/19/2018,750.95,192.97,454.49
6/20/2018,748.62,192.37,453.08
6/21/2018,747.29,192.02,452.23
6/22/2018,743.36,191.01,449.85
6/25/2018,735.68,189.04,445.2
6/26/2018,732.96,188.34,443.56
6/27/2018,723.69,185.96,437.95
6/28/2018,730.08,187.58,441.71
6/29/2018,729.19,187.36,441.15
7/2/2018,734.02,188.6,444.07
7/3/2018,726.29,186.61,439.39
7/5/2018,728.47,187.13,440.41
7/6/2018,732.11,188.07,442.61
7/9/2018,749.13,192.44,452.89
7/10/2018,746.4,191.73,451.21
7/11/2018,742.52,190.74,448.87
7/12/2018,743.94,191.1,449.73
7/13/2018,740.51,190.22,447.65
7/16/2018,753.91,193.65,455.69
7/17/2018,755.06,193.95,456.39
7/18/2018,766.62,196.92,463.37
7/19/2018,755.57,194.08,456.69
7/20/2018,757.06,194.46,457.59
7/23/2018,767.07,197.03,463.64
7/24/2018,769.6,197.68,465.17
7/25/2018,771.56,198.19,466.36
7/26/2018,770.63,197.95,465.79
7/27/2018,772.52,198.43,466.93
7/30/2018,772.86,198.51,467.04
7/31/2018,767.62,197.16,463.85
8/1/2018,767.6,197.15,463.83
8/2/2018,767.9,197.23,464.02
8/3/2018,772.47,198.37,466.49
8/6/2018,775.76,199.21,468.48
8/7/2018,779.52,200.18,470.75
8/8/2018,781.52,200.69,471.96
8/9/2018,777.68,199.66,469.3
8/10/2018,768.65,197.34,463.85
8/13/2018,760.84,195.34,459.14
8/14/2018,767.38,197.02,463.08
8/15/2018,762.22,195.69,459.95
8/16/2018,771.75,198.14,465.69
8/17/2018,773.41,198.56,466.68
8/20/2018,776.22,199.27,468.32
8/21/2018,779.15,200.02,470.06
8/22/2018,777.12,199.5,468.82
8/23/2018,773.13,198.48,466.41
8/24/2018,775.43,199.07,467.79
8/27/2018,785.85,201.74,474.04
8/28/2018,785.04,201.53,473.55
8/29/2018,784.93,201.49,473.44
8/30/2018,778.86,199.93,469.72
8/31/2018,778.26,199.77,469.32
9/4/2018,782.4,200.83,471.81
9/5/2018,782.68,200.9,471.96
9/6/2018,778.51,199.79,469.17
9/7/2018,777.72,199.58,468.63
9/10/2018,777.11,199.43,468.26
9/11/2018,778,199.66,468.8
9/12/2018,771.09,197.88,464.61
9/13/2018,770.04,197.6,463.92
9/14/2018,775.22,198.92,466.98
9/17/2018,772.47,198.22,465.32
9/18/2018,775.7,199.04,467.25
9/19/2018,789.35,202.55,475.47
9/20/2018,795.76,204.19,479.29
9/21/2018,792.85,203.44,477.54
9/24/2018,784.44,201.28,472.47
9/25/2018,781.43,200.51,470.66
9/26/2018,771.46,197.95,464.66
9/27/2018,769.06,197.32,463.09
9/28/2018,760.96,195.24,458.18
10/1/2018,763.6,195.92,459.77
10/2/2018,763.94,196,459.98
10/3/2018,770.16,197.6,463.73
10/4/2018,776.32,199.13,467.01
10/5/2018,773.09,198.3,465.07
10/8/2018,777.55,199.44,467.76
10/9/2018,774.89,198.76,466.15
10/10/2018,751.39,192.73,451.98
10/11/2018,729.37,187.08,438.73
10/12/2018,730.09,187.26,439.16
10/15/2018,726.37,186.31,436.93
10/16/2018,738.07,189.3,443.91
10/17/2018,744.8,191.03,447.95
10/18/2018,733.22,188.06,440.99
10/19/2018,735.76,188.71,442.52
10/22/2018,720.62,184.83,433.41
10/23/2018,714.66,183.3,429.82
10/24/2018,695.41,178.36,418.25
10/25/2018,706.8,181.28,425.1
10/26/2018,697.26,178.83,419.35
10/29/2018,703.29,180.38,422.94
10/30/2018,714.67,183.29,429.71
10/31/2018,724.93,185.91,435.85
11/1/2018,728.21,186.76,437.83
11/2/2018,728.64,186.84,437.89
11/5/2018,738.97,189.48,444.04
11/6/2018,742.67,190.43,446.26
11/7/2018,752.64,192.99,452.25
11/8/2018,755.63,193.71,453.69
11/9/2018,748.38,191.85,449.32
11/12/2018,733.46,188.02,440.36
11/13/2018,737.8,189.13,442.96
11/14/2018,727.65,186.53,436.87
11/15/2018,738.16,189.22,443.17
11/16/2018,738.9,189.41,443.61
11/19/2018,738.66,189.35,443.46
11/20/2018,723.3,185.41,434.19
11/21/2018,723.77,185.53,434.47
11/23/2018,717.25,183.85,430.5
11/26/2018,732.34,187.71,439.53
11/27/2018,732.88,187.85,439.83
11/28/2018,746.2,191.26,447.82
11/29/2018,740.26,189.73,444.15
11/30/2018,745.22,190.99,447.08
12/3/2018,748.76,191.9,449.2
12/4/2018,715.79,183.45,429.42
12/6/2018,705.94,180.89,423.23
12/7/2018,693.03,177.57,415.43
12/10/2018,683.35,175.09,409.63
12/11/2018,676.47,173.32,405.46
12/12/2018,679.47,174.09,407.26
12/13/2018,675.6,173.09,404.86
12/14/2018,668.69,171.32,400.72
12/17/2018,662.2,169.66,396.81
12/18/2018,659.04,168.84,394.9
12/19/2018,650.85,166.75,390
12/20/2018,645.88,165.47,386.97
12/21/2018,633.24,162.23,379.4
12/24/2018,618.38,158.42,370.49
12/26/2018,647.12,165.78,387.71
12/27/2018,654.43,167.64,392
12/28/2018,654.73,167.71,392.06
12/31/2018,661.19,169.36,395.9
1/2/2019,666.07,170.61,398.82
1/3/2019,651.61,166.85,389.74
1/4/2019,673.01,172.33,402.54
1/7/2019,674.55,172.72,403.47
1/8/2019,674.55,172.72,403.47
1/9/2019,678.04,173.62,405.55
1/10/2019,678.85,173.82,406.03
1/11/2019,680.02,174.12,406.73
1/14/2019,684.95,175.39,409.68
1/15/2019,690.49,176.8,412.99
1/16/2019,705.8,180.72,422.09
1/17/2019,709.64,181.7,424.38
1/18/2019,721.77,184.81,431.64
1/22/2019,713.93,182.8,426.95
1/23/2019,714.18,182.86,427.1
1/24/2019,715.64,183.24,427.97
1/25/2019,721.84,184.82,431.63
1/28/2019,719.91,184.32,430.48
1/29/2019,717.82,183.78,429.2
1/30/2019,721.06,184.6,431.06
1/31/2019,719.62,184.2,429.9
2/1/2019,723.93,185.25,432.1
2/4/2019,726.75,185.97,433.72
2/5/2019,725.71,185.7,433.1
2/6/2019,723.74,185.2,431.92
2/7/2019,716.96,183.46,427.88
2/8/2019,713.08,182.46,425.53
2/11/2019,714.87,182.92,426.6
2/12/2019,726.09,185.79,433.26
2/13/2019,727.64,186.18,434.12
2/14/2019,719.25,184.03,429.09
2/15/2019,733.75,187.74,437.75
2/19/2019,735.31,188.13,438.59
2/20/2019,739.61,189.22,441.13
2/21/2019,736.3,188.38,439.16
2/22/2019,734.62,187.94,438.13
2/25/2019,737.73,188.74,439.97
2/26/2019,735.98,188.29,438.93
2/27/2019,738.76,188.99,440.49
2/28/2019,737.05,188.52,439.26
3/1/2019,741.13,189.56,441.64
3/4/2019,736.6,188.4,438.91
3/5/2019,734.31,187.8,437.48
3/6/2019,729.06,186.46,434.36
3/7/2019,721.45,184.5,429.74
3/8/2019,721.49,184.51,429.74
3/11/2019,728.63,186.34,433.99
3/12/2019,729.93,186.67,434.77
3/13/2019,735.26,188.03,437.94
3/14/2019,738.47,188.84,439.74
3/15/2019,743.2,190.05,442.54
3/18/2019,750.82,192,447.08
3/19/2019,745.1,190.53,443.66
3/20/2019,729.55,186.56,434.4
3/21/2019,727.43,186.01,433.09
3/22/2019,707.27,180.85,421.09
3/25/2019,704.5,180.14,419.44
3/26/2019,712.48,182.18,424.19
3/27/2019,709.36,181.39,422.33
3/28/2019,715.45,182.93,425.83
3/29/2019,717.79,183.52,427.19
4/1/2019,735.15,187.96,437.53
4/2/2019,735.07,187.94,437.48
4/3/2019,737.41,188.54,438.87
4/4/2019,741.72,189.58,441.01
4/5/2019,742.38,189.75,441.4
4/8/2019,743.49,190.04,442.06
4/9/2019,737.02,188.38,438.18
4/10/2019,739.5,189.01,439.65
4/11/2019,743.64,190.07,442.11
4/12/2019,757.96,193.73,450.63
4/15/2019,753.33,192.54,447.81
4/16/2019,763.63,195.17,453.93
4/17/2019,765.02,195.53,454.76
4/18/2019,763.17,195.05,453.66
4/22/2019,761.2,194.55,452.49
4/23/2019,765.64,195.69,455.13
4/24/2019,764.57,195.41,454.49
4/25/2019,766.55,195.92,455.67
4/26/2019,773.85,197.78,459.96
4/29/2019,781.1,199.62,464.22
4/30/2019,782.42,199.95,464.95
5/1/2019,775.71,198.24,460.97
5/2/2019,776.94,198.55,461.7
5/3/2019,783.69,200.25,465.52
5/6/2019,778.58,198.94,462.42
5/7/2019,765.41,195.58,454.6
5/8/2019,763.22,195.02,453.3
5/9/2019,762.63,194.83,452.67
5/10/2019,766.65,195.85,455.03
5/13/2019,744.62,190.22,441.95
5/14/2019,750.67,191.76,445.47
5/15/2019,747.09,190.85,443.33
5/16/2019,755.29,192.94,448.19
5/17/2019,750.81,191.79,445.52
5/20/2019,751.84,192.06,446.13
5/21/2019,758.34,193.71,449.95
5/22/2019,754.54,192.74,447.7
5/23/2019,743.33,189.88,441.03
5/24/2019,749.2,191.36,444.42
5/28/2019,741.04,189.27,439.55
5/29/2019,740.29,189.08,439.07
5/30/2019,737.09,188.25,437.11
5/31/2019,726.28,185.49,430.65
6/3/2019,731.27,186.76,433.6
6/4/2019,751.07,191.81,445.34
6/5/2019,755.44,192.92,447.87
6/6/2019,758.58,193.7,449.52
6/7/2019,757.22,193.34,448.64
6/10/2019,763.93,195.06,452.62
6/11/2019,763.96,195.06,452.63
6/12/2019,756.72,193.21,448.34
6/13/2019,758.71,193.7,449.39
6/14/2019,760.7,194.21,450.55
6/17/2019,753.59,192.39,446.34
6/18/2019,763.5,194.92,452.2
6/19/2019,761.93,194.52,451.26
6/20/2019,765.78,195.5,453.5
6/21/2019,763.73,194.98,452.28
6/24/2019,761.17,194.32,450.77
6/25/2019,758.48,193.64,449.17
6/26/2019,757.25,193.32,448.44
6/27/2019,764.42,195.14,452.57
6/28/2019,775.2,197.88,458.92
7/1/2019,784.03,200.14,464.14
7/2/2019,782.6,199.77,463.29
7/3/2019,787.96,201.09,466.05
7/5/2019,790.97,201.85,467.83
7/8/2019,785.97,200.58,464.87
7/9/2019,788.73,201.28,466.49
7/10/2019,785.14,200.36,464.34
7/11/2019,789.82,201.56,467.11
7/12/2019,794.66,202.79,469.97
7/15/2019,790.45,201.72,467.48
7/16/2019,788.4,201.19,466.27
7/17/2019,781.45,199.42,462.15
7/18/2019,787.98,201.08,465.94
7/19/2019,784.15,200.1,463.68
7/22/2019,785.79,200.52,464.65
7/23/2019,794.73,202.8,469.93
7/24/2019,802,204.65,474.23
7/25/2019,797.26,203.44,471.42
7/26/2019,805.23,205.47,476.09
7/29/2019,798.92,203.86,472.36
7/30/2019,797.6,203.51,471.49
7/31/2019,794.19,202.64,469.45
8/1/2019,775.76,197.94,458.55
8/2/2019,774.47,197.58,457.56
8/5/2019,749.37,191.17,442.67
8/6/2019,760.66,194.05,449.34
8/7/2019,751.45,191.7,443.89
8/8/2019,764.48,194.98,451.27
8/9/2019,762.21,194.4,449.93
8/12/2019,747.93,190.76,441.49
8/13/2019,756.87,193.03,446.72
8/14/2019,729.97,186.17,430.82
8/15/2019,732.25,186.75,432.16
8/16/2019,745.87,190.22,440.19
8/19/2019,753.34,192.12,444.53
8/20/2019,742.87,189.44,438.32
8/21/2019,746.3,190.31,440.32
8/22/2019,750.96,191.5,443.07
8/23/2019,731.94,186.65,431.84
8/26/2019,739.91,188.68,436.5
8/27/2019,734.77,187.37,433.46
8/28/2019,741.48,189.08,437.42
8/29/2019,752.66,191.91,443.89
8/30/2019,755.71,192.68,445.65
9/3/2019,747.35,190.55,440.72
9/4/2019,755.57,192.64,445.49
9/5/2019,770.34,196.37,453.94
9/6/2019,770.47,196.4,454.01
9/9/2019,782.43,199.44,460.99
9/10/2019,785.58,200.25,462.85
9/11/2019,790.26,201.44,465.6
9/12/2019,794.04,202.39,467.76
9/13/2019,800.72,204.09,471.68
9/16/2019,796.96,203.13,469.39
9/17/2019,797.73,203.32,469.84
9/18/2019,801.2,204.21,471.88
9/19/2019,798.06,203.4,469.98
9/20/2019,792.93,202.09,466.96
9/23/2019,794.28,202.44,467.76
9/24/2019,786.81,200.53,463.36
9/25/2019,792.56,202,466.75
9/26/2019,789.49,201.21,464.93
9/27/2019,791.59,201.73,466.03
9/30/2019,790.8,201.53,465.54
10/1/2019,774.36,197.34,455.86
10/2/2019,758.12,193.2,446.3
10/3/2019,760.15,193.66,447.03
10/4/2019,774.86,197.4,455.67
10/7/2019,771.43,196.53,453.65
10/8/2019,755.81,192.55,444.47
10/9/2019,763.37,194.47,448.9
10/10/2019,771.24,196.47,453.5
10/11/2019,781.13,198.99,459.31
10/14/2019,782.05,199.23,459.86
10/15/2019,792.47,201.88,465.98
10/16/2019,790.65,201.41,464.84
10/17/2019,791.56,201.64,465.37
10/18/2019,793.4,202.11,466.45
10/21/2019,804.68,204.98,473.09
10/22/2019,802.42,204.41,471.76
10/23/2019,805.3,205.14,473.45
10/24/2019,804.98,205.06,473.26
10/25/2019,809.02,206.08,475.59
10/28/2019,813.06,207.11,477.97
10/29/2019,815.39,207.7,479.31
10/30/2019,814.34,207.43,478.62
10/31/2019,809.89,206.29,475.99
11/1/2019,821.77,209.29,482.76
11/4/2019,829.18,211.17,487.06
11/5/2019,832.68,212.06,489.12
11/6/2019,836.11,212.93,491.13
11/7/2019,842.41,214.48,494.41
11/8/2019,842.63,214.53,494.49
11/11/2019,840.42,213.97,493.2
11/12/2019,840.73,214.05,493.38
11/13/2019,835.92,212.82,490.55
11/14/2019,836.68,213.02,490.99
11/15/2019,840.49,213.99,493.22
11/18/2019,841.73,214.3,493.95
11/19/2019,843.11,214.65,494.73
11/20/2019,838.95,213.59,492.26
11/21/2019,838.14,213.38,491.78
11/22/2019,844.49,215,495.51
11/25/2019,850.13,216.42,498.74
11/26/2019,849.14,216.17,498.15
11/27/2019,852.39,216.99,500.03
11/29/2019,850.73,216.56,498.96
12/2/2019,845.34,215.18,495.74
12/3/2019,834.2,212.34,489.21
12/4/2019,842.44,214.44,494.04
12/5/2019,846.1,215.33,495.88
12/6/2019,857.54,218.24,502.58
12/9/2019,855.08,217.61,501.07
12/10/2019,855.07,217.6,501.06
12/11/2019,853.38,217.17,500.03
12/12/2019,870.52,221.53,510.03
12/13/2019,866.51,220.5,507.63
12/16/2019,869.99,221.39,509.67
12/17/2019,874.28,222.47,512.16
12/18/2019,870.15,221.42,509.73
12/19/2019,870.49,221.5,509.88
12/20/2019,870.99,221.63,510.17
12/23/2019,869.47,221.24,509.28
12/24/2019,870.34,221.46,509.79
12/26/2019,875.35,222.72,512.59
12/27/2019,874.15,222.41,511.89
12/30/2019,870.98,221.59,509.9
12/31/2019,873.59,222.25,511.39
1/2/2020,881.89,224.36,516.21
1/3/2020,872.89,222.01,510.52
1/6/2020,872.39,221.89,510.23
1/7/2020,866.92,220.47,506.82
1/8/2020,871.6,221.66,509.56
1/9/2020,878.33,223.37,513.48
1/10/2020,871.47,221.62,509.47
1/13/2020,877.81,223.23,513.18
1/14/2020,875.71,222.7,511.95
1/15/2020,870.9,221.48,509.14
1/16/2020,877.75,223.21,513.07
1/17/2020,881.53,224.17,515.28
1/21/2020,873.92,222.24,510.83
1/22/2020,876.24,222.83,512.19
1/23/2020,874.19,222.31,510.99
1/24/2020,862.35,219.29,504.03
1/27/2020,849.09,215.92,496.28
1/28/2020,858.79,218.38,501.89
1/29/2020,857.43,218.03,501.09
1/30/2020,868.28,220.78,507.35
1/31/2020,851.04,216.37,497.1
2/3/2020,856.2,217.68,500.06
2/4/2020,865.08,219.93,505.25
2/5/2020,882.12,224.27,515.2
2/6/2020,881.17,223.98,514.33
2/7/2020,878.06,223.19,512.49
2/10/2020,879.89,223.65,513.56
2/11/2020,883.44,224.56,515.63
2/12/2020,884.14,224.73,516.01
2/13/2020,883.99,224.67,515.78
2/14/2020,884.78,224.87,516.18
2/18/2020,876.98,222.88,511.6
2/19/2020,883.47,224.53,515.37
2/20/2020,882.34,224.24,514.7
2/21/2020,873.78,222.06,509.7
2/24/2020,845.2,214.8,493.01
2/25/2020,816.46,207.49,476.22
2/26/2020,810.95,206.09,473.01
2/27/2020,775.51,197.08,452.33
2/28/2020,755.83,192.06,440.7
