date,tr,net_tr,growth
1/29/2010,1195.68,872.47,551.93
2/1/2010,1213.4,885.4,560.11
2/2/2010,1227.57,895.74,566.65
2/3/2010,1224.9,893.75,565.34
2/4/2010,1187.36,866.36,548
2/5/2010,1192.39,870.03,550.32
2/8/2010,1183.56,863.48,546.03
2/9/2010,1200.64,875.94,553.89
2/10/2010,1196.76,873.04,551.98
2/11/2010,1211.28,883.6,558.6
2/12/2010,1209.24,882.1,557.63
2/16/2010,1229.39,896.74,566.79
2/17/2010,1235.41,901.07,569.45
2/18/2010,1244.83,907.94,573.79
2/19/2010,1246.03,908.77,574.24
2/22/2010,1241.08,905.16,571.95
2/23/2010,1226.31,894.38,565.14
2/24/2010,1236.78,901.98,569.9
2/25/2010,1235.08,900.72,569.06
2/26/2010,1236.85,902,569.86
3/1/2010,1251.96,913.01,576.81
3/2/2010,1254.61,914.95,578.03
3/3/2010,1256.04,915.93,578.56
3/4/2010,1260.2,918.96,580.46
3/5/2010,1277.28,931.41,588.33
3/8/2010,1276.94,931.13,588.09
3/9/2010,1279.62,933.08,589.32
3/10/2010,1284.82,936.85,591.68
3/11/2010,1289.87,940.42,593.77
3/12/2010,1291.04,941.27,594.3
3/15/2010,1289.71,940.29,593.67
3/16/2010,1297.52,945.99,597.27
3/17/2010,1303.78,950.55,600.15
3/18/2010,1303.77,950.54,600.13
3/19/2010,1297.24,945.78,597.13
3/22/2010,1304.05,950.74,600.25
3/23/2010,1311.95,956.47,603.83
3/24/2010,1303.29,950.16,599.84
3/25/2010,1300.9,948.41,598.74
3/26/2010,1301.05,948.52,598.8
3/29/2010,1309.46,954.62,602.62
3/30/2010,1312.05,956.49,603.75
3/31/2010,1307.32,953.03,601.57
4/1/2010,1315.9,959.29,605.52
4/5/2010,1326.92,967.32,610.58
4/6/2010,1327.15,967.49,610.68
4/7/2010,1319.95,962.14,607.17
4/8/2010,1323.13,964.45,608.62
4/9/2010,1332.62,971.37,612.98
4/12/2010,1333.91,972.3,613.55
4/13/2010,1335.87,973.7,614.4
4/14/2010,1348.01,982.54,619.97
4/15/2010,1349.98,983.98,620.88
4/16/2010,1331.56,970.56,612.41
4/19/2010,1335.77,973.62,614.34
4/20/2010,1345.29,980.56,618.72
4/21/2010,1345.95,981.04,619.02
4/22/2010,1349.12,983.32,620.41
4/23/2010,1358.56,990.2,624.76
4/26/2010,1356.11,988.41,623.63
4/27/2010,1326.63,966.93,610.07
4/28/2010,1332.16,970.92,612.53
4/29/2010,1346.79,981.57,619.22
4/30/2010,1323.93,964.9,608.71
5/3/2010,1340.01,976.62,616.09
5/4/2010,1306.48,952.18,600.67
5/5/2010,1297.75,945.78,596.58
5/6/2010,1258.86,917.38,578.58
5/7/2010,1236.45,901.04,568.27
5/10/2010,1292.35,941.78,593.96
5/11/2010,1286.41,937.39,591.1
5/12/2010,1307.86,952.94,600.78
5/13/2010,1292.16,941.48,593.53
5/14/2010,1267.77,923.71,582.33
5/17/2010,1269,924.6,582.88
5/18/2010,1253.38,913.14,575.54
5/19/2010,1244.81,906.88,571.57
5/20/2010,1198.29,872.99,550.21
5/21/2010,1213.67,884.19,557.26
5/24/2010,1201.59,875.38,551.71
5/25/2010,1201.34,875.2,551.59
5/26/2010,1192.44,868.67,547.42
5/27/2010,1231.68,897.18,565.27
5/28/2010,1217.37,886.74,558.66
6/1/2010,1197.63,872.36,549.6
6/2/2010,1229.09,895.22,563.92
6/3/2010,1237.19,901.1,567.6
6/4/2010,1195.35,870.62,548.4
6/7/2010,1180.03,859.46,541.36
6/8/2010,1191.11,867.5,546.38
6/9/2010,1183.41,861.89,542.83
6/10/2010,1218.54,887.47,558.93
6/11/2010,1226.73,893.31,562.44
6/14/2010,1225.2,892.19,561.72
6/15/2010,1254.96,913.86,575.36
6/16/2010,1255.96,914.58,575.81
6/17/2010,1257.4,915.62,576.45
6/18/2010,1258.77,916.62,577.08
6/21/2010,1253.41,912.72,574.62
6/22/2010,1234.73,899.08,565.99
6/23/2010,1231.31,896.58,564.41
6/24/2010,1211.51,882.17,555.34
6/25/2010,1212.72,883.05,555.89
6/28/2010,1210.2,881.2,554.69
6/29/2010,1171.46,852.98,536.93
6/30/2010,1159.85,844.5,531.54
7/1/2010,1157.44,842.73,530.42
7/2/2010,1153.36,839.76,528.55
7/6/2010,1159.25,844.05,531.25
7/7/2010,1196.01,870.73,547.9
7/8/2010,1207.22,878.88,553.03
7/9/2010,1214.42,884.12,556.33
7/12/2010,1215.53,884.92,556.81
7/13/2010,1231.68,896.65,564.15
7/14/2010,1234.39,898.61,565.38
7/15/2010,1235.72,899.58,565.99
7/16/2010,1202.16,875.14,550.58
7/19/2010,1210.03,880.87,554.19
7/20/2010,1225.46,892.1,561.25
7/21/2010,1210.48,881.16,554.32
7/22/2010,1237.33,900.69,566.59
7/23/2010,1247.06,907.77,571.04
7/26/2010,1257.86,915.63,575.99
7/27/2010,1254.37,913.09,574.39
7/28/2010,1246.02,907,570.55
7/29/2010,1240.41,902.91,567.95
7/30/2010,1240.2,902.76,567.85
8/2/2010,1267.46,922.59,580.33
8/3/2010,1262.16,918.73,577.89
8/4/2010,1272.33,926.1,582.47
8/5/2010,1270.61,924.84,581.66
8/6/2010,1266.53,921.81,579.68
8/9/2010,1274.04,927.27,583.11
8/10/2010,1266.52,921.8,579.66
8/11/2010,1233.01,897.3,564.1
8/12/2010,1223.76,890.54,559.8
8/13/2010,1218.03,886.36,557.15
8/16/2010,1219.15,887.17,557.65
8/17/2010,1236.19,899.5,565.32
8/18/2010,1237.63,900.5,565.87
8/19/2010,1218.93,886.89,557.31
8/20/2010,1215.23,884.2,555.62
8/23/2010,1208.89,879.58,552.71
8/24/2010,1189.71,865.62,543.93
8/25/2010,1194.3,868.94,545.98
8/26/2010,1184.55,861.84,541.51
8/27/2010,1203.97,875.91,550.26
8/30/2010,1188.08,864.3,542.9
8/31/2010,1186.26,862.97,542.06
9/1/2010,1220.15,887.58,557.45
9/2/2010,1231.29,895.67,562.51
9/3/2010,1248.19,907.95,570.21
9/7/2010,1237.06,899.85,565.11
9/8/2010,1245.4,905.87,568.83
9/9/2010,1248.64,908.22,570.31
9/10/2010,1255.8,913.43,573.56
9/13/2010,1270.26,923.83,579.91
9/14/2010,1271.73,924.89,580.58
9/15/2010,1276.98,928.71,582.97
9/16/2010,1278.63,929.9,583.71
9/17/2010,1282.46,932.68,585.45
9/20/2010,1300.92,946.1,593.86
9/21/2010,1298.88,944.62,592.93
9/22/2010,1294.49,941.39,590.86
9/23/2010,1287.27,936.14,587.57
9/24/2010,1313.81,955.44,599.68
9/27/2010,1307.81,951.08,596.94
9/28/2010,1313.33,955.07,599.41
9/29/2010,1311.6,953.79,598.58
9/30/2010,1306.34,949.96,596.17
10/1/2010,1310.32,952.86,597.98
10/4/2010,1298.49,944.24,592.56
10/5/2010,1325.74,964.06,605
10/6/2010,1323.7,962.46,603.83
10/7/2010,1321.18,960.62,602.67
10/8/2010,1331.27,967.96,607.27
10/11/2010,1331.43,968.08,607.35
10/12/2010,1336.51,971.77,609.66
10/13/2010,1349.98,981.52,615.73
10/14/2010,1348.78,980.65,615.19
10/15/2010,1361.41,989.84,620.94
10/18/2010,1368.59,995.06,624.22
10/19/2010,1345,977.9,613.46
10/20/2010,1358.2,987.47,619.41
10/21/2010,1361.52,989.85,620.86
10/22/2010,1366.98,993.82,623.35
10/25/2010,1371.39,997.03,625.36
10/26/2010,1372.07,997.52,625.67
10/27/2010,1369.83,995.88,624.64
10/28/2010,1370.65,996.47,624.98
10/29/2010,1371.79,997.29,625.49
11/1/2010,1375.47,999.97,627.17
11/2/2010,1389.26,1009.99,633.46
11/3/2010,1392.51,1012.32,634.86
11/4/2010,1417.14,1030.21,646.06
11/5/2010,1419.13,1031.66,646.97
11/8/2010,1418.17,1030.9,646.41
11/9/2010,1410.16,1025,642.59
11/10/2010,1416.27,1029.38,645.25
11/11/2010,1409.23,1024.26,642.04
11/12/2010,1389.93,1010.22,633.21
11/15/2010,1386.6,1007.78,631.67
11/16/2010,1363.27,990.75,620.88
11/17/2010,1366.09,992.74,622.04
11/18/2010,1389.46,1009.73,632.68
11/19/2010,1394.38,1013.28,634.88
11/22/2010,1396.59,1014.86,635.84
11/23/2010,1376.32,1000.13,626.6
11/24/2010,1399.55,1017,637.16
11/26/2010,1390.31,1010.23,632.83
11/29/2010,1387.21,1007.87,631.2
11/30/2010,1378.3,1001.39,627.14
12/1/2010,1408.32,1023.14,640.67
12/2/2010,1423.77,1034.36,647.69
12/3/2010,1427.6,1037.13,649.4
12/6/2010,1426.31,1036.19,648.8
12/7/2010,1424.79,1035.08,648.11
12/8/2010,1428.08,1037.43,649.51
12/9/2010,1430.18,1038.95,650.45
12/10/2010,1437.11,1043.98,653.6
12/13/2010,1437.74,1044.39,653.78
12/14/2010,1439.24,1045.47,654.45
12/15/2010,1433.3,1041.15,651.74
12/16/2010,1440.7,1046.51,655.08
12/17/2010,1442.54,1047.85,655.91
12/20/2010,1446.25,1050.53,657.58
12/21/2010,1452.88,1055.29,660.46
12/22/2010,1454.07,1056.15,661
12/23/2010,1451.64,1054.37,659.86
12/27/2010,1450.82,1053.77,659.48
12/28/2010,1450.55,1053.57,659.35
12/29/2010,1453.8,1055.89,660.75
12/30/2010,1451.63,1054.31,659.75
12/31/2010,1450.29,1053.34,659.13
1/3/2011,1464.15,1063.38,665.39
1/4/2011,1458.71,1059.43,662.92
1/5/2011,1466.14,1064.79,666.22
1/6/2011,1464.52,1063.51,665.28
1/7/2011,1462.43,1062,664.33
1/10/2011,1461.53,1061.34,663.92
1/11/2011,1465.64,1064.33,665.79
1/12/2011,1476.96,1072.49,670.8
1/13/2011,1475.26,1071.25,670.03
1/14/2011,1483.42,1077.17,673.71
1/18/2011,1488.37,1080.75,675.94
1/19/2011,1476.48,1072.08,670.47
1/20/2011,1470.66,1067.85,667.82
1/21/2011,1467.52,1065.56,666.37
1/24/2011,1479.55,1074.3,671.83
1/25/2011,1480.24,1074.79,672.14
1/26/2011,1488.17,1080.55,675.73
1/27/2011,1489.46,1081.48,676.3
1/28/2011,1461.1,1060.88,663.41
1/31/2011,1472.67,1069.28,668.66
2/1/2011,1493.17,1084.17,677.97
2/2/2011,1491.29,1082.78,677.09
2/3/2011,1494.09,1084.77,678.26
2/4/2011,1501.32,1090.01,681.53
2/7/2011,1509.03,1095.61,685.02
2/8/2011,1516.76,1101.17,688.41
2/9/2011,1514.64,1099.59,687.38
2/10/2011,1517.1,1101.34,688.42
2/11/2011,1525.38,1107.3,692.07
2/14/2011,1528.66,1109.66,693.51
2/15/2011,1524.68,1106.7,691.56
2/16/2011,1533.87,1113.3,695.58
2/17/2011,1536.97,1115.55,696.98
2/18/2011,1538.11,1116.37,697.5
2/22/2011,1504.65,1092.08,682.31
2/23/2011,1492.76,1083.43,676.87
2/24/2011,1494.57,1084.72,677.63
2/25/2011,1513.27,1098.19,685.91
2/28/2011,1519.37,1102.61,688.66
3/1/2011,1495.84,1085.53,677.99
3/2/2011,1500.69,1088.98,680.05
3/3/2011,1527.41,1108.35,692.12
3/4/2011,1518.17,1101.64,687.92
3/7/2011,1503.24,1090.8,681.14
3/8/2011,1513.51,1098.23,685.74
3/9/2011,1509.32,1095.16,683.78
3/10/2011,1482.66,1075.82,671.71
3/11/2011,1493.22,1083.35,676.21
3/14/2011,1484.55,1077.05,672.27
3/15/2011,1468.27,1065.23,664.89
3/16/2011,1438.72,1043.79,651.5
3/17/2011,1455.91,1056.25,659.26
3/18/2011,1459.28,1058.69,660.78
3/21/2011,1483.11,1075.98,671.57
3/22/2011,1479.09,1073,669.61
3/23/2011,1485.97,1077.98,672.72
3/24/2011,1502.57,1090.02,680.23
3/25/2011,1507.27,1093.43,682.36
3/28/2011,1503.01,1090.35,680.43
3/29/2011,1515.81,1099.58,686.12
3/30/2011,1524.65,1105.96,690.06
3/31/2011,1523.87,1105.4,689.71
4/1/2011,1529.86,1109.74,692.41
4/4/2011,1529.96,1109.79,692.42
4/5/2011,1528.71,1108.88,691.85
4/6/2011,1530.25,1109.89,692.31
4/7/2011,1528.62,1108.69,691.55
4/8/2011,1523.02,1104.63,689.01
4/11/2011,1519.53,1102.08,687.41
4/12/2011,1507.94,1093.68,682.16
4/13/2011,1512.3,1096.78,684
4/14/2011,1513.46,1097.62,684.53
4/15/2011,1517.74,1100.73,686.47
4/18/2011,1503.15,1090.14,679.86
4/19/2011,1511.92,1096.5,683.83
4/20/2011,1535.76,1113.79,694.59
4/21/2011,1547.01,1121.92,699.65
4/25/2011,1544.64,1120.2,698.57
4/26/2011,1557.73,1129.7,704.49
4/27/2011,1567.09,1136.45,708.64
4/28/2011,1572.18,1140.11,710.88
4/29/2011,1575.41,1142.45,712.34
5/2/2011,1574.54,1141.82,711.95
5/3/2011,1569.04,1137.83,709.46
5/4/2011,1559.55,1130.89,705.05
5/5/2011,1547.83,1122.37,699.71
5/6/2011,1553.55,1126.46,702.17
5/9/2011,1561.63,1132.31,705.81
5/10/2011,1574.13,1141.38,711.46
5/11/2011,1559.07,1130.39,704.51
5/12/2011,1570.07,1138.34,709.43
5/13/2011,1557.6,1129.29,703.77
5/16/2011,1544.7,1119.91,697.91
5/17/2011,1543.73,1119.14,697.32
5/18/2011,1558.4,1129.72,703.82
5/19/2011,1562.29,1132.53,705.57
5/20/2011,1552.46,1125.41,701.13
5/23/2011,1533.39,1111.57,692.51
5/24/2011,1532.31,1110.79,692.01
5/25/2011,1537.69,1114.66,694.38
5/26/2011,1545.76,1120.44,697.86
5/27/2011,1551.01,1124.16,700.08
5/31/2011,1568.23,1136.64,707.84
6/1/2011,1535.08,1112.56,692.78
6/2/2011,1534.11,1111.84,692.29
6/3/2011,1517.28,1099.62,684.66
6/6/2011,1503.71,1089.78,678.53
6/7/2011,1502.65,1089,678.03
6/8/2011,1495.85,1084.03,674.85
6/9/2011,1505.16,1090.77,679.05
6/10/2011,1482.38,1074.26,668.76
6/13/2011,1481.94,1073.8,668.27
6/14/2011,1502.63,1088.78,677.59
6/15/2011,1477.87,1070.84,666.41
6/16/2011,1476.87,1070.1,665.93
6/17/2011,1479.9,1072.29,667.29
6/20/2011,1488.72,1078.68,671.27
6/21/2011,1510.91,1094.7,681.15
6/22/2011,1501.27,1087.71,676.78
6/23/2011,1500.9,1087.44,676.61
6/24/2011,1483.23,1074.63,668.65
6/27/2011,1498.34,1085.58,675.46
6/28/2011,1521.46,1102.28,685.78
6/29/2011,1531.98,1109.87,690.45
6/30/2011,1548.79,1122.05,698.02
7/1/2011,1571.64,1138.58,708.27
7/5/2011,1574.29,1140.49,709.44
7/6/2011,1579.83,1144.39,711.72
7/7/2011,1596.88,1156.73,719.37
7/8/2011,1588.56,1150.7,715.63
7/11/2011,1561.36,1130.99,703.35
7/12/2011,1552.56,1124.61,699.38
7/13/2011,1557.79,1128.34,701.61
7/14/2011,1545.93,1119.75,696.27
7/15/2011,1559.72,1129.74,702.48
7/18/2011,1549.18,1122.1,697.72
7/19/2011,1579.94,1144.38,711.57
7/20/2011,1574.65,1140.5,709.1
7/21/2011,1591.16,1152.46,716.54
7/22/2011,1597.47,1157.01,719.34
7/25/2011,1589.72,1151.4,715.85
7/26/2011,1585.07,1148.03,713.75
7/27/2011,1550.86,1123.25,698.34
7/28/2011,1548.71,1121.67,697.32
7/29/2011,1539.73,1115.17,693.28
8/1/2011,1532.18,1109.69,689.87
8/2/2011,1493.85,1081.93,672.61
8/3/2011,1504.69,1089.72,677.37
8/4/2011,1434.01,1038.52,645.52
8/5/2011,1434.17,1038.63,645.58
8/8/2011,1347.93,976.11,606.62
8/9/2011,1408.22,1019.76,633.75
8/10/2011,1351.49,978.66,608.17
8/11/2011,1410.45,1021.29,634.58
8/12/2011,1421.9,1029.58,639.73
8/15/2011,1446.47,1047.35,650.74
8/16/2011,1432.64,1037.26,644.34
8/17/2011,1431.86,1036.64,643.89
8/18/2011,1366.17,989.07,614.31
8/19/2011,1344.47,973.36,604.55
8/22/2011,1348.77,976.47,606.48
8/23/2011,1397.69,1011.88,628.47
8/24/2011,1413.14,1023.02,635.33
8/25/2011,1390.07,1006.32,624.96
8/26/2011,1416.18,1025.17,636.59
8/29/2011,1453.83,1052.4,653.45
8/30/2011,1460.92,1057.46,656.5
8/31/2011,1466.63,1061.53,658.95
9/1/2011,1450.74,1050.01,651.74
9/2/2011,1417.21,1025.73,636.65
9/6/2011,1411.27,1021.42,633.97
9/7/2011,1447.54,1047.62,650.16
9/8/2011,1435.16,1038.65,644.59
9/9/2011,1397.45,1011.35,627.63
9/12/2011,1407.33,1018.48,632.02
9/13/2011,1422.2,1029.11,638.43
9/14/2011,1442.17,1043.56,647.39
9/15/2011,1465.03,1060.1,657.64
9/16/2011,1475.41,1067.59,662.28
9/19/2011,1466.6,1061.22,658.32
9/20/2011,1463.74,1059.14,657.02
9/21/2011,1426.54,1032.21,640.31
9/22/2011,1380.95,999.22,619.84
9/23/2011,1389.24,1005.15,623.41
9/26/2011,1415.71,1024.31,635.29
9/27/2011,1431.65,1035.84,642.44
9/28/2011,1403.9,1015.71,629.88
9/29/2011,1405.18,1016.63,630.44
9/30/2011,1369.72,990.97,614.53
10/3/2011,1334.43,965.41,598.65
10/4/2011,1362.04,985.38,611.02
10/5/2011,1387.79,1003.89,622.31
10/6/2011,1412.62,1021.82,633.39
10/7/2011,1404.7,1016.08,629.81
10/10/2011,1450.85,1049.46,650.51
10/11/2011,1453.55,1051.42,651.72
10/12/2011,1464.83,1059.5,656.62
10/13/2011,1467.15,1061.18,657.66
10/14/2011,1494.6,1081.03,669.96
10/17/2011,1465.2,1059.77,656.79
10/18/2011,1487.1,1075.61,666.6
10/19/2011,1464.28,1059.06,656.29
10/20/2011,1467.21,1061.17,657.58
10/21/2011,1494.37,1080.8,669.73
10/24/2011,1516.06,1096.48,679.44
10/25/2011,1486.2,1074.88,666.05
10/26/2011,1496.5,1082.33,670.66
10/27/2011,1543.98,1116.66,691.92
10/28/2011,1547.57,1119.25,693.51
10/31/2011,1514.81,1095.55,678.82
11/1/2011,1476.48,1067.83,661.64
11/2/2011,1496.57,1082.33,670.6
11/3/2011,1526.5,1103.93,683.89
11/4/2011,1517.72,1097.57,679.95
11/7/2011,1526.22,1103.72,683.75
11/8/2011,1544.18,1116.62,691.61
11/9/2011,1489.72,1077.21,667.16
11/10/2011,1499.97,1084.56,671.65
11/11/2011,1529.97,1106.26,685.09
11/14/2011,1518.39,1097.86,679.84
11/15/2011,1530.12,1106.24,684.89
11/16/2011,1507.34,1089.73,674.6
11/17/2011,1479.04,1069.26,661.92
11/18/2011,1476.24,1067.24,660.67
11/21/2011,1449.48,1047.86,648.64
11/22/2011,1447.17,1046.17,647.56
11/23/2011,1416.12,1023.72,633.65
11/25/2011,1410.69,1019.74,631.11
11/28/2011,1454.48,1051.36,650.63
11/29/2011,1454.84,1051.48,650.51
11/30/2011,1512.73,1093.26,676.26
12/1/2011,1513.29,1093.64,676.47
12/2/2011,1510.09,1091.32,675.01
12/5/2011,1523.85,1101.25,681.14
12/6/2011,1523.76,1101.18,681.08
12/7/2011,1524.81,1101.89,681.46
12/8/2011,1497.32,1082.02,669.16
12/9/2011,1521.35,1099.39,679.9
12/12/2011,1501.6,1085.1,671.04
12/13/2011,1487.01,1074.48,664.37
12/14/2011,1468.2,1060.85,655.89
12/15/2011,1470.91,1062.78,657.04
12/16/2011,1474.97,1065.7,658.83
12/19/2011,1462.95,1057.02,653.46
12/20/2011,1503.98,1086.58,671.63
12/21/2011,1501.84,1085.03,670.66
12/22/2011,1509.66,1090.66,674.12
12/23/2011,1523.56,1100.7,680.32
12/27/2011,1526.6,1102.9,681.67
12/28/2011,1509.75,1090.68,674.06
12/29/2011,1524.04,1101,680.43
12/30/2011,1517.8,1096.49,677.63
1/3/2012,1536.6,1110.07,686.02
1/4/2012,1537.08,1110.37,686.15
1/5/2012,1539.95,1112.45,687.43
1/6/2012,1537.16,1110.38,686.07
1/9/2012,1537.76,1110.8,686.32
1/10/2012,1548.7,1118.7,691.2
1/11/2012,1545.91,1116.63,689.85
1/12/2012,1548.42,1118.45,690.97
1/13/2012,1543.11,1114.61,688.6
1/17/2012,1552.15,1121.14,692.63
1/18/2012,1567.39,1132.08,699.28
1/19/2012,1574.98,1137.55,702.66
1/20/2012,1572.99,1136.1,701.74
1/23/2012,1573.79,1136.68,702.1
1/24/2012,1573.22,1136.26,701.84
1/25/2012,1591.16,1149.22,709.84
1/26/2012,1584.36,1144.3,706.79
1/27/2012,1582.39,1142.87,705.89
1/30/2012,1581.08,1141.92,705.3
1/31/2012,1580.35,1141.39,704.97
2/1/2012,1591.44,1149.39,709.9
2/2/2012,1593.43,1150.81,710.75
2/3/2012,1612.77,1164.74,719.3
2/6/2012,1612.82,1164.77,719.31
2/7/2012,1617.09,1167.85,721.2
2/8/2012,1619.29,1169.29,721.87
2/9/2012,1624.85,1173.3,724.34
2/10/2012,1615.52,1166.56,720.18
2/13/2012,1626.91,1174.71,725.1
2/14/2012,1629.23,1176.33,726.03
2/15/2012,1619.47,1169.17,721.44
2/16/2012,1633.71,1179.4,727.7
2/17/2012,1634.82,1180.18,728.15
2/21/2012,1637.08,1181.82,729.15
2/22/2012,1636,1181.03,728.65
2/23/2012,1643.18,1186.2,731.82
2/24/2012,1649.51,1190.68,734.47
2/27/2012,1649.83,1190.88,734.55
2/28/2012,1657.04,1196.02,737.61
2/29/2012,1650.77,1191.4,734.64
3/1/2012,1658.72,1197.12,738.13
3/2/2012,1654.92,1194.37,736.43
3/5/2012,1648.91,1190.01,733.71
3/6/2012,1627.27,1174.38,724.06
3/7/2012,1636.19,1180.73,727.83
3/8/2012,1652.04,1192.13,734.83
3/9/2012,1656.35,1195.25,736.74
3/12/2012,1657.93,1196.38,737.43
3/13/2012,1683.34,1214.57,748.43
3/14/2012,1683.84,1214.91,748.63
3/15/2012,1689.96,1219.33,751.35
3/16/2012,1691.33,1220.32,751.95
3/19/2012,1700.04,1226.6,755.83
3/20/2012,1694.02,1222.25,753.15
3/21/2012,1691.45,1220.39,751.98
3/22/2012,1682.58,1213.99,748.04
3/23/2012,1685.1,1215.81,749.16
3/26/2012,1708.95,1233.02,759.76
3/27/2012,1707.03,1231.56,758.76
3/28/2012,1699.3,1225.93,755.22
3/29/2012,1699.07,1225.76,755.11
3/30/2012,1703.96,1229.29,757.28
4/2/2012,1718.39,1239.69,763.67
4/3/2012,1715.92,1237.86,762.48
4/4/2012,1699.84,1226.26,755.33
4/5/2012,1703.88,1229.12,757.02
4/9/2012,1687.32,1217.16,749.62
4/10/2012,1660.82,1198.04,737.85
4/11/2012,1670.47,1204.92,741.98
4/12/2012,1690.1,1219.08,750.69
4/13/2012,1672.08,1206.09,742.69
4/16/2012,1665.55,1201.38,739.79
4/17/2012,1692.98,1221.16,751.97
4/18/2012,1687.61,1217.29,749.59
4/19/2012,1674.97,1208.16,743.95
4/20/2012,1677.37,1209.87,744.98
4/23/2012,1663.62,1199.95,738.86
4/24/2012,1664.72,1200.75,739.36
4/25/2012,1695.43,1222.83,752.86
4/26/2012,1704.75,1229.54,756.98
4/27/2012,1710.87,1233.95,759.68
4/30/2012,1703.35,1228.52,756.34
5/1/2012,1709.81,1233.18,759.21
5/2/2012,1710.49,1233.67,759.49
5/3/2012,1698.83,1225.2,754.21
5/4/2012,1670.34,1204.65,741.55
5/7/2012,1669.89,1204.32,741.33
5/8/2012,1663.7,1199.78,738.45
5/9/2012,1652.79,1191.87,733.5
5/10/2012,1656.21,1194.2,734.74
5/11/2012,1654.67,1193.05,733.98
5/14/2012,1638.28,1181.19,726.63
5/15/2012,1632.28,1176.81,723.84
5/16/2012,1627.12,1172.97,721.32
5/17/2012,1601.42,1154.44,709.92
5/18/2012,1588.7,1145.27,704.28
5/21/2012,1620.17,1167.96,718.23
5/22/2012,1618.79,1166.96,717.61
5/23/2012,1624.18,1170.84,719.99
5/24/2012,1625.22,1171.5,720.26
5/25/2012,1619.76,1167.56,717.84
5/29/2012,1636.81,1179.8,725.3
5/30/2012,1617.15,1165.5,716.31
5/31/2012,1610.41,1160.58,713.2
6/1/2012,1572.7,1133.4,696.49
6/4/2012,1576.93,1136.43,698.34
6/5/2012,1582.61,1140.51,700.82
6/6/2012,1616.7,1164.99,715.74
6/7/2012,1616.85,1165.09,715.79
6/8/2012,1628.43,1173.43,720.9
6/11/2012,1608.98,1159.4,712.27
6/12/2012,1625.42,1171.24,719.53
6/13/2012,1614.77,1163.42,714.51
6/14/2012,1629.69,1174.17,721.11
6/15/2012,1646.27,1186.11,728.44
6/18/2012,1653.45,1191.28,731.61
6/19/2012,1667.83,1201.64,737.97
6/20/2012,1663.14,1198.24,735.87
6/21/2012,1625.83,1171.36,719.35
6/22/2012,1638.21,1180.28,724.83
6/25/2012,1614.28,1162.96,714.09
6/26/2012,1621.44,1168.13,717.26
6/27/2012,1633.86,1177.02,722.65
6/28/2012,1628.24,1172.96,720.14
6/29/2012,1669.06,1202.36,738.19
7/2/2012,1674.01,1205.93,740.37
7/3/2012,1686.61,1214.96,745.84
7/5/2012,1684.25,1213.25,744.79
7/6/2012,1668.11,1201.57,737.54
7/9/2012,1667.56,1201.17,737.3
7/10/2012,1654.29,1191.61,731.42
7/11/2012,1651.19,1189.31,729.92
7/12/2012,1645.9,1185.51,727.59
7/13/2012,1669.79,1202.71,738.14
7/16/2012,1666,1199.98,736.47
7/17/2012,1676.72,1207.7,741.21
7/18/2012,1689.99,1217.19,746.92
7/19/2012,1700.68,1224.88,751.64
7/20/2012,1683.4,1212.42,743.97
7/23/2012,1667.86,1201.23,737.1
7/24/2012,1652.34,1190.05,730.24
7/25/2012,1648.86,1187.54,728.69
7/26/2012,1675.09,1206.42,740.28
7/27/2012,1707.78,1229.95,754.69
7/30/2012,1708.06,1230.15,754.8
7/31/2012,1699.52,1223.99,751.02
8/1/2012,1694.37,1220.29,748.74
8/2/2012,1683.5,1212.43,743.89
8/3/2012,1713.69,1234.14,757.15
8/6/2012,1717.04,1236.54,758.61
8/7/2012,1725.08,1242.33,762.16
8/8/2012,1724.28,1241.65,761.6
8/9/2012,1724.99,1241.92,761.42
8/10/2012,1729.23,1244.97,763.29
8/13/2012,1729.22,1244.9,763.16
8/14/2012,1730.74,1245.94,763.71
8/15/2012,1733.56,1247.85,764.71
8/16/2012,1745.44,1256.36,769.87
8/17/2012,1749.76,1259.47,771.78
8/20/2012,1749.56,1259.32,771.67
8/21/2012,1741.39,1253.43,768.06
8/22/2012,1744.79,1255.86,769.51
8/23/2012,1731.55,1246.33,763.67
8/24/2012,1743.74,1255,768.85
8/27/2012,1744.16,1255.31,769.03
8/28/2012,1743.41,1254.76,768.68
8/29/2012,1743.95,1255.05,768.74
8/30/2012,1729.81,1244.8,762.35
8/31/2012,1738.7,1251.19,766.25
9/4/2012,1737.45,1250.29,765.68
9/5/2012,1734.31,1247.91,764.05
9/6/2012,1766.55,1271.06,778.17
9/7/2012,1772.05,1275.01,780.58
9/10/2012,1760.54,1266.72,775.49
9/11/2012,1763.26,1268.67,776.68
9/12/2012,1766.68,1271.02,777.95
9/13/2012,1794.01,1290.62,789.86
9/14/2012,1801.06,1295.69,792.96
9/17/2012,1801.33,1295.87,793.05
9/18/2012,1800.99,1295.62,792.89
9/19/2012,1801.93,1296.29,793.29
9/20/2012,1800.7,1295.4,792.74
9/21/2012,1800.73,1295.42,792.75
9/24/2012,1794.49,1290.93,790.01
9/25/2012,1777.05,1278.31,782.16
9/26/2012,1767.17,1271.16,777.74
9/27/2012,1784.81,1283.84,785.48
9/28/2012,1775.82,1277.37,781.52
10/1/2012,1780.32,1280.6,783.49
10/2/2012,1781.13,1281.19,783.85
10/3/2012,1788.34,1286.32,786.91
10/4/2012,1797.6,1292.98,790.99
10/5/2012,1795.8,1291.62,790.07
10/8/2012,1787.97,1285.99,786.63
10/9/2012,1768.86,1272.24,778.21
10/10/2012,1758.08,1264.44,773.37
10/11/2012,1756.75,1263.44,772.7
10/12/2012,1755.76,1262.73,772.26
10/15/2012,1769.39,1272.53,778.25
10/16/2012,1788.99,1286.63,786.88
10/17/2012,1789.84,1287.18,787.12
10/18/2012,1779.79,1279.93,782.67
10/19/2012,1748.39,1257.34,768.83
10/22/2012,1751.83,1259.81,770.34
10/23/2012,1727.89,1242.59,759.81
10/24/2012,1722.16,1238.47,757.29
10/25/2012,1726.17,1241.35,759.04
10/26/2012,1727.12,1242.04,759.46
10/31/2012,1725.8,1241.05,758.81
11/1/2012,1743.89,1254.03,766.71
11/2/2012,1726.23,1241.33,758.94
11/5/2012,1731.78,1245.28,761.31
11/6/2012,1742.99,1253.34,766.22
11/7/2012,1707.47,1227.49,749.98
11/8/2012,1683.82,1210.48,739.58
11/9/2012,1689.17,1214.31,741.9
11/12/2012,1690.54,1215.3,742.5
11/13/2012,1685.33,1211.44,739.99
11/14/2012,1664.03,1196.01,730.39
11/15/2012,1661.2,1193.95,729.09
11/16/2012,1669.65,1200.01,732.77
11/19/2012,1704.56,1225.09,748.07
11/20/2012,1704.75,1225.19,748.09
11/21/2012,1708.76,1228.07,749.84
11/23/2012,1731.5,1244.32,759.63
11/26/2012,1728.77,1242.36,758.42
11/27/2012,1721.12,1236.85,755.05
11/28/2012,1734.63,1246.43,760.72
11/29/2012,1742.6,1252.06,764.01
11/30/2012,1741.92,1251.57,763.71
12/3/2012,1733.67,1245.63,760.08
12/4/2012,1730.02,1243,758.46
12/5/2012,1725.39,1239.52,756.12
12/6/2012,1732.74,1244.75,759.24
12/7/2012,1734.66,1246.11,760.04
12/10/2012,1735.12,1246.44,760.23
12/11/2012,1748.64,1256.15,766.15
12/12/2012,1746.88,1254.8,765.2
12/13/2012,1735.4,1246.46,759.99
12/14/2012,1724.95,1238.94,755.38
12/17/2012,1742.99,1251.9,763.28
12/18/2012,1762.14,1265.64,771.65
12/19/2012,1749.03,1256.21,765.87
12/20/2012,1755.32,1260.71,768.6
12/21/2012,1741.69,1250.91,762.6
12/24/2012,1738.59,1248.6,761.08
12/26/2012,1728.31,1241.21,756.56
12/27/2012,1727.6,1240.65,756.16
12/28/2012,1708.96,1227.24,747.94
12/31/2012,1739.57,1249.21,761.33
1/2/2013,1785.15,1281.9,781.19
1/3/2013,1780.36,1278.46,779.09
1/4/2013,1784.22,1281.24,780.79
1/7/2013,1780.1,1278.27,778.98
1/8/2013,1777.42,1276.3,777.71
1/9/2013,1782.26,1279.77,779.81
1/10/2013,1793.98,1288.19,784.94
1/11/2013,1795.17,1289,785.38
1/14/2013,1790.12,1285.37,783.16
1/15/2013,1788.16,1283.97,782.3
1/16/2013,1790.64,1285.7,783.29
1/17/2013,1801.2,1293.28,787.91
1/18/2013,1803.99,1295.27,789.11
1/22/2013,1808.39,1298.42,791.01
1/23/2013,1813.94,1302.4,793.44
1/24/2013,1807.19,1297.54,790.46
1/25/2013,1816.71,1304.38,794.63
1/28/2013,1812.48,1301.34,792.77
1/29/2013,1819.83,1306.61,795.97
1/30/2013,1813.73,1302.17,793.18
1/31/2013,1808.19,1298.19,790.74
2/1/2013,1825.69,1310.74,798.37
2/4/2013,1802.4,1294.01,788.18
2/5/2013,1823.67,1309.21,797.32
2/6/2013,1824.31,1309.64,797.54
2/7/2013,1823.3,1308.68,796.62
2/8/2013,1836.17,1317.92,802.25
2/11/2013,1834.21,1316.49,801.35
2/12/2013,1833.08,1315.65,800.81
2/13/2013,1834.91,1316.87,801.41
2/14/2013,1836.81,1318.22,802.22
2/15/2013,1838.19,1319.18,802.76
2/19/2013,1850.85,1328.21,808.17
2/20/2013,1827.89,1311.71,798.1
2/21/2013,1815.28,1302.63,792.53
2/22/2013,1831.06,1313.89,799.3
2/25/2013,1800.75,1292.14,786.07
2/26/2013,1812.8,1300.73,791.22
2/27/2013,1834.23,1316,800.34
2/28/2013,1832.69,1314.88,799.64
3/1/2013,1838.13,1318.78,802
3/4/2013,1847.17,1325.26,805.94
3/5/2013,1866.74,1339.28,814.44
3/6/2013,1867.02,1339.39,814.38
3/7/2013,1870.02,1341.54,815.66
3/8/2013,1876.61,1346.26,818.53
3/11/2013,1882.55,1350.49,821.07
3/12/2013,1876.84,1346.36,818.51
3/13/2013,1878.99,1347.72,819.07
3/14/2013,1887.54,1353.85,822.78
3/15/2013,1884.12,1351.39,821.29
3/18/2013,1875.84,1345.45,817.68
3/19/2013,1872.31,1342.92,816.14
3/20/2013,1886.04,1352.76,822.12
3/21/2013,1869.64,1340.99,814.96
3/22/2013,1884.62,1351.74,821.48
3/25/2013,1878.14,1347.09,818.66
3/26/2013,1894.7,1358.82,825.59
3/27/2013,1893.91,1358.26,825.24
3/28/2013,1901.88,1363.97,828.71
4/1/2013,1891.29,1356.34,824.03
4/2/2013,1903.59,1365.16,829.38
4/3/2013,1885.97,1352.47,821.6
4/4/2013,1890.95,1356.02,823.72
4/5/2013,1878.99,1347.44,818.51
4/8/2013,1892.07,1356.76,824.09
4/9/2013,1897.36,1360.56,826.39
4/10/2013,1923.79,1379.48,837.84
4/11/2013,1931.39,1384.88,841.06
4/12/2013,1927.88,1382.36,839.52
4/15/2013,1884.82,1351.49,820.77
4/16/2013,1914.24,1372.58,833.58
4/17/2013,1886.41,1352.63,821.46
4/18/2013,1870.43,1341.17,814.51
4/19/2013,1890.16,1355.3,823.07
4/22/2013,1902.36,1364.04,828.36
4/23/2013,1921.82,1377.99,836.83
4/24/2013,1917.38,1374.76,834.8
4/25/2013,1924.98,1380.2,838.1
4/26/2013,1921.42,1377.64,836.53
4/29/2013,1935.73,1387.9,842.75
4/30/2013,1941.02,1391.68,845.04
5/1/2013,1924.92,1380.14,838.03
5/2/2013,1945.67,1394.99,847.02
5/3/2013,1966.56,1409.9,855.96
5/6/2013,1971.15,1413.19,857.96
5/7/2013,1979.83,1419.39,861.7
5/8/2013,1988.44,1425.45,865.21
5/9/2013,1985.02,1422.72,863.16
5/10/2013,1995.09,1429.94,867.54
5/13/2013,1996.2,1430.71,867.97
5/14/2013,2014.55,1443.75,875.73
5/15/2013,2024.45,1450.79,879.93
5/16/2013,2013.66,1443.05,875.21
5/17/2013,2031.77,1456.02,883.07
5/20/2013,2027.34,1452.84,881.15
5/21/2013,2031.74,1455.98,883.03
5/22/2013,2015.73,1444.48,876.02
5/23/2013,2009.71,1440.11,873.28
5/24/2013,2009.27,1439.79,873.07
5/28/2013,2020.99,1448.18,878.16
5/29/2013,2003.23,1435.38,870.28
5/30/2013,2010.92,1440.84,873.53
5/31/2013,1983.7,1421.33,861.71
6/3/2013,1995.48,1429.72,866.7
6/4/2013,1984.62,1421.9,861.91
6/5/2013,1957.1,1402.06,849.72
6/6/2013,1973.05,1413.47,856.61
6/7/2013,1997.9,1431.27,867.39
6/10/2013,1995.62,1429.63,866.39
6/11/2013,1976.6,1416,858.12
6/12/2013,1958.32,1402.79,849.94
6/13/2013,1986.47,1422.86,861.97
6/14/2013,1977.25,1416.25,857.97
6/17/2013,1990.95,1426.06,863.9
6/18/2013,2007.05,1437.59,870.89
6/19/2013,1980.11,1418.29,859.19
6/20/2013,1929.94,1382.35,837.41
6/21/2013,1933.47,1384.88,838.94
6/24/2013,1910.47,1368.41,828.96
6/25/2013,1926.64,1379.9,835.81
6/26/2013,1946.24,1393.88,844.19
6/27/2013,1956.16,1400.97,848.46
6/28/2013,1949.05,1395.87,845.37
7/1/2013,1961.45,1404.7,850.64
7/2/2013,1962.61,1405.48,851.03
7/3/2013,1966.75,1408.44,852.82
7/5/2013,1985.07,1421.55,860.75
7/8/2013,1992.89,1427.1,864.04
7/9/2013,2006.71,1436.99,870.02
7/10/2013,2009.71,1439.11,871.26
7/11/2013,2039.89,1460.68,884.25
7/12/2013,2047,1465.77,887.33
7/15/2013,2046.98,1465.75,887.32
7/16/2013,2040.18,1460.88,884.37
7/17/2013,2046.79,1465.56,887.14
7/18/2013,2050.55,1468.26,888.77
7/19/2013,2050.61,1468.29,888.77
7/22/2013,2054.42,1471.01,890.4
7/23/2013,2046.89,1465.61,887.14
7/24/2013,2044.34,1463.78,886.02
7/25/2013,2050.27,1468.02,888.58
7/26/2013,2054.14,1470.79,890.25
7/29/2013,2046.55,1465.34,886.93
7/30/2013,2050.36,1468.06,888.56
7/31/2013,2047.87,1466.22,887.37
8/1/2013,2073.29,1484.4,898.33
8/2/2013,2078.16,1487.87,900.42
8/5/2013,2077.01,1486.97,899.77
8/6/2013,2066.98,1479.78,895.39
8/7/2013,2059.41,1474.3,892.01
8/8/2013,2067.29,1479.76,895.05
8/9/2013,2059.51,1474.1,891.5
8/12/2013,2059.27,1473.93,891.4
8/13/2013,2067,1479.36,894.54
8/14/2013,2056.31,1471.64,889.77
8/15/2013,2025.9,1449.86,876.59
8/16/2013,2019.87,1445.53,873.95
8/19/2013,2013.69,1441.1,871.25
8/20/2013,2019.84,1445.49,873.88
8/21/2013,2011.33,1439.37,870.15
8/22/2013,2029.42,1452.31,877.96
8/23/2013,2035.99,1456.94,880.67
8/26/2013,2030.86,1453.27,878.44
8/27/2013,1998.12,1429.84,864.27
8/28/2013,2003.99,1433.95,866.64
8/29/2013,2009.72,1438,869.01
8/30/2013,2002.27,1432.61,865.68
9/3/2013,2012.51,1439.91,870.04
9/4/2013,2031.93,1453.7,878.23
9/5/2013,2032.75,1454.27,878.56
9/6/2013,2033.92,1455.1,879.04
9/9/2013,2054.92,1470.1,888.07
9/10/2013,2066.72,1478.54,893.18
9/11/2013,2071.75,1482.09,895.25
9/12/2013,2068.12,1479.31,893.32
9/13/2013,2073.08,1482.86,895.45
9/16/2013,2081.76,1489.07,899.2
9/17/2013,2090.84,1495.56,903.12
9/18/2013,2119.33,1515.94,915.42
9/19/2013,2119.42,1515.99,915.44
9/20/2013,2107.19,1507.24,910.15
9/23/2013,2097.34,1500.19,905.89
9/24/2013,2093,1497,903.84
9/25/2013,2084.04,1490.58,899.94
9/26/2013,2095.75,1498.89,904.88
9/27/2013,2089.04,1494.08,901.96
9/30/2013,2077.69,1485.94,897
10/1/2013,2096.83,1499.6,905.21
10/2/2013,2095.13,1498.33,904.37
10/3/2013,2075.44,1484.25,895.86
10/4/2013,2090.32,1494.86,902.23
10/7/2013,2071.71,1481.55,894.19
10/8/2013,2042.83,1460.84,881.61
10/9/2013,2040.81,1459.36,880.67
10/10/2013,2085.54,1491.3,899.88
10/11/2013,2098.65,1500.67,905.54
10/14/2013,2109.97,1508.77,910.42
10/15/2013,2095.92,1498.72,904.35
10/16/2013,2123.99,1518.74,916.37
10/17/2013,2138.35,1529,922.56
10/18/2013,2156.93,1542.28,930.55
10/21/2013,2157.42,1542.62,930.74
10/22/2013,2168.73,1550.7,935.62
10/23/2013,2161.55,1545.57,932.51
10/24/2013,2170.07,1551.65,936.18
10/25/2013,2179.99,1558.74,940.45
10/28/2013,2182.89,1560.81,941.7
10/29/2013,2194.47,1569.08,946.67
10/30/2013,2184.11,1561.66,942.17
10/31/2013,2177.55,1556.95,939.3
11/1/2013,2183.32,1561.08,941.79
11/4/2013,2189.6,1565.57,944.5
11/5/2013,2184.98,1562.18,942.35
11/6/2013,2191.94,1566.89,944.8
11/7/2013,2161.2,1544.79,931.31
11/8/2013,2189.19,1564.8,943.37
11/11/2013,2189.73,1565.18,943.6
11/12/2013,2189.19,1564.76,943.29
11/13/2013,2208.87,1578.73,951.57
11/14/2013,2220.94,1587.33,956.73
11/15/2013,2230.54,1594.19,960.86
11/18/2013,2219.66,1586.41,956.16
11/19/2013,2214.67,1582.74,953.81
11/20/2013,2206.15,1576.64,950.11
11/21/2013,2224.07,1589.43,957.79
11/22/2013,2235.38,1597.44,962.52
11/25/2013,2234.91,1597.09,962.3
11/26/2013,2239.45,1600.29,964.15
11/27/2013,2247.17,1605.67,967.19
11/29/2013,2248.51,1606.59,967.71
12/2/2013,2241.54,1601.6,964.67
12/3/2013,2234.74,1596.7,961.67
12/4/2013,2232.92,1595.29,960.67
12/5/2013,2228.92,1592.43,958.95
12/6/2013,2252.13,1609.01,968.92
12/9/2013,2254.88,1610.96,970.08
12/10/2013,2248.52,1606.41,967.34
12/11/2013,2226.01,1590.29,957.57
12/12/2013,2216.39,1583.23,953.07
12/13/2013,2216.08,1583,952.91
12/16/2013,2229.9,1592.88,958.86
12/17/2013,2224.48,1589,956.52
12/18/2013,2261.43,1615.37,972.36
12/19/2013,2260.6,1614.78,972.01
12/20/2013,2272.53,1623.3,977.14
12/23/2013,2286.57,1633.25,983.02
12/24/2013,2292.09,1637.16,985.32
12/26/2013,2302.52,1644.61,989.8
12/27/2013,2298.76,1641.87,988.08
12/30/2013,2299.15,1642.11,988.16
12/31/2013,2309.33,1649.35,992.47
1/2/2014,2288.84,1634.71,983.67
1/3/2014,2284.77,1631.79,981.89
1/6/2014,2277.19,1626.37,978.62
1/7/2014,2294.11,1638.45,985.88
1/8/2014,2298,1641.14,987.38
1/9/2014,2297.16,1640.54,987.02
1/10/2014,2304.35,1645.68,990.11
1/13/2014,2272.84,1623.14,976.49
1/14/2014,2303.15,1644.78,989.52
1/15/2014,2314.94,1653.19,994.55
1/16/2014,2312.97,1651.78,993.7
1/17/2014,2305.08,1646.13,990.3
1/21/2014,2315.26,1653.4,994.67
1/22/2014,2320.64,1657.19,996.86
1/23/2014,2301.19,1643.29,988.49
1/24/2014,2251.12,1607.53,966.98
1/27/2014,2235.25,1596.19,960.14
1/28/2014,2246.14,1603.97,964.82
1/29/2014,2220.02,1585.28,953.53
1/30/2014,2252.13,1608.2,967.29
1/31/2014,2241.18,1600.37,962.59
2/3/2014,2187.85,1562.29,939.68
2/4/2014,2209.58,1577.79,948.98
2/5/2014,2206.03,1575.2,947.33
2/6/2014,2235.08,1595.72,959.38
2/7/2014,2270.19,1620.79,974.45
2/10/2014,2277.42,1625.95,977.55
2/11/2014,2301.64,1643.2,987.87
2/12/2014,2303.59,1644.44,988.39
2/13/2014,2319.31,1655.64,995.09
2/14/2014,2326.84,1660.98,998.24
2/18/2014,2332.57,1664.93,1000.42
2/19/2014,2315.98,1653.06,993.26
2/20/2014,2330.76,1663.57,999.53
2/21/2014,2328,1661.52,998.17
2/24/2014,2342.01,1671.52,1004.17
2/25/2014,2340.21,1670.22,1003.37
2/26/2014,2339.05,1669.3,1002.69
2/27/2014,2353.99,1679.89,1008.95
2/28/2014,2358.72,1683.25,1010.95
3/3/2014,2341.12,1670.65,1003.33
3/4/2014,2379.21,1697.82,1019.64
3/5/2014,2378.67,1697.34,1019.21
3/6/2014,2380.56,1698.64,1019.91
3/7/2014,2378.14,1696.89,1018.85
3/10/2014,2376.69,1695.84,1018.19
3/11/2014,2367.22,1689.06,1014.08
3/12/2014,2367.78,1689.32,1014.05
3/13/2014,2335.77,1666.42,1000.22
3/14/2014,2328.05,1660.91,996.91
3/17/2014,2351.48,1677.63,1006.94
3/18/2014,2371.27,1691.74,1015.39
3/19/2014,2354.12,1679.51,1008.05
3/20/2014,2364.05,1686.58,1012.28
3/21/2014,2349.97,1676.53,1006.25
3/24/2014,2333.24,1664.6,999.09
3/25/2014,2341.78,1670.64,1002.65
3/26/2014,2321.05,1655.84,993.75
3/27/2014,2313.13,1650.14,990.26
3/28/2014,2321.87,1656.37,993.99
3/31/2014,2341.54,1670.36,1002.33
4/1/2014,2364.86,1686.99,1012.3
4/2/2014,2372.28,1692.23,1015.36
4/3/2014,2364.06,1686.36,1011.83
4/4/2014,2324,1657.77,994.66
4/7/2014,2296.18,1637.92,982.74
4/8/2014,2305.33,1644.35,986.47
4/9/2014,2339.16,1668.42,1000.83
4/10/2014,2280.39,1626.5,975.69
4/11/2014,2255.54,1608.74,964.97
4/14/2014,2274.12,1621.99,972.91
4/15/2014,2289.36,1632.85,979.43
4/16/2014,2318.21,1653.43,991.77
4/17/2014,2321.45,1655.73,993.14
4/21/2014,2334.39,1664.95,998.65
4/22/2014,2347.71,1674.45,1004.35
4/23/2014,2338.6,1667.89,1000.33
4/24/2014,2345.2,1672.58,1003.12
4/25/2014,2319.14,1653.99,991.97
4/28/2014,2327.43,1659.88,995.46
4/29/2014,2340.08,1668.89,1000.86
4/30/2014,2348.61,1674.96,1004.48
5/1/2014,2351.57,1677.07,1005.72
5/2/2014,2349.01,1675.24,1004.62
5/5/2014,2358.92,1682.31,1008.86
5/6/2014,2335.82,1665.81,998.95
5/7/2014,2342.77,1670.64,1001.66
5/8/2014,2339.81,1668.32,999.98
5/9/2014,2346.94,1673.41,1003.03
5/12/2014,2374.22,1692.84,1014.66
5/13/2014,2374.82,1693.09,1014.56
5/14/2014,2363.15,1684.7,1009.43
5/15/2014,2340.03,1668.18,999.48
5/16/2014,2352.37,1676.97,1004.74
5/19/2014,2365.37,1686.22,1010.26
5/20/2014,2350.69,1675.74,1003.95
5/21/2014,2372.94,1691.54,1013.34
5/22/2014,2380.85,1697.1,1016.55
5/23/2014,2394.25,1706.64,1022.25
5/27/2014,2412.74,1719.81,1030.13
5/28/2014,2407.67,1716.14,1027.84
5/29/2014,2423.33,1727.24,1034.41
5/30/2014,2427.35,1730.1,1036.12
6/2/2014,2429.47,1731.53,1036.86
6/3/2014,2427.03,1729.76,1035.76
6/4/2014,2433.48,1734.26,1038.32
6/5/2014,2450.05,1746.04,1045.34
6/6/2014,2461.39,1754.09,1050.1
6/9/2014,2463.46,1755.55,1050.96
6/10/2014,2462.36,1754.77,1050.49
6/11/2014,2456.05,1750.21,1047.66
6/12/2014,2435.63,1735.49,1038.64
6/13/2014,2440.34,1738.83,1040.62
6/16/2014,2442.47,1740.35,1041.53
6/17/2014,2446.5,1743.22,1043.23
6/18/2014,2466.12,1757.19,1051.58
6/19/2014,2467.29,1758.01,1052.06
6/20/2014,2470.76,1760.48,1053.54
6/23/2014,2468.69,1759.01,1052.65
6/24/2014,2454.46,1748.82,1046.49
6/25/2014,2472.52,1761.68,1054.16
6/26/2014,2471.23,1760.71,1053.51
6/27/2014,2478.17,1765.64,1056.44
6/30/2014,2477.8,1765.33,1056.21
7/1/2014,2499.51,1780.75,1065.35
7/2/2014,2502.32,1782.75,1066.54
7/3/2014,2516.05,1792.53,1072.39
7/7/2014,2505.84,1785.23,1068
7/8/2014,2485.14,1770.4,1059.01
7/9/2014,2498.01,1779.52,1064.41
7/10/2014,2486.7,1771.47,1059.59
7/11/2014,2494.18,1776.75,1062.69
7/14/2014,2509.18,1787.44,1069.08
7/15/2014,2498.49,1779.82,1064.52
7/16/2014,2505.51,1784.76,1067.39
7/17/2014,2473.74,1762.13,1053.85
7/18/2014,2504.17,1783.81,1066.81
7/21/2014,2497.33,1778.92,1063.87
7/22/2014,2511.47,1788.99,1069.9
7/23/2014,2518.76,1794.17,1072.98
7/24/2014,2518.05,1793.67,1072.68
7/25/2014,2505.1,1784.44,1067.16
7/28/2014,2504.34,1783.9,1066.83
7/29/2014,2493.6,1776.22,1062.2
7/30/2014,2497.94,1779.24,1063.91
7/31/2014,2446.96,1742.91,1042.17
8/1/2014,2440.47,1738.29,1039.4
8/4/2014,2458.46,1751.1,1047.06
8/5/2014,2437.83,1736.39,1038.24
8/6/2014,2435.78,1734.86,1037.22
8/7/2014,2423.2,1725.69,1031.46
8/8/2014,2450.04,1744.8,1042.86
8/11/2014,2459.17,1751.3,1046.74
8/12/2014,2453.71,1747.38,1044.35
8/13/2014,2474.29,1761.94,1052.93
8/14/2014,2486.29,1770.45,1057.96
8/15/2014,2490.53,1773.47,1059.77
8/18/2014,2514.23,1790.33,1069.83
8/19/2014,2529.41,1800.97,1075.95
8/20/2014,2535.59,1805.33,1078.49
8/21/2014,2538.3,1807.24,1079.6
8/22/2014,2537.78,1806.78,1079.2
8/25/2014,2549.84,1815.36,1084.31
8/26/2014,2552.36,1817.14,1085.37
8/27/2014,2550.51,1815.74,1084.41
8/28/2014,2545.6,1812.16,1082.16
8/29/2014,2553.39,1817.62,1085.31
9/2/2014,2556.01,1819.47,1086.37
9/3/2014,2548.44,1813.99,1082.99
9/4/2014,2544.24,1810.99,1081.18
9/5/2014,2557.74,1820.58,1086.88
9/8/2014,2553.2,1817.31,1084.87
9/9/2014,2536.96,1805.75,1077.96
9/10/2014,2551.56,1816.1,1084.08
9/11/2014,2551.95,1816.22,1083.94
9/12/2014,2537.42,1805.86,1077.73
9/15/2014,2529.02,1799.88,1074.16
9/16/2014,2549.26,1814.28,1082.75
9/17/2014,2552.95,1816.89,1084.28
9/18/2014,2567.93,1827.54,1090.63
9/19/2014,2566.26,1826.34,1089.89
9/22/2014,2543.93,1810.45,1080.41
9/23/2014,2531.91,1801.84,1075.19
9/24/2014,2555.74,1818.79,1085.3
9/25/2014,2510.87,1786.86,1066.24
9/26/2014,2537.65,1805.86,1077.5
9/29/2014,2532.68,1802.27,1075.3
9/30/2014,2525.46,1797.14,1072.23
10/1/2014,2489.35,1771.39,1056.79
10/2/2014,2489.9,1771.77,1057.02
10/3/2014,2518.62,1792.2,1069.2
10/6/2014,2512.96,1788.17,1066.77
10/7/2014,2475.08,1761.2,1050.68
10/8/2014,2521.38,1794.03,1070.1
10/9/2014,2470.94,1758.14,1048.7
10/10/2014,2435.37,1732.8,1033.52
10/13/2014,2389.97,1700.49,1014.25
10/14/2014,2394.08,1703.41,1015.99
10/15/2014,2380.09,1693.39,1009.93
10/16/2014,2379.63,1693.07,1009.73
10/17/2014,2411.65,1715.85,1023.32
10/20/2014,2437.97,1734.57,1034.47
10/21/2014,2489.72,1771.39,1056.43
10/22/2014,2469.83,1757.17,1047.87
10/23/2014,2507.28,1783.82,1063.76
10/24/2014,2525.46,1796.75,1071.47
10/27/2014,2522.65,1794.75,1070.27
10/28/2014,2555.18,1817.9,1084.07
10/29/2014,2550.36,1814.43,1081.96
10/30/2014,2569.04,1827.7,1089.86
10/31/2014,2599.67,1849.49,1102.84
11/3/2014,2601.17,1850.55,1103.47
11/4/2014,2592.34,1844.27,1099.71
11/5/2014,2603.41,1852.04,1104.21
11/6/2014,2614.55,1859.73,1108.47
11/7/2014,2613.03,1858.64,1107.79
11/10/2014,2622.64,1865.42,1111.76
11/11/2014,2626.2,1867.95,1113.27
11/12/2014,2628.28,1869.33,1113.96
11/13/2014,2631.18,1871.34,1115.07
11/14/2014,2631.36,1871.46,1115.14
11/17/2014,2627.89,1868.99,1113.66
11/18/2014,2645.54,1881.36,1120.78
11/19/2014,2640.02,1877.39,1118.35
11/20/2014,2645.19,1881.04,1120.49
11/21/2014,2658.23,1890.22,1125.82
11/24/2014,2670.75,1899.12,1131.11
11/25/2014,2670.31,1898.75,1130.82
11/26/2014,2679.87,1905.39,1134.55
11/28/2014,2678.8,1904.6,1134.04
12/1/2014,2653.44,1886.52,1123.21
12/2/2014,2667.95,1896.81,1129.3
12/3/2014,2678.24,1904.03,1133.47
12/4/2014,2677.76,1903.68,1133.25
12/5/2014,2680.82,1905.85,1134.53
12/8/2014,2661.31,1891.95,1126.22
12/9/2014,2663.74,1893.67,1127.23
12/10/2014,2620.95,1863.21,1109.04
12/11/2014,2633.46,1871.94,1114.02
12/12/2014,2594.61,1844.29,1097.52
12/15/2014,2578.05,1832.51,1090.5
12/16/2014,2549.22,1812.02,1078.3
12/17/2014,2600.59,1848.5,1099.95
12/18/2014,2663.83,1893.44,1126.68
12/19/2014,2673.78,1900.5,1130.87
12/22/2014,2685.48,1908.7,1135.59
12/23/2014,2681.02,1905.51,1133.66
12/24/2014,2682.67,1906.68,1134.36
12/26/2014,2695.14,1915.54,1139.63
12/29/2014,2696.69,1916.58,1140.15
12/30/2014,2680.47,1904.97,1133.14
12/31/2014,2653.22,1885.6,1121.62
1/2/2015,2651.33,1884.22,1120.74
1/5/2015,2610.17,1854.93,1103.27
1/6/2015,2587.42,1838.76,1093.65
1/7/2015,2623.66,1864.49,1108.9
1/8/2015,2671.62,1898.56,1129.15
1/9/2015,2652.9,1885.25,1121.24
1/12/2015,2632.9,1871.04,1112.78
1/13/2015,2629.14,1868.31,1111.08
1/14/2015,2618.21,1860.52,1106.42
1/15/2015,2591.75,1841.72,1095.24
1/16/2015,2625.65,1865.8,1109.54
1/20/2015,2633.43,1871.3,1112.76
1/21/2015,2644.45,1879.06,1117.29
1/22/2015,2687.83,1909.88,1135.61
1/23/2015,2681.31,1905.24,1132.85
1/26/2015,2685.64,1908.32,1134.68
1/27/2015,2641.39,1876.87,1115.98
1/28/2015,2617.13,1859.62,1105.69
1/29/2015,2643.95,1878.62,1116.91
1/30/2015,2608.96,1853.76,1102.13
2/2/2015,2633.98,1871.53,1112.69
2/3/2015,2663.31,1892.36,1125.05
2/4/2015,2656.44,1887.36,1121.92
2/5/2015,2685.57,1907.87,1133.85
2/6/2015,2668.14,1895.45,1126.43
2/9/2015,2654.69,1885.88,1120.72
2/10/2015,2689.82,1910.8,1135.47
2/11/2015,2694.95,1914.29,1137.33
2/12/2015,2723.12,1934.28,1149.19
2/13/2015,2735.3,1942.93,1154.32
2/17/2015,2740.62,1946.55,1156.25
2/18/2015,2745.36,1949.9,1158.21
2/19/2015,2747.72,1951.55,1159.16
2/20/2015,2768.04,1965.92,1167.59
2/23/2015,2771.95,1968.68,1169.23
2/24/2015,2773.64,1969.86,1169.9
2/25/2015,2772.47,1968.91,1169.17
2/26/2015,2775.41,1970.91,1170.23
2/27/2015,2764.98,1963.51,1165.84
3/2/2015,2788.69,1980.3,1175.75
3/3/2015,2773.04,1969.17,1169.13
3/4/2015,2763.95,1962.62,1165.1
3/5/2015,2766.64,1964.52,1166.21
3/6/2015,2726.63,1936.07,1149.27
3/9/2015,2739.01,1944.83,1154.43
3/10/2015,2693.21,1912.26,1135.02
3/11/2015,2684.01,1905.66,1131.01
3/12/2015,2716.42,1928.49,1144.31
3/13/2015,2701.92,1918.18,1138.18
3/16/2015,2739.83,1945.09,1154.15
3/17/2015,2734.15,1941.06,1151.75
3/18/2015,2765.11,1963.02,1164.75
3/19/2015,2762.38,1961.07,1163.58
3/20/2015,2785.77,1977.68,1173.43
3/23/2015,2777.75,1971.98,1170.05
3/24/2015,2764.62,1962.61,1164.42
3/25/2015,2712.82,1925.83,1142.58
3/26/2015,2706.66,1921.43,1139.93
3/27/2015,2716.9,1928.62,1144.1
3/30/2015,2745.37,1948.78,1155.99
3/31/2015,2718.84,1929.88,1144.69
4/1/2015,2705.93,1920.69,1139.2
4/2/2015,2714.08,1926.46,1142.59
4/6/2015,2730.94,1938.42,1149.69
4/7/2015,2726.37,1935.17,1147.74
4/8/2015,2739.99,1944.75,1153.31
4/9/2015,2749.51,1951.5,1157.31
4/10/2015,2760.64,1959.41,1162
4/13/2015,2748.2,1950.52,1156.64
4/14/2015,2747.68,1950.14,1156.41
4/15/2015,2758.63,1957.91,1161.02
4/16/2015,2758.84,1958.06,1161.1
4/17/2015,2726.59,1935.17,1147.53
4/20/2015,2757.33,1956.97,1160.43
4/21/2015,2761.17,1959.69,1162.03
4/22/2015,2775.79,1970.04,1168.13
4/23/2015,2781.15,1973.79,1170.28
4/24/2015,2796.12,1984.41,1176.57
4/27/2015,2782.94,1975.05,1171.02
4/28/2015,2784.46,1976.06,1171.53
4/29/2015,2767.08,1963.71,1164.18
4/30/2015,2731.82,1938.67,1149.32
5/1/2015,2767.67,1964.12,1164.4
5/4/2015,2771.89,1967.11,1166.18
5/5/2015,2735.25,1941.02,1150.6
5/6/2015,2723.48,1932.59,1145.48
5/7/2015,2739.74,1943.92,1151.91
5/8/2015,2778.54,1971.43,1168.18
5/11/2015,2765.76,1962.35,1162.79
5/12/2015,2756.37,1955.64,1158.75
5/13/2015,2755.45,1954.91,1158.21
5/14/2015,2793.22,1981.67,1174
5/15/2015,2795.72,1983.43,1175.04
5/18/2015,2805.31,1990.23,1179.05
5/19/2015,2803.66,1988.88,1178.01
5/20/2015,2799.36,1985.8,1176.14
5/21/2015,2805.98,1990.42,1178.77
5/22/2015,2801.31,1987.1,1176.79
5/26/2015,2771.87,1966.2,1164.41
5/27/2015,2804.62,1989.32,1177.94
5/28/2015,2800.5,1986.3,1176.02
5/29/2015,2780.48,1972.1,1167.62
6/1/2015,2790.29,1978.99,1171.6
6/2/2015,2784.18,1974.6,1168.92
6/3/2015,2789.28,1978.12,1170.86
6/4/2015,2766.77,1962.15,1161.41
6/5/2015,2760.15,1957.43,1158.57
6/8/2015,2739.04,1942.43,1149.66
6/9/2015,2737.31,1941.21,1148.93
6/10/2015,2771.2,1965.19,1163.06
6/11/2015,2777.1,1969.17,1165.13
6/12/2015,2757.43,1955.16,1156.76
6/15/2015,2745.91,1946.97,1151.9
6/16/2015,2761.37,1957.94,1158.38
6/17/2015,2769.44,1963.63,1161.72
6/18/2015,2802.15,1986.82,1175.43
6/19/2015,2788.84,1977.38,1169.84
6/22/2015,2807.87,1990.87,1177.82
6/23/2015,2807.32,1990.44,1177.49
6/24/2015,2788.23,1976.88,1169.45
6/25/2015,2783.26,1973.32,1167.29
6/26/2015,2777.84,1969.41,1164.89
6/29/2015,2717.44,1926.54,1139.45
6/30/2015,2727.39,1933.56,1143.56
7/1/2015,2748.74,1948.56,1152.25
7/2/2015,2748.67,1948.51,1152.22
7/6/2015,2741.85,1943.66,1149.33
7/7/2015,2757.84,1954.98,1156.01
7/8/2015,2713.2,1923.32,1137.25
7/9/2015,2717.03,1926.03,1138.85
7/10/2015,2754,1952.24,1154.35
7/13/2015,2788.94,1976.93,1168.86
7/14/2015,2801.88,1986.1,1174.28
7/15/2015,2801.97,1986.16,1174.29
7/16/2015,2828.92,2005.26,1185.58
7/17/2015,2843.94,2015.9,1191.88
7/20/2015,2852.15,2021.7,1195.28
7/21/2015,2843.72,2015.69,1191.68
7/22/2015,2830.88,2006.53,1186.19
7/23/2015,2816.49,1996.33,1180.14
7/24/2015,2790.49,1977.9,1169.24
7/27/2015,2775.01,1966.92,1162.75
7/28/2015,2809.05,1991.05,1177.01
7/29/2015,2826.62,2003.43,1184.23
7/30/2015,2828.1,2004.45,1184.8
7/31/2015,2826.06,2003.01,1183.94
8/3/2015,2822.46,2000.45,1182.43
8/4/2015,2816.69,1996.35,1179.98
8/5/2015,2826.06,2002.84,1183.62
8/6/2015,2794.7,1980.41,1170.09
8/7/2015,2790.93,1977.71,1168.43
8/10/2015,2822.37,1999.97,1181.58
8/11/2015,2795,1980.57,1170.11
8/12/2015,2799.92,1984,1172.03
8/13/2015,2798.77,1983.08,1171.36
8/14/2015,2809.28,1990.53,1175.76
8/17/2015,2829.4,2004.78,1184.18
8/18/2015,2822.05,1999.38,1180.72
8/19/2015,2803.01,1985.86,1172.69
8/20/2015,2739.68,1940.99,1146.2
8/21/2015,2645.42,1874.13,1106.61
8/24/2015,2545.6,1803.4,1064.83
8/25/2015,2517,1783.13,1052.85
8/26/2015,2623.87,1858.81,1097.48
8/27/2015,2683.77,1901.16,1122.38
8/28/2015,2684.96,1901.95,1122.76
8/31/2015,2654.14,1880.04,1109.73
9/1/2015,2577.65,1825.82,1077.66
9/2/2015,2633.36,1865.2,1100.81
9/3/2015,2630.37,1863.06,1099.5
9/4/2015,2594.26,1837.45,1084.35
9/8/2015,2659.94,1883.95,1111.76
9/9/2015,2623.81,1858.32,1096.57
9/10/2015,2641.05,1870.51,1103.74
9/11/2015,2656.82,1881.46,1109.9
9/14/2015,2646.31,1873.96,1105.4
9/15/2015,2679.63,1897.56,1119.32
9/16/2015,2699.58,1911.66,1127.61
9/17/2015,2699.85,1911.83,1127.69
9/18/2015,2662.85,1885.63,1112.22
9/21/2015,2672.76,1892.63,1116.34
9/22/2015,2639.75,1869.24,1102.5
9/23/2015,2636.26,1866.73,1100.97
9/24/2015,2626.16,1859.57,1096.75
9/25/2015,2616.07,1852.42,1092.53
9/28/2015,2544.21,1801.42,1062.28
9/29/2015,2542.35,1800.07,1061.45
9/30/2015,2595.73,1837.84,1083.67
10/1/2015,2607.05,1845.81,1088.31
10/2/2015,2646.12,1873.47,1104.62
10/5/2015,2687.1,1902.46,1121.67
10/6/2015,2670.83,1890.93,1114.88
10/7/2015,2691.89,1905.79,1123.55
10/8/2015,2712.72,1920.53,1132.24
10/9/2015,2721.05,1926.41,1135.68
10/12/2015,2728.18,1931.46,1138.65
10/13/2015,2708.38,1917.37,1130.26
10/14/2015,2697.28,1909.47,1125.55
10/15/2015,2736.66,1937.35,1141.98
10/16/2015,2750.19,1946.93,1147.63
10/19/2015,2759.16,1953.27,1151.34
10/20/2015,2750.49,1947.1,1147.67
10/21/2015,2735.14,1936.17,1141.14
10/22/2015,2777.58,1966.21,1158.84
10/23/2015,2821.54,1997.32,1177.17
10/26/2015,2822.91,1998.29,1177.74
10/27/2015,2821.32,1997.17,1177.08
10/28/2015,2850.42,2017.74,1189.16
10/29/2015,2854.28,2020.39,1190.62
10/30/2015,2839.62,2010.02,1184.51
11/2/2015,2869.36,2031.06,1196.91
11/3/2015,2874.65,2034.8,1199.09
11/4/2015,2869.59,2031.06,1196.66
11/5/2015,2866.28,2028.52,1194.89
11/6/2015,2862.89,2026.09,1193.43
11/9/2015,2835.74,2006.84,1182.06
11/10/2015,2836.9,2007.59,1182.39
11/11/2015,2829.29,2002.2,1179.22
11/12/2015,2795.09,1977.9,1164.76
11/13/2015,2756.21,1950.38,1148.54
11/16/2015,2794.24,1977.29,1164.38
11/17/2015,2795.11,1977.7,1164.35
11/18/2015,2842.47,2011.17,1183.99
11/19/2015,2840.78,2009.96,1183.27
11/20/2015,2859.81,2023.34,1191.04
11/23/2015,2857.45,2021.65,1190.02
11/24/2015,2856.1,2020.69,1189.43
11/25/2015,2858.72,2022.45,1190.35
11/27/2015,2860.98,2023.9,1190.99
11/30/2015,2842.95,2011.13,1183.45
12/1/2015,2874.68,2033.52,1196.54
12/2/2015,2849.9,2015.9,1186.06
12/3/2015,2805.82,1984.71,1167.69
12/4/2015,2866.76,2027.81,1193.04
12/7/2015,2851.28,2016.83,1186.54
12/8/2015,2843.31,2011.18,1183.2
12/9/2015,2813.35,1989.94,1170.64
12/10/2015,2820.95,1995.21,1173.59
12/11/2015,2765.46,1955.86,1150.32
12/14/2015,2781.36,1967.05,1156.81
12/15/2015,2801.64,1981.38,1165.23
12/16/2015,2844.39,2011.58,1182.93
12/17/2015,2804.05,1983.03,1166.11
12/18/2015,2752.25,1946.39,1144.57
12/21/2015,2774.17,1961.83,1153.57
12/22/2015,2793.52,1975.43,1161.44
12/23/2015,2818.81,1993.26,1171.85
12/24/2015,2815.43,1990.87,1170.45
12/28/2015,2815.99,1991.27,1170.68
12/29/2015,2850.2,2015.4,1184.78
12/30/2015,2830.99,2001.75,1176.67
12/31/2015,2799.8,1979.69,1163.7
1/4/2016,2750.19,1944.54,1142.94
1/5/2016,2754.18,1947.36,1144.59
1/6/2016,2725.59,1927.06,1132.55
1/7/2016,2656.98,1878.54,1104
1/8/2016,2631.4,1860.45,1093.37
1/11/2016,2638.73,1865.63,1096.42
1/12/2016,2664.93,1884.14,1107.29
1/13/2016,2590.04,1831.14,1076.06
1/14/2016,2633.09,1861.57,1093.94
1/15/2016,2575.05,1820.52,1069.79
1/19/2016,2580.75,1824.55,1072.16
1/20/2016,2560.74,1810.38,1063.81
1/21/2016,2569.79,1816.77,1067.53
1/22/2016,2628.1,1857.99,1091.75
1/25/2016,2595.41,1834.87,1078.16
1/26/2016,2621.32,1853.18,1088.92
1/27/2016,2577.65,1822.29,1070.74
1/28/2016,2596.77,1835.78,1078.62
1/29/2016,2658.69,1879.55,1104.33
2/1/2016,2661.81,1881.74,1105.6
2/2/2016,2616.34,1849.57,1086.67
2/3/2016,2616.98,1849.93,1086.75
2/4/2016,2612.3,1846.43,1084.43
2/5/2016,2542.86,1797.33,1055.57
2/8/2016,2499.92,1766.95,1037.69
2/9/2016,2506.07,1771.29,1040.22
2/10/2016,2516.1,1778.23,1044.1
2/11/2016,2495.46,1763.6,1035.44
2/12/2016,2534.07,1790.88,1051.45
2/16/2016,2580.49,1823.48,1070.32
2/17/2016,2626.46,1855.93,1089.3
2/18/2016,2608.66,1843.32,1081.86
2/19/2016,2614.8,1847.58,1084.27
2/22/2016,2650.36,1872.71,1099.01
2/23/2016,2620.51,1851.58,1086.56
2/24/2016,2633.81,1860.97,1092.05
2/25/2016,2666.49,1883.93,1105.36
2/26/2016,2659.39,1878.85,1102.29
2/29/2016,2637.61,1863.45,1093.23
3/1/2016,2705.36,1911.3,1121.29
3/2/2016,2707.18,1912.52,1121.91
3/3/2016,2709.48,1914.09,1122.76
3/4/2016,2715,1917.98,1125.03
3/7/2016,2703.7,1909.96,1120.28
3/8/2016,2683.8,1895.79,1111.81
3/9/2016,2697.81,1905.66,1117.55
3/10/2016,2697.82,1905.64,1117.52
3/11/2016,2743.11,1937.48,1135.97
3/14/2016,2743.9,1937.97,1136.17
3/15/2016,2742.86,1937.23,1135.72
3/16/2016,2759.35,1948.82,1142.45
3/17/2016,2769.62,1956.08,1146.71
3/18/2016,2776.45,1960.9,1149.53
3/21/2016,2782.11,1964.89,1151.87
3/22/2016,2784.88,1966.76,1152.83
3/23/2016,2772.14,1957.76,1147.55
3/24/2016,2772.6,1958.08,1147.74
3/28/2016,2773.66,1958.82,1148.16
3/29/2016,2807.23,1982.46,1161.92
3/30/2016,2820.41,1991.72,1167.29
3/31/2016,2814.75,1987.72,1164.94
4/1/2016,2840.58,2005.95,1175.62
4/4/2016,2833.45,2000.85,1172.53
4/5/2016,2806.33,1981.7,1161.3
4/6/2016,2841.59,2006.5,1175.71
4/7/2016,2807.67,1982.52,1161.62
4/8/2016,2810.17,1984.27,1162.63
4/11/2016,2797.61,1975.41,1157.43
4/12/2016,2819.96,1991.16,1166.63
4/13/2016,2844.34,2008.27,1176.51
4/14/2016,2843.52,2007.69,1176.17
4/15/2016,2843.64,2007.78,1176.22
4/18/2016,2860.96,2019.98,1183.34
4/19/2016,2855.38,2016.04,1181.03
4/20/2016,2853.68,2014.8,1180.26
4/21/2016,2843.95,2007.93,1176.24
4/22/2016,2826.27,1995.45,1168.92
4/25/2016,2826.55,1995.65,1169.04
4/26/2016,2823.69,1993.63,1167.85
4/27/2016,2816.03,1988.2,1164.65
4/28/2016,2790.18,1969.93,1153.91
4/29/2016,2779.11,1962.11,1149.33
5/2/2016,2804.51,1980.04,1159.83
5/3/2016,2785.58,1966.65,1151.96
5/4/2016,2773.62,1958.17,1146.94
5/5/2016,2774.79,1958.78,1146.99
5/6/2016,2786.42,1966.93,1151.69
5/9/2016,2796.72,1974.2,1155.94
5/10/2016,2831.73,1998.9,1170.38
5/11/2016,2801.6,1977.46,1157.59
5/12/2016,2800.61,1976.73,1157.12
5/13/2016,2783.14,1964.34,1149.79
5/16/2016,2812.69,1985.18,1161.96
5/17/2016,2780.76,1962.44,1148.38
5/18/2016,2781.58,1962.97,1148.63
5/19/2016,2767.52,1953.05,1142.81
5/20/2016,2786.1,1966.07,1150.32
5/23/2016,2780.47,1962.09,1147.97
5/24/2016,2824.58,1993.19,1166.14
5/25/2016,2838.86,2003.25,1172
5/26/2016,2842.58,2005.85,1173.48
5/27/2016,2855.34,2014.81,1178.66
5/31/2016,2853.34,2013.33,1177.71
6/1/2016,2854.91,2014.36,1178.2
6/2/2016,2863.78,2020.53,1181.7
6/3/2016,2855.73,2014.84,1178.36
6/6/2016,2864.44,2020.98,1181.93
6/7/2016,2864.68,2021.14,1182.01
6/8/2016,2875.05,2028.37,1186.13
6/9/2016,2873.01,2026.91,1185.25
6/10/2016,2847.52,2008.92,1174.71
6/13/2016,2823.58,1991.86,1164.51
6/14/2016,2823.82,1991.98,1164.5
6/15/2016,2818.53,1988.17,1162.18
6/16/2016,2826.9,1993.98,1165.45
6/17/2016,2806.9,1979.88,1157.2
6/20/2016,2823.68,1991.71,1164.11
6/21/2016,2830.35,1996.35,1166.74
6/22/2016,2825.24,1992.74,1164.63
6/23/2016,2858.79,2016.39,1178.43
6/24/2016,2761.92,1948.06,1138.5
6/27/2016,2715.76,1915.51,1119.47
6/28/2016,2766.02,1950.89,1140.06
6/29/2016,2809.91,1981.81,1158.07
6/30/2016,2843.14,2005.24,1171.76
7/1/2016,2851.87,2011.34,1175.24
7/5/2016,2842.95,2005.01,1171.5
7/6/2016,2859.16,2016.34,1177.97
7/7/2016,2859.74,2016.65,1178.02
7/8/2016,2902.59,2046.86,1195.66
7/11/2016,2912.19,2053.63,1199.61
7/12/2016,2926.48,2063.7,1205.49
7/13/2016,2924,2061.89,1204.35
7/14/2016,2939.42,2072.76,1210.69
7/15/2016,2936.06,2070.39,1209.31
7/18/2016,2945.37,2076.94,1213.1
7/19/2016,2941.64,2074.3,1211.54
7/20/2016,2962.03,2088.65,1219.9
7/21/2016,2950.58,2080.58,1215.18
7/22/2016,2962.18,2088.75,1219.95
7/25/2016,2956.78,2084.94,1217.71
7/26/2016,2953.67,2082.75,1216.43
7/27/2016,2957.43,2085.38,1217.96
7/28/2016,2969,2093.51,1222.65
7/29/2016,2975.29,2097.94,1225.24
8/1/2016,2983.34,2103.61,1228.55
8/2/2016,2963.67,2089.72,1220.41
8/3/2016,2968.43,2092.98,1222.18
8/4/2016,2972.9,2095.92,1223.6
8/5/2016,2993.38,2110.34,1231.99
8/8/2016,2986.72,2105.59,1229.16
8/9/2016,2990.51,2108.26,1230.69
8/10/2016,2987,2105.72,1229.12
8/11/2016,2997.91,2113.36,1233.52
8/12/2016,2995.39,2111.55,1232.42
8/15/2016,3003.02,2116.87,1235.45
8/16/2016,2983.65,2103.02,1227.11
8/17/2016,2988.2,2106.14,1228.79
8/18/2016,2989.81,2107.26,1229.43
8/19/2016,2989.46,2106.94,1229.15
8/22/2016,2990.68,2107.79,1229.63
8/23/2016,2997.29,2112.43,1232.3
8/24/2016,2978.21,2098.95,1224.41
8/25/2016,2973.49,2095.62,1222.45
8/26/2016,2971.35,2094.11,1221.57
8/29/2016,2981.98,2101.57,1225.88
8/30/2016,2972.64,2094.86,1221.8
8/31/2016,2966.59,2090.52,1219.16
9/1/2016,2970.06,2092.95,1220.55
9/2/2016,2981.65,2101.11,1225.31
9/6/2016,2992.19,2108.54,1229.63
9/7/2016,2992.06,2108.34,1229.38
9/8/2016,2975.91,2096.94,1222.69
9/9/2016,2901.67,2044.61,1192.17
9/12/2016,2945.83,2075.69,1210.24
9/13/2016,2911.07,2051.04,1195.64
9/14/2016,2917.84,2055.73,1198.28
9/15/2016,2951.84,2079.58,1212.03
9/16/2016,2944.26,2074.23,1208.91
9/19/2016,2940.75,2071.75,1207.46
9/20/2016,2944.94,2074.7,1209.17
9/21/2016,2975.21,2096.02,1221.59
9/22/2016,2997.43,2111.66,1230.68
9/23/2016,2979.37,2098.94,1223.27
9/26/2016,2955.39,2081.98,1213.31
9/27/2016,2978.34,2098.13,1222.68
9/28/2016,2986.65,2103.89,1225.92
9/29/2016,2958.77,2084.25,1214.47
9/30/2016,2978.4,2098.08,1222.52
10/3/2016,2969.65,2091.84,1218.78
10/4/2016,2957.53,2083.3,1213.81
10/5/2016,2963.52,2087.38,1216.01
10/6/2016,2966.28,2089.31,1217.1
10/7/2016,2955.46,2081.66,1212.62
10/10/2016,2969.63,2091.64,1218.43
10/11/2016,2931.81,2065,1202.9
10/12/2016,2937.29,2068.81,1205.04
10/13/2016,2929.24,2063.14,1201.74
10/14/2016,2930.47,2064,1202.24
10/17/2016,2920.87,2057.21,1198.25
10/18/2016,2940.64,2071.14,1206.36
10/19/2016,2944.71,2073.95,1207.92
10/20/2016,2939.98,2070.59,1205.93
10/21/2016,2948.95,2076.9,1209.6
10/24/2016,2969.97,2091.7,1218.21
10/25/2016,2952.39,2079.32,1211
10/26/2016,2938.63,2069.62,1205.34
10/27/2016,2924.66,2059.77,1199.58
10/28/2016,2918.16,2055.17,1196.88
10/31/2016,2915.28,2053.14,1195.69
11/1/2016,2891.71,2036.54,1186.02
11/2/2016,2871.86,2022.54,1177.85
11/3/2016,2854.2,2009.84,1170.09
11/4/2016,2851.1,2007.64,1168.78
11/7/2016,2915.02,2052.63,1194.97
11/8/2016,2929.89,2062.95,1200.76
11/9/2016,2945.34,2073.8,1207.02
11/10/2016,2926.7,2060.63,1199.3
11/11/2016,2923.6,2058.44,1198.03
11/14/2016,2902.7,2043.66,1189.34
11/15/2016,2925.97,2059.81,1198.4
11/16/2016,2936.55,2067.16,1202.57
11/17/2016,2954.7,2079.93,1209.97
11/18/2016,2945.05,2073.06,1205.88
11/21/2016,2968.99,2089.9,1215.65
11/22/2016,2975.12,2094.2,1218.13
11/23/2016,2971.42,2091.58,1216.58
11/25/2016,2981.84,2098.9,1220.83
11/28/2016,2968.8,2089.7,1215.44
11/29/2016,2978.39,2096.27,1219.02
11/30/2016,2950.79,2076.74,1207.53
12/1/2016,2922.1,2056.52,1195.74
12/2/2016,2927.53,2060.34,1197.96
12/5/2016,2945.54,2073,1205.3
12/6/2016,2951.84,2077.43,1207.87
12/7/2016,2989.14,2103.62,1223
12/8/2016,2993.83,2106.81,1224.7
12/9/2016,3014.78,2121.54,1233.26
12/12/2016,3009.76,2117.97,1231.13
12/13/2016,3034.27,2135.14,1241
12/14/2016,3017.21,2123.08,1233.92
12/15/2016,3025.27,2128.72,1237.15
12/16/2016,3019.8,2124.85,1234.88
12/19/2016,3027.95,2130.58,1238.19
12/20/2016,3038.47,2137.85,1242.25
12/21/2016,3029.82,2131.76,1238.71
12/22/2016,3023.24,2127.06,1235.88
12/23/2016,3026.81,2129.51,1237.22
12/27/2016,3035.71,2135.78,1240.86
12/28/2016,3011.91,2118.95,1230.97
12/29/2016,3012.88,2119.6,1231.32
12/30/2016,2992.81,2105.43,1223.02
1/3/2017,3016.4,2122.01,1232.63
1/4/2017,3034.86,2134.95,1240.08
1/5/2017,3041.01,2139.27,1242.57
1/6/2017,3058.65,2151.57,1249.58
1/9/2017,3055.94,2149.67,1248.47
1/10/2017,3054.07,2148.34,1247.68
1/11/2017,3061.14,2153.23,1250.42
1/12/2017,3057.2,2150.46,1248.81
1/13/2017,3063.79,2155.1,1251.5
1/17/2017,3059.04,2151.76,1249.56
1/18/2017,3065.52,2156.23,1252.03
1/19/2017,3058.98,2151.61,1249.34
1/20/2017,3068.52,2158.32,1253.23
1/23/2017,3065.3,2156.03,1251.87
1/24/2017,3081.77,2167.61,1258.59
1/25/2017,3104.29,2183.45,1267.79
1/26/2017,3103.54,2182.92,1267.46
1/27/2017,3107.48,2185.66,1269.01
1/30/2017,3088.96,2172.6,1261.4
1/31/2017,3082.41,2167.99,1258.71
2/1/2017,3090.04,2173.29,1261.7
2/2/2017,3092.2,2174.81,1262.57
2/3/2017,3108.72,2186.36,1269.2
2/6/2017,3105.37,2184,1267.82
2/7/2017,3110.65,2187.67,1269.89
2/8/2017,3116.26,2191.53,1272.01
2/9/2017,3131.32,2201.92,1277.77
2/10/2017,3142,2209.4,1282.07
2/13/2017,3158.01,2220.55,1288.4
2/14/2017,3168.37,2227.64,1292.24
2/15/2017,3184.88,2239.17,1298.83
2/16/2017,3184.28,2238.7,1298.49
2/17/2017,3190.06,2242.76,1300.83
2/21/2017,3206.49,2254.3,1307.53
2/22/2017,3205.5,2253.53,1306.98
2/23/2017,3203.36,2251.96,1305.96
2/24/2017,3213.46,2258.89,1309.76
2/27/2017,3216.96,2261.22,1310.94
2/28/2017,3207.95,2254.88,1307.26
3/1/2017,3249.2,2283.82,1323.95
3/2/2017,3232.1,2271.76,1316.92
3/3/2017,3236.11,2274.56,1318.51
3/6/2017,3229.05,2269.6,1315.63
3/7/2017,3223.65,2265.72,1313.27
3/8/2017,3221.56,2264.09,1312.11
3/9/2017,3223.05,2265.13,1312.7
3/10/2017,3235.32,2273.74,1317.68
3/13/2017,3240.12,2276.88,1319.17
3/14/2017,3230.01,2269.71,1314.94
3/15/2017,3258.21,2289.5,1326.37
3/16/2017,3253.3,2286.02,1324.31
3/17/2017,3254.73,2287.03,1324.89
3/20/2017,3253.24,2285.97,1324.27
3/21/2017,3217.32,2260.68,1309.54
3/22/2017,3228.63,2268.62,1314.14
3/23/2017,3221.74,2263.77,1311.32
3/24/2017,3219.85,2262.44,1310.55
3/27/2017,3218.57,2261.54,1310.03
3/28/2017,3239.13,2275.98,1318.38
3/29/2017,3246.16,2280.83,1321.06
3/30/2017,3250.73,2284.02,1322.89
3/31/2017,3248.14,2282.2,1321.84
4/3/2017,3245.18,2280.07,1320.52
4/4/2017,3247.13,2281.43,1321.31
4/5/2017,3239.8,2276.2,1318.16
4/6/2017,3243.79,2278.89,1319.58
4/7/2017,3242.92,2278.28,1319.22
4/10/2017,3244.13,2279.08,1319.62
4/11/2017,3239.04,2275.36,1317.27
4/12/2017,3226.98,2266.88,1312.36
4/13/2017,3210.4,2255.24,1305.62
4/17/2017,3238.64,2275.08,1317.1
4/18/2017,3232.44,2270.72,1314.58
4/19/2017,3231.19,2269.77,1313.93
4/20/2017,3255.24,2286.65,1323.69
4/21/2017,3250.97,2283.65,1321.95
4/24/2017,3284.11,2306.92,1335.39
4/25/2017,3305.21,2321.73,1343.97
4/26/2017,3302.61,2319.91,1342.91
4/27/2017,3311.35,2325.99,1346.37
4/28/2017,3311.42,2326.05,1346.4
5/1/2017,3323.36,2334.43,1351.25
5/2/2017,3331.48,2340.13,1354.55
5/3/2017,3321.73,2333.24,1350.5
5/4/2017,3325.78,2336.07,1352.12
5/5/2017,3339.02,2345.35,1357.46
5/8/2017,3342.07,2347.43,1358.57
5/9/2017,3344.79,2349.29,1359.59
5/10/2017,3348.77,2351.97,1360.98
5/11/2017,3344.35,2348.58,1358.63
5/12/2017,3345.26,2349.2,1358.97
5/15/2017,3359.77,2359.34,1364.77
5/16/2017,3362.09,2360.79,1365.35
5/17/2017,3300.84,2317.67,1340.28
5/18/2017,3320.3,2331.32,1348.16
5/19/2017,3340.08,2345.2,1356.17
5/22/2017,3361.49,2360.23,1364.84
5/23/2017,3363.78,2361.81,1365.72
5/24/2017,3377.07,2371.12,1371.08
5/25/2017,3401.09,2387.88,1380.64
5/26/2017,3402.91,2389.04,1381.15
5/30/2017,3403.39,2389.25,1381.1
5/31/2017,3405.12,2390.39,1381.64
6/1/2017,3425.34,2404.52,1389.73
6/2/2017,3449.57,2421.51,1399.53
6/5/2017,3446.17,2419.1,1398.1
6/6/2017,3436.41,2412.24,1394.13
6/7/2017,3443.34,2417.01,1396.75
6/8/2017,3439.67,2414.41,1395.21
6/9/2017,3407.13,2391.56,1382.01
6/12/2017,3395.66,2383.47,1377.28
6/13/2017,3416.38,2397.8,1385.27
6/14/2017,3412.67,2395.12,1383.62
6/15/2017,3405.97,2390.26,1380.61
6/16/2017,3408.75,2392.21,1381.73
6/19/2017,3444.46,2417.27,1396.19
6/20/2017,3422.27,2401.68,1387.18
6/21/2017,3432.13,2408.54,1391.06
6/22/2017,3432.75,2408.97,1391.3
6/23/2017,3442.69,2415.95,1395.33
6/26/2017,3435.36,2410.8,1392.35
6/27/2017,3396.89,2383.81,1376.76
6/28/2017,3429.65,2406.71,1389.87
6/29/2017,3386.46,2376.39,1372.34
6/30/2017,3391.74,2380.04,1374.37
7/3/2017,3384.94,2375.26,1371.6
7/5/2017,3400.12,2385.83,1377.6
7/6/2017,3370.18,2364.65,1365.15
7/7/2017,3398.63,2384.6,1376.64
7/10/2017,3408.21,2391.32,1380.52
7/11/2017,3407.81,2391.02,1380.32
7/12/2017,3439.96,2413.5,1393.2
7/13/2017,3446.15,2417.84,1395.7
7/14/2017,3467.8,2433.02,1404.44
7/17/2017,3468.73,2433.65,1404.77
7/18/2017,3479.53,2441.21,1409.12
7/19/2017,3499.36,2455.06,1417.04
7/20/2017,3498.34,2454.35,1416.62
7/21/2017,3499.6,2455.23,1417.13
7/24/2017,3497.75,2453.91,1416.34
7/25/2017,3498.65,2454.54,1416.71
7/26/2017,3504.91,2458.93,1419.24
7/27/2017,3495.55,2452.32,1415.37
7/28/2017,3490.62,2448.84,1413.33
7/31/2017,3480.3,2441.61,1409.15
8/1/2017,3487.43,2446.6,1412.03
8/2/2017,3493.04,2450.47,1414.18
8/3/2017,3485.62,2445.2,1411.05
8/4/2017,3492.12,2449.75,1413.64
8/7/2017,3502.65,2457.12,1417.88
8/8/2017,3494.8,2451.52,1414.53
8/9/2017,3496.28,2452.51,1415.03
8/10/2017,3441.42,2413.77,1392.33
8/11/2017,3454.44,2422.87,1397.55
8/14/2017,3493.49,2450.25,1413.33
8/15/2017,3493.11,2449.74,1412.7
8/16/2017,3501.6,2455.64,1416.03
8/17/2017,3446.46,2416.96,1393.7
8/18/2017,3440.51,2412.77,1391.28
8/21/2017,3446.31,2416.83,1393.6
8/22/2017,3485.79,2444.48,1409.49
8/23/2017,3470.97,2434.02,1403.38
8/24/2017,3464.95,2429.78,1400.9
8/25/2017,3466.97,2431.1,1401.55
8/28/2017,3474.22,2436.14,1404.38
8/29/2017,3483.01,2442.19,1407.71
8/30/2017,3506.55,2458.55,1416.96
8/31/2017,3531.87,2476.29,1427.15
9/1/2017,3533.88,2477.67,1427.91
9/5/2017,3512.59,2462.74,1419.31
9/6/2017,3522.16,2469.44,1423.16
9/7/2017,3533.39,2477.17,1427.42
9/8/2017,3521.68,2468.94,1422.64
9/11/2017,3555.82,2492.86,1436.4
9/12/2017,3561.72,2496.97,1438.74
9/13/2017,3561.17,2496.56,1438.48
9/14/2017,3556.71,2493.15,1436.13
9/15/2017,3561.18,2496.2,1437.78
9/18/2017,3561.62,2496.48,1437.9
9/19/2017,3563.68,2497.92,1438.72
9/20/2017,3562.24,2496.91,1438.14
9/21/2017,3547.32,2486.44,1432.08
9/22/2017,3548.56,2487.3,1432.57
9/25/2017,3526.3,2471.69,1423.58
9/26/2017,3529.91,2474.17,1424.93
9/27/2017,3548.42,2487.14,1432.4
9/28/2017,3553.53,2490.61,1434.25
9/29/2017,3571.2,2502.99,1441.37
10/2/2017,3579.5,2508.8,1444.71
10/3/2017,3587.29,2514.2,1447.75
10/4/2017,3592.6,2517.93,1449.89
10/5/2017,3616.01,2534.26,1459.19
10/6/2017,3618.41,2535.79,1459.87
10/9/2017,3616.93,2534.76,1459.28
10/10/2017,3619.94,2536.84,1460.45
10/11/2017,3631.8,2545.14,1465.2
10/12/2017,3632.71,2545.69,1465.41
10/13/2017,3638.7,2549.89,1467.82
10/16/2017,3644.69,2554.08,1470.23
10/17/2017,3651.08,2558.56,1472.81
10/18/2017,3652.73,2559.66,1473.38
10/19/2017,3649.63,2557.44,1472.02
10/20/2017,3663.41,2567.07,1477.52
10/23/2017,3643.55,2553.15,1469.51
10/24/2017,3647.37,2555.8,1471.01
10/25/2017,3632.88,2545.65,1465.17
10/26/2017,3634.46,2546.75,1465.8
10/27/2017,3690.83,2586.25,1488.54
10/30/2017,3684.74,2581.94,1486
10/31/2017,3688.19,2584.34,1487.35
11/1/2017,3689.9,2585.54,1488.03
11/2/2017,3690.21,2585.75,1488.15
11/3/2017,3712.85,2601.59,1497.24
11/6/2017,3722.52,2608.3,1501.01
11/7/2017,3726.5,2611.09,1502.62
11/8/2017,3736.79,2618.28,1506.73
11/9/2017,3718.99,2605.64,1499.23
11/10/2017,3718.7,2605.18,1498.62
11/13/2017,3722.72,2607.99,1500.22
11/14/2017,3715.29,2602.74,1497.14
11/15/2017,3690.99,2585.44,1486.82
11/16/2017,3724.96,2609.12,1500.3
11/17/2017,3711.17,2599.46,1494.73
11/20/2017,3715.33,2602.36,1496.37
11/21/2017,3747.31,2624.74,1509.21
11/22/2017,3744.88,2622.96,1508.1
11/24/2017,3757.23,2631.61,1513.06
11/27/2017,3759.64,2633.2,1513.85
11/28/2017,3782.96,2649.48,1523.14
11/29/2017,3755.86,2630.39,1512.02
11/30/2017,3792.01,2655.45,1526.08
12/1/2017,3779.71,2646.8,1521.06
12/4/2017,3754.74,2629.32,1511.02
12/5/2017,3747.56,2624.26,1508.08
12/6/2017,3754.89,2629.37,1510.98
12/7/2017,3770.4,2640.17,1517.09
12/8/2017,3790.33,2654.04,1524.96
12/11/2017,3805.25,2664.49,1530.96
12/12/2017,3806.14,2665.1,1531.3
12/13/2017,3810.25,2667.95,1532.89
12/14/2017,3800.02,2660.62,1528.45
12/15/2017,3835.76,2685.61,1542.78
12/18/2017,3856.16,2699.84,1550.88
12/19/2017,3844.2,2691.47,1546.07
12/20/2017,3838.17,2687.13,1543.43
12/21/2017,3834.4,2684.49,1541.91
12/22/2017,3830.97,2682.09,1540.53
12/26/2017,3822.27,2676,1537.03
12/27/2017,3829.1,2680.71,1539.63
12/28/2017,3835.67,2685.23,1542.12
12/29/2017,3814,2670.04,1533.38
1/2/2018,3852.07,2696.66,1548.62
1/3/2018,3885.51,2720.07,1562.06
1/4/2018,3898.33,2728.95,1567.03
1/5/2018,3937.8,2756.57,1582.9
1/8/2018,3946.27,2762.49,1586.26
1/9/2018,3955.06,2768.6,1589.72
1/10/2018,3944.41,2761.14,1585.43
1/11/2018,3967.97,2777.52,1594.68
1/12/2018,3997.41,2798.12,1606.51
1/16/2018,3986.28,2790.33,1602.03
1/17/2018,4032.62,2822.77,1620.66
1/18/2018,4031.26,2821.76,1620.01
1/19/2018,4049.96,2834.83,1627.49
1/22/2018,4080.69,2856.33,1639.82
1/23/2018,4096.8,2867.58,1646.25
1/24/2018,4085.35,2859.57,1641.65
1/25/2018,4091.6,2863.94,1644.16
1/26/2018,4150.29,2905.02,1667.73
1/29/2018,4121.67,2884.99,1656.23
1/30/2018,4080.72,2856.27,1639.67
1/31/2018,4089.74,2862.57,1643.27
2/1/2018,4079.77,2855.47,1639.04
2/2/2018,3998.79,2798.8,1606.5
2/5/2018,3838.47,2686.58,1542.09
2/6/2018,3923.13,2745.77,1575.98
2/7/2018,3893.68,2725.13,1564.1
2/8/2018,3736.91,2615.33,1500.96
2/9/2018,3804.77,2662.6,1527.79
2/12/2018,3864.96,2704.72,1551.96
2/13/2018,3877.49,2713.46,1556.93
2/14/2018,3935.67,2753.87,1579.71
2/15/2018,3995.37,2795.54,1603.48
2/16/2018,3994.57,2794.95,1603.09
2/20/2018,3985.14,2788.33,1599.28
2/21/2018,3969.17,2777.14,1592.85
2/22/2018,3975.09,2781.22,1595.1
2/23/2018,4041.83,2827.9,1621.84
2/26/2018,4091.7,2862.68,1641.65
2/27/2018,4044.18,2829.37,1622.46
2/28/2018,4007.02,2803.28,1607.38
3/1/2018,3947.47,2761.52,1583.29
3/2/2018,3971.99,2778.64,1593.06
3/5/2018,4014.14,2808.12,1609.97
3/6/2018,4026.14,2816.48,1614.7
3/7/2018,4035.88,2823.2,1618.44
3/8/2018,4059.49,2839.56,1627.6
3/9/2018,4133.68,2891.45,1657.33
3/12/2018,4131.72,2890.07,1656.54
3/13/2018,4102.06,2869.31,1644.63
3/14/2018,4088.39,2859.54,1638.74
3/15/2018,4087.9,2859.13,1638.42
3/16/2018,4089.28,2860.08,1638.95
3/19/2018,4022.96,2813.69,1612.36
3/20/2018,4037.46,2823.83,1618.17
3/21/2018,4018.44,2810.42,1610.34
3/22/2018,3912,2735.96,1567.65
3/23/2018,3824.59,2674.83,1532.62
3/26/2018,3944.28,2758.54,1580.58
3/27/2018,3849.35,2692.14,1542.53
3/28/2018,3827.5,2676.79,1533.64
3/29/2018,3887.56,2718.78,1557.68
4/2/2018,3795.44,2654.35,1520.76
4/3/2018,3841.31,2686.4,1539.08
4/4/2018,3890.64,2720.85,1558.75
4/5/2018,3915.29,2738.03,1568.53
4/6/2018,3821.72,2672.58,1531
4/9/2018,3838.83,2684.52,1537.81
4/10/2018,3908.31,2733.07,1565.58
4/11/2018,3885.36,2716.98,1556.3
4/12/2018,3921.93,2742.4,1570.66
4/13/2018,3909.84,2733.94,1565.81
4/16/2018,3940.59,2755.42,1578.09
4/17/2018,4004.41,2800.05,1603.65
4/18/2018,4010.62,2804.39,1606.13
4/19/2018,3977.61,2781.25,1592.8
4/20/2018,3933.92,2750.68,1575.27
4/23/2018,3927.94,2746.5,1572.87
4/24/2018,3853.47,2694.41,1543.01
4/25/2018,3857.91,2697.51,1544.78
4/26/2018,3921.09,2741.69,1570.08
4/27/2018,3924.97,2744.4,1571.63
4/30/2018,3898.27,2725.72,1560.93
5/1/2018,3925.11,2744.49,1571.68
5/2/2018,3904.34,2729.96,1563.36
5/3/2018,3905.81,2730.99,1563.93
5/4/2018,3963.02,2770.88,1586.63
5/7/2018,3984.31,2785.76,1595.15
5/8/2018,3984.06,2785.58,1595.03
5/9/2018,4024.86,2814.06,1611.28
5/10/2018,4063.77,2841.12,1626.57
5/11/2018,4071.11,2845.98,1629
5/14/2018,4073.19,2847.41,1629.79
5/15/2018,4034.51,2820.37,1614.31
5/16/2018,4050.56,2831.28,1620.13
5/17/2018,4042.51,2825.53,1616.68
5/18/2018,4040.01,2823.75,1615.62
5/21/2018,4070.49,2845.04,1627.78
5/22/2018,4053.42,2833.09,1620.93
5/23/2018,4082.33,2853.28,1632.45
5/24/2018,4079.96,2851.59,1631.45
5/25/2018,4079.17,2850.94,1630.94
5/29/2018,4044.81,2826.9,1617.16
5/30/2018,4086.8,2856.11,1633.68
5/31/2018,4067.05,2842.16,1625.51
6/1/2018,4122.8,2881.04,1647.63
6/4/2018,4151.42,2901.02,1659.04
6/5/2018,4160.87,2907.6,1662.76
6/6/2018,4193.67,2930.49,1675.82
6/7/2018,4173.83,2916.52,1667.69
6/8/2018,4186.13,2925.12,1672.6
6/11/2018,4189.01,2927.12,1673.74
6/12/2018,4205.31,2938.5,1680.23
6/13/2018,4191.56,2928.87,1674.68
6/14/2018,4215.07,2945.05,1683.61
6/15/2018,4209.73,2941.25,1681.35
6/18/2018,4205.23,2938.08,1679.5
6/19/2018,4183.04,2922.52,1670.54
6/20/2018,4196.49,2931.92,1675.91
6/21/2018,4167.99,2911.94,1664.4
6/22/2018,4163.12,2908.53,1662.44
6/25/2018,4088.91,2856.68,1632.81
6/26/2018,4103.36,2866.78,1638.58
6/27/2018,4053.62,2832.03,1618.71
6/28/2018,4087,2855.29,1631.93
6/29/2018,4091.63,2858.51,1633.76
7/2/2018,4115.64,2875.25,1643.28
7/3/2018,4082.66,2852.21,1630.11
7/5/2018,4126.76,2882.9,1647.49
7/6/2018,4169.84,2912.93,1664.57
7/9/2018,4207.26,2939.05,1679.46
7/10/2018,4220.12,2948.01,1684.56
7/11/2018,4197.37,2932.12,1675.48
7/12/2018,4250.24,2968.91,1696.31
7/13/2018,4257.12,2973.72,1699.06
7/16/2018,4246.54,2966.31,1694.79
7/17/2018,4273.94,2985.44,1705.71
7/18/2018,4278.15,2988.38,1707.39
7/19/2018,4257.88,2974.15,1699.17
7/20/2018,4260.39,2975.9,1700.17
7/23/2018,4266.99,2980.51,1702.8
7/24/2018,4288.02,2995.17,1711.14
7/25/2018,4343.22,3033.73,1733.17
7/26/2018,4302.59,3005.35,1716.95
7/27/2018,4256.55,2973.19,1698.58
7/30/2018,4203.85,2936.33,1677.47
7/31/2018,4232.36,2956.24,1688.82
8/1/2018,4246.18,2965.89,1694.33
8/2/2018,4281.75,2990.67,1708.4
8/3/2018,4295.49,3000.24,1713.83
8/6/2018,4315.16,3013.91,1721.55
8/7/2018,4326.73,3021.98,1726.15
8/8/2018,4330.98,3024.93,1727.8
8/9/2018,4330.87,3024.76,1727.58
8/10/2018,4299.4,3002.52,1714.54
8/13/2018,4289.45,2995.56,1710.55
8/14/2018,4316.08,3014.13,1721.11
8/15/2018,4282.4,2990.37,1707.22
8/16/2018,4305.59,3006.44,1716.23
8/17/2018,4314.88,3012.89,1719.87
8/20/2018,4319.67,3016.23,1721.77
8/21/2018,4326.88,3021.24,1724.59
8/22/2018,4333.79,3026.04,1727.3
8/23/2018,4331.66,3024.47,1726.3
8/24/2018,4366.11,3048.51,1740.01
8/27/2018,4403.25,3074.34,1754.62
8/28/2018,4408.79,3078.21,1756.83
8/29/2018,4447.4,3105.06,1772
8/30/2018,4434.07,3095.67,1766.53
8/31/2018,4439.19,3099.15,1768.39
9/4/2018,4432.33,3094.33,1765.6
9/5/2018,4394.29,3067.77,1750.44
9/6/2018,4377.41,3055.75,1743.26
9/7/2018,4368.08,3049.2,1739.48
9/10/2018,4375.36,3054.28,1742.38
9/11/2018,4402.93,3073.5,1753.31
9/12/2018,4400.39,3071.71,1752.27
9/13/2018,4435.96,3096.31,1765.98
9/14/2018,4434.45,3095.18,1765.25
9/17/2018,4389.68,3063.92,1747.41
9/18/2018,4419.76,3084.87,1759.29
9/19/2018,4416.8,3082.81,1758.11
9/20/2018,4456.27,3110.35,1773.81
9/21/2018,4448.73,3105.08,1770.8
9/24/2018,4447.51,3104.23,1770.31
9/25/2018,4450.62,3106.34,1771.43
9/26/2018,4443.14,3101.11,1768.46
9/27/2018,4467.95,3118.32,1778.12
9/28/2018,4471.49,3120.79,1779.52
10/1/2018,4486.58,3131.31,1785.51
10/2/2018,4476.18,3124.02,1781.32
10/3/2018,4478.67,3125.76,1782.31
10/4/2018,4416.07,3081.96,1757.19
10/5/2018,4382.68,3058.64,1743.87
10/8/2018,4361.74,3044.03,1735.53
10/9/2018,4362.6,3044.59,1735.81
10/10/2018,4190.96,2924.8,1667.5
10/11/2018,4122.04,2876.7,1640.08
10/12/2018,4211.72,2939.15,1675.5
10/15/2018,4171.91,2911.35,1659.63
10/16/2018,4283.39,2989.14,1703.97
10/17/2018,4279.15,2986.15,1702.21
10/18/2018,4199.28,2930.35,1670.32
10/19/2018,4190.91,2924.49,1666.96
10/22/2018,4192.3,2925.46,1667.51
10/23/2018,4171.78,2911.11,1659.3
10/24/2018,4021.08,2805.95,1599.36
10/25/2018,4123.78,2877.62,1640.21
10/26/2018,4038.96,2818.43,1606.47
10/29/2018,3981.88,2778.6,1583.76
10/30/2018,4041.82,2820.36,1607.49
10/31/2018,4110.3,2868.13,1634.69
11/1/2018,4161.48,2903.83,1655.03
11/2/2018,4122.36,2876.53,1639.46
11/5/2018,4124.45,2877.98,1640.27
11/6/2018,4151,2896.43,1650.7
11/7/2018,4263.64,2975.03,1695.49
11/8/2018,4255.43,2968.9,1691.46
11/9/2018,4205.98,2934.39,1671.79
11/12/2018,4101.45,2861.47,1630.25
11/13/2018,4095.95,2857.61,1628.02
11/14/2018,4063.98,2835,1614.74
11/15/2018,4119.5,2873.58,1636.51
11/16/2018,4121.33,2874.84,1637.2
11/19/2018,4010.14,2797.26,1593
11/20/2018,3945.77,2752.33,1567.38
11/21/2018,3961.74,2763.38,1573.55
11/23/2018,3938.57,2747.21,1564.33
11/26/2018,4010.11,2797.02,1592.56
11/27/2018,4022.72,2805.8,1597.56
11/28/2018,4142.08,2888.96,1644.78
11/29/2018,4133.13,2882.58,1640.95
11/30/2018,4173.31,2910.4,1656.53
12/3/2018,4231.04,2950.66,1679.45
12/4/2018,4082.45,2847.01,1620.41
12/6/2018,4092.63,2853.94,1624.14
12/7/2018,3977.98,2773.91,1578.48
12/10/2018,4007.21,2794.29,1590.07
12/11/2018,4012.55,2798,1592.17
12/12/2018,4043.19,2819.37,1604.33
12/13/2018,4045.7,2820.97,1605.05
12/14/2018,3955.87,2758.27,1569.3
12/17/2018,3865.71,2695.36,1533.44
12/18/2018,3885.31,2708.95,1541.07
12/19/2018,3814.76,2659.7,1512.96
12/20/2018,3751.91,2615.88,1488.03
12/21/2018,3657.18,2549.83,1450.46
12/24/2018,3558.35,2480.92,1411.26
12/26/2018,3748.47,2613.45,1486.61
12/27/2018,3783.16,2637.57,1500.25
12/28/2018,3777.86,2633.78,1497.98
12/31/2018,3813.64,2658.65,1512.02
1/2/2019,3808.39,2654.99,1509.93
1/3/2019,3711.51,2587.29,1471.22
1/4/2019,3846.28,2681.24,1524.65
1/7/2019,3874.96,2701.23,1536
1/8/2019,3918.97,2731.88,1553.4
1/9/2019,3936.12,2743.64,1559.82
1/10/2019,3952.53,2755.08,1566.33
1/11/2019,3948.88,2752.53,1564.87
1/14/2019,3921.71,2733.48,1553.9
1/15/2019,3979.52,2773.76,1576.77
1/16/2019,3975.17,2770.73,1575.05
1/17/2019,4006.57,2792.53,1587.34
1/18/2019,4052.97,2824.87,1605.71
1/22/2019,3996.45,2785.44,1583.25
1/23/2019,4004.49,2791.04,1586.43
1/24/2019,4007.62,2793.22,1587.68
1/25/2019,4034.94,2812.24,1598.46
1/28/2019,3992.33,2782.55,1581.58
1/29/2019,3977.11,2771.93,1575.53
1/30/2019,4052.7,2824.56,1605.39
1/31/2019,4100,2857.35,1623.78
2/1/2019,4100.23,2857.44,1623.74
2/4/2019,4133.13,2880.37,1636.77
2/5/2019,4158.1,2897.76,1646.64
2/6/2019,4143.44,2887.45,1640.66
2/7/2019,4104.59,2860.29,1625.12
2/8/2019,4118.21,2869.62,1630.19
2/11/2019,4122.91,2872.88,1632.03
2/12/2019,4177.67,2911.04,1653.71
2/13/2019,4187.03,2917.49,1657.27
2/14/2019,4184.21,2915.33,1655.8
2/15/2019,4222.03,2941.66,1670.72
2/19/2019,4225.89,2944.35,1672.24
2/20/2019,4228.97,2946.23,1672.95
2/21/2019,4219.9,2939.84,1669.25
2/22/2019,4258.01,2966.38,1684.29
2/25/2019,4261.75,2968.84,1685.5
2/26/2019,4263.5,2970.05,1686.17
2/27/2019,4267.46,2972.69,1687.52
2/28/2019,4267.52,2972.51,1687.12
3/1/2019,4301.22,2995.97,1700.42
3/4/2019,4287.73,2986.56,1695.06
3/5/2019,4285.88,2985.27,1694.32
3/6/2019,4260.81,2967.77,1684.35
3/7/2019,4225.16,2942.81,1670.01
3/8/2019,4211.79,2933.45,1664.63
3/11/2019,4274.62,2977.2,1689.45
3/12/2019,4287.43,2986.09,1694.44
3/13/2019,4318.21,3007.47,1706.5
3/14/2019,4310.74,3002.01,1703.05
3/15/2019,4335.7,3019.38,1712.9
3/18/2019,4341.78,3023.6,1715.28
3/19/2019,4349.84,3029.2,1718.44
3/20/2019,4356.72,3033.92,1721.01
3/21/2019,4405.79,3068.04,1740.3
3/22/2019,4326.31,3012.68,1708.89
3/25/2019,4332.14,3016.68,1711.07
3/26/2019,4363.26,3038.35,1723.36
3/27/2019,4338.43,3021.05,1713.55
3/28/2019,4353.72,3031.6,1719.4
3/29/2019,4383.85,3052.55,1731.25
4/1/2019,4429.04,3084.02,1749.1
4/2/2019,4432.71,3086.55,1750.49
4/3/2019,4440.7,3092.11,1753.64
4/4/2019,4441.19,3092.29,1753.52
4/5/2019,4457.94,3103.94,1760.12
4/8/2019,4458.52,3104.31,1760.29
4/9/2019,4440.67,3091.67,1752.84
4/10/2019,4456.88,3102.87,1759.08
4/11/2019,4455.26,3101.75,1758.44
4/12/2019,4484.6,3122.06,1769.81
4/15/2019,4483.54,3121.32,1769.39
4/16/2019,4477.94,3117.42,1767.18
4/17/2019,4459.29,3104.34,1759.64
4/18/2019,4470.3,3112,1763.97
4/22/2019,4482.82,3120.72,1768.91
4/23/2019,4527.69,3151.92,1786.56
4/24/2019,4520.69,3147.05,1783.8
4/25/2019,4537.06,3158.44,1790.25
4/26/2019,4557.74,3172.82,1798.38
4/29/2019,4557.6,3172.72,1798.32
4/30/2019,4558.45,3173.3,1798.62
5/1/2019,4511.76,3140.79,1780.19
5/2/2019,4503.97,3135.34,1777.07
5/3/2019,4554.37,3170.37,1796.84
5/6/2019,4537.93,3158.85,1790.23
5/7/2019,4462.32,3106.22,1760.39
5/8/2019,4459.54,3104.26,1759.26
5/9/2019,4445.23,3094.06,1753.16
5/10/2019,4465.5,3107.98,1760.79
5/13/2019,4362.67,3036.38,1720.18
5/14/2019,4395.82,3059.41,1733.18
5/15/2019,4436.94,3087.73,1748.83
5/16/2019,4489.33,3124,1769.13
5/17/2019,4460.67,3104.03,1757.77
5/20/2019,4426.31,3080.11,1744.22
5/21/2019,4459.66,3103.31,1757.34
5/22/2019,4459.81,3103.4,1757.38
5/23/2019,4408.14,3067.37,1736.88
5/24/2019,4413.45,3070.95,1738.76
5/28/2019,4390.51,3054.98,1729.7
5/29/2019,4354.87,3030.17,1715.64
5/30/2019,4374.25,3043.57,1723.12
5/31/2019,4317.38,3003.8,1700.34
6/3/2019,4269.94,2970.8,1681.66
6/4/2019,4355.58,3030.38,1715.38
6/5/2019,4401.18,3062.02,1733.18
6/6/2019,4431.26,3082.81,1744.75
6/7/2019,4491.44,3124.61,1768.34
6/10/2019,4510.7,3138.01,1775.92
6/11/2019,4503.32,3132.83,1772.93
6/12/2019,4499.25,3130,1771.33
6/13/2019,4512.94,3139.34,1776.37
6/14/2019,4506.46,3134.72,1773.61
6/17/2019,4519.92,3144.07,1778.88
6/18/2019,4559.43,3171.51,1794.35
6/19/2019,4580.03,3185.83,1802.45
6/20/2019,4624.82,3216.92,1819.94
6/21/2019,4619.03,3212.81,1817.51
6/24/2019,4617.25,3211.57,1816.81
6/25/2019,4559.95,3171.72,1794.26
6/26/2019,4548.88,3164.02,1789.91
6/27/2019,4563.22,3173.89,1795.34
6/28/2019,4583.61,3188.04,1803.32
7/1/2019,4619.98,3213.33,1817.62
7/2/2019,4642.43,3228.92,1826.39
7/3/2019,4681.54,3255.96,1841.47
7/5/2019,4669.71,3247.6,1836.58
7/8/2019,4648.91,3233.11,1828.35
7/9/2019,4661.45,3241.62,1832.89
7/10/2019,4692.76,3263.39,1845.18
7/11/2019,4697.51,3266.68,1847.05
7/12/2019,4709.88,3275.18,1851.7
7/15/2019,4714.29,3278.24,1853.43
7/16/2019,4694.93,3264.76,1845.78
7/17/2019,4671.55,3248.49,1836.56
7/18/2019,4683.57,3256.76,1841.13
7/19/2019,4652.57,3235.17,1828.89
7/22/2019,4669.2,3246.74,1835.42
7/23/2019,4693.33,3263.5,1844.88
7/24/2019,4711.88,3276.39,1852.15
7/25/2019,4685.45,3258.01,1841.75
7/26/2019,4728.65,3288.05,1858.74
7/29/2019,4716.77,3279.79,1854.07
7/30/2019,4698.52,3267.05,1846.8
7/31/2019,4636.6,3223.97,1822.41
8/1/2019,4615.33,3209.01,1813.74
8/2/2019,4579.75,3184.24,1799.7
8/5/2019,4443.29,3089.35,1746.04
8/6/2019,4507.75,3134.08,1771.22
8/7/2019,4517.15,3140.6,1774.88
8/8/2019,4608.77,3204.2,1810.7
8/9/2019,4580.6,3184.6,1799.6
8/12/2019,4528.09,3147.94,1778.67
8/13/2019,4594.84,3194.33,1804.88
8/14/2019,4465.1,3103.73,1753.15
8/15/2019,4483.02,3116.03,1759.9
8/16/2019,4539.69,3155.39,1782.08
8/19/2019,4596.27,3194.72,1804.29
8/20/2019,4562.85,3171.47,1791.14
8/21/2019,4603.81,3199.92,1807.18
8/22/2019,4595.89,3194.41,1804.06
8/23/2019,4479.91,3113.79,1758.52
8/26/2019,4533.14,3150.66,1779.19
8/27/2019,4528.66,3147.55,1777.43
8/28/2019,4550.57,3162.72,1785.92
8/29/2019,4608.01,3202.56,1808.3
8/30/2019,4603.53,3199.3,1806.26
9/3/2019,4571.52,3177.03,1793.67
9/4/2019,4617.4,3208.87,1811.58
9/5/2019,4678.31,3251.06,1835.22
9/6/2019,4678.22,3250.98,1835.15
9/9/2019,4644.57,3227.54,1821.83
9/10/2019,4620.96,3211.11,1812.54
9/11/2019,4648.39,3230.12,1823.2
9/12/2019,4672.49,3246.75,1832.44
9/13/2019,4665.01,3241.36,1829.13
9/16/2019,4646.37,3228.4,1821.8
9/17/2019,4667.12,3242.81,1829.93
9/18/2019,4666.94,3242.68,1829.86
9/19/2019,4678.34,3250.59,1834.31
9/20/2019,4652.86,3232.81,1824.17
9/23/2019,4648.56,3229.82,1822.48
9/24/2019,4606.22,3200.33,1805.73
9/25/2019,4635.02,3220.34,1817.03
9/26/2019,4629.28,3216.26,1814.61
9/27/2019,4593.58,3191.35,1800.41
9/30/2019,4616.7,3207.39,1809.42
10/1/2019,4565.24,3171.6,1789.19
10/2/2019,4484.42,3115.45,1757.52
10/3/2019,4531.3,3147.86,1775.58
10/4/2019,4594.07,3191.45,1800.16
10/7/2019,4572.79,3176.66,1791.81
10/8/2019,4500.99,3126.75,1763.62
10/9/2019,4547.12,3158.58,1781.28
10/10/2019,4568.07,3173.12,1789.46
10/11/2019,4610.21,3202.28,1805.77
10/14/2019,4604.38,3198.23,1803.48
10/15/2019,4650.7,3230.41,1821.62
10/16/2019,4641.34,3223.85,1817.86
10/17/2019,4652.43,3231.48,1822.06
10/18/2019,4618.42,3207.85,1808.73
10/21/2019,4644.52,3225.97,1818.93
10/22/2019,4603.67,3197.57,1802.88
10/23/2019,4618.37,3207.77,1808.64
10/24/2019,4640.32,3223.01,1817.21
10/25/2019,4654.73,3233.02,1822.85
10/28/2019,4686.3,3254.95,1835.22
10/29/2019,4685.45,3254.35,1834.87
10/30/2019,4711.54,3272.42,1844.99
10/31/2019,4697.26,3262.45,1839.3
11/1/2019,4725.8,3282.23,1850.4
11/4/2019,4729.85,3285.04,1851.98
11/5/2019,4715.68,3275.19,1846.42
11/6/2019,4719.25,3277.6,1847.69
11/7/2019,4727.93,3283.36,1850.57
11/8/2019,4741.89,3292.88,1855.71
11/11/2019,4734.53,3287.77,1852.83
11/12/2019,4747.85,3296.97,1857.96
11/13/2019,4754.45,3301.52,1860.48
11/14/2019,4762.97,3307.22,1863.4
11/15/2019,4800.02,3332.92,1877.84
11/18/2019,4800.58,3333.3,1878.05
11/19/2019,4812.71,3341.71,1882.78
11/20/2019,4798.19,3331.32,1876.51
11/21/2019,4786.79,3323.36,1871.97
11/22/2019,4793.52,3328.02,1874.59
11/25/2019,4831.51,3354.28,1889.22
11/26/2019,4854.79,3370.42,1898.28
11/27/2019,4876.76,3385.56,1906.65
11/29/2019,4858.42,3372.62,1899.1
12/2/2019,4810.31,3339.2,1880.25
12/3/2019,4790.68,3325.57,1872.57
12/4/2019,4814.92,3342.32,1881.89
12/5/2019,4817.47,3343.93,1882.6
12/6/2019,4857,3371.37,1898.04
12/9/2019,4843.38,3361.84,1892.58
12/10/2019,4834.45,3355.63,1889.07
12/11/2019,4850.73,3366.93,1895.43
12/12/2019,4879.35,3386.67,1906.38
12/13/2019,4888.08,3392.51,1909.39
12/16/2019,4921.48,3415.66,1922.38
12/17/2019,4919.21,3414.09,1921.49
12/18/2019,4919.75,3414.39,1921.57
12/19/2019,4949.98,3435.36,1933.36
12/20/2019,4976.96,3453.99,1943.72
12/23/2019,4982.42,3457.79,1945.85
12/24/2019,4983.21,3458.28,1946.06
12/26/2019,5021.65,3484.88,1960.93
12/27/2019,5022.19,3485.25,1961.13
12/30/2019,4988.85,3462.05,1947.99
12/31/2019,5000.85,3470.35,1952.62
1/2/2020,5066.22,3515.64,1978.01
1/3/2020,5030.48,3490.74,1963.88
1/6/2020,5056.44,3508.75,1974
1/7/2020,5048.53,3503.14,1970.69
1/8/2020,5082.31,3526.53,1983.78
1/9/2020,5128.8,3558.77,2001.89
1/10/2020,5117.51,3550.94,1997.48
1/13/2020,5167.44,3585.58,2016.97
1/14/2020,5149.17,3572.8,2009.65
1/15/2020,5161.95,3581.65,2014.59
1/16/2020,5210.41,3615.26,2033.48
1/17/2020,5239.68,3635.54,2044.86
1/21/2020,5233.59,3631.29,2042.43
1/22/2020,5235.42,3632.55,2043.12
1/23/2020,5245.88,3639.72,2047.06
1/24/2020,5201.89,3609.2,2029.89
1/27/2020,5111.06,3546.18,1994.45
1/28/2020,5179.61,3593.74,2021.18
1/29/2020,5191.23,3601.79,2025.71
1/30/2020,5206.98,3612.67,2031.76
1/31/2020,5114.4,3548.42,1995.6
2/3/2020,5169.61,3586.73,2017.14
2/4/2020,5260.81,3650,2052.72
2/5/2020,5289.79,3670.06,2063.96
2/6/2020,5322.88,3692.93,2076.68
2/7/2020,5297.6,3675.14,2066.37
2/10/2020,5356.68,3716.11,2089.38
2/11/2020,5355.24,3715.11,2088.82
2/12/2020,5396.34,3743.6,2104.8
2/13/2020,5392.04,3740.36,2102.63
2/14/2020,5413.62,3755.29,2110.99
2/18/2020,5403.83,3748.47,2107.11
2/19/2020,5439.25,3772.75,2120.38
2/20/2020,5404.31,3748.47,2106.67
2/21/2020,5321.96,3691.33,2074.53
2/24/2020,5132.3,3559.67,2000.39
2/25/2020,4983.14,3456.17,1942.18
2/26/2020,4987.06,3458.89,1943.7
2/27/2020,4757.26,3299.31,1853.77
2/28/2020,4748.64,3293.22,1850.19
