date,tr,net_tr,industrials
1/29/2010,318.59,122.02,240.06
2/1/2010,323.22,123.8,243.54
2/2/2010,329.38,126.15,248.19
2/3/2010,328.32,125.73,247.29
2/4/2010,318.31,121.9,239.72
2/5/2010,316.53,121.21,238.37
2/8/2010,313.03,119.87,235.72
2/9/2010,318.43,121.94,239.79
2/10/2010,317.69,121.64,239.15
2/11/2010,322.54,123.48,242.68
2/12/2010,320.25,122.6,240.95
2/16/2010,327.4,125.34,246.32
2/17/2010,329.82,126.22,247.86
2/18/2010,333.1,127.48,250.33
2/19/2010,334.7,128.09,251.53
2/22/2010,334.89,128.16,251.67
2/23/2010,330.8,126.6,248.59
2/24/2010,333.95,127.79,250.89
2/25/2010,333.38,127.52,250.1
2/26/2010,334.64,128,251.04
3/1/2010,337.93,129.25,253.45
3/2/2010,338.86,129.6,254.14
3/3/2010,339.38,129.8,254.51
3/4/2010,340.82,130.35,255.59
3/5/2010,346.01,132.34,259.48
3/8/2010,344.36,131.7,258.25
3/9/2010,347.15,132.77,260.33
3/10/2010,348.41,133.25,261.27
3/11/2010,349.46,133.65,262.06
3/12/2010,351.95,134.61,263.93
3/15/2010,352.79,134.93,264.56
3/16/2010,356.95,136.52,267.68
3/17/2010,358.29,137.03,268.69
3/18/2010,360.88,138.02,270.62
3/19/2010,359.58,137.52,269.65
3/22/2010,360.38,137.83,270.25
3/23/2010,364.35,139.35,273.22
3/24/2010,362.32,138.57,271.7
3/25/2010,361.58,138.29,271.14
3/26/2010,362.67,138.71,271.96
3/29/2010,365.9,139.93,274.32
3/30/2010,366.62,140.2,274.84
3/31/2010,364.49,139.39,273.25
4/1/2010,366.66,140.22,274.84
4/5/2010,369.42,141.27,276.91
4/6/2010,369.44,141.28,276.92
4/7/2010,367.35,140.47,275.31
4/8/2010,368.58,140.94,276.23
4/9/2010,370.49,141.67,277.66
4/12/2010,371.63,142.1,278.51
4/13/2010,372.58,142.47,279.23
4/14/2010,377.25,144.26,282.73
4/15/2010,380.79,145.61,285.38
4/16/2010,374.56,143.23,280.71
4/19/2010,374.58,143.23,280.73
4/20/2010,377.33,144.29,282.79
4/21/2010,380.67,145.56,285.3
4/22/2010,383.29,146.56,287.2
4/23/2010,386,147.59,289.22
4/26/2010,386.93,147.95,289.92
4/27/2010,377,144.15,282.46
4/28/2010,380.11,145.34,284.8
4/29/2010,388.03,148.37,290.73
4/30/2010,379.63,145.15,284.43
5/3/2010,387.61,148.2,290.41
5/4/2010,374.85,143.33,280.85
5/5/2010,369.52,141.27,276.75
5/6/2010,357.11,136.52,267.43
5/7/2010,349.68,133.68,261.86
5/10/2010,369.53,141.27,276.73
5/11/2010,368.73,140.97,276.13
5/12/2010,376.36,143.85,281.66
5/13/2010,371.22,141.87,277.67
5/14/2010,363.29,138.84,271.74
5/17/2010,362.18,138.41,270.9
5/18/2010,357.39,136.57,267.24
5/19/2010,353.06,134.9,263.89
5/20/2010,337,128.76,251.89
5/21/2010,342.22,130.75,255.78
5/24/2010,336.78,128.68,251.72
5/25/2010,336.24,128.47,251.31
5/26/2010,337.22,128.83,251.96
5/27/2010,348.61,133.16,260.34
5/28/2010,343.45,131.19,256.48
6/1/2010,336.25,128.44,251.1
6/2/2010,344.63,131.64,257.34
6/3/2010,346.41,132.32,258.67
6/4/2010,330.55,126.26,246.83
6/7/2010,322.13,123.04,240.54
6/8/2010,325.35,124.27,242.95
6/9/2010,324.87,124.09,242.59
6/10/2010,336.38,128.49,251.18
6/11/2010,338.08,129.13,252.44
6/14/2010,337.58,128.94,252.07
6/15/2010,347.75,132.83,259.66
6/16/2010,347.11,132.58,259.18
6/17/2010,348.08,132.92,259.65
6/18/2010,349.32,133.39,260.57
6/21/2010,350.36,133.79,261.35
6/22/2010,341.83,130.53,254.98
6/23/2010,340.35,129.96,253.87
6/24/2010,334.28,127.64,249.34
6/25/2010,336.19,128.37,250.77
6/28/2010,334.39,127.68,249.36
6/29/2010,321.39,122.71,239.65
6/30/2010,319.61,122.02,238.29
7/1/2010,317.88,121.36,236.96
7/2/2010,314.58,120.1,234.5
7/6/2010,314.91,120.22,234.75
7/7/2010,326.21,124.54,243.16
7/8/2010,330.54,126.19,246.38
7/9/2010,333.14,127.18,248.32
7/12/2010,331.44,126.53,247.06
7/13/2010,337.64,128.9,251.68
7/14/2010,338.46,129.21,252.29
7/15/2010,338.24,129.13,252.13
7/16/2010,326.77,124.74,243.51
7/19/2010,328.7,125.48,244.95
7/20/2010,334.02,127.51,248.91
7/21/2010,332.82,127.05,248.02
7/22/2010,343.28,131.04,255.81
7/23/2010,350.16,133.67,260.94
7/26/2010,356.23,135.99,265.46
7/27/2010,353.56,134.97,263.47
7/28/2010,352.71,134.64,262.84
7/29/2010,352.07,134.4,262.36
7/30/2010,352.7,134.64,262.83
8/2/2010,359.7,137.31,268.04
8/3/2010,358.1,136.7,266.84
8/4/2010,360.82,137.72,268.75
8/5/2010,361.23,137.87,269.03
8/6/2010,359.36,137.15,267.63
8/9/2010,361.46,137.96,269.19
8/10/2010,358.62,136.87,267.08
8/11/2010,345.4,131.81,257.15
8/12/2010,342.69,130.76,255
8/13/2010,341.87,130.45,254.38
8/16/2010,341.76,130.4,254.29
8/17/2010,347.88,132.74,258.84
8/18/2010,348.74,133.02,259.21
8/19/2010,341.35,130.2,253.7
8/20/2010,339.17,129.37,252.08
8/23/2010,335.44,127.94,249.29
8/24/2010,328.84,125.43,244.39
8/25/2010,328.29,125.22,243.97
8/26/2010,327.36,124.86,243.24
8/27/2010,334.36,127.51,248.36
8/30/2010,328.95,125.44,244.29
8/31/2010,327.96,125.07,243.55
9/1/2010,340.65,129.9,252.96
9/2/2010,345.18,131.62,256.29
9/3/2010,350.15,133.52,259.97
9/7/2010,346.98,132.31,257.62
9/8/2010,350.5,133.65,260.22
9/9/2010,350.94,133.82,260.55
9/10/2010,353.54,134.81,262.48
9/13/2010,357.26,136.23,265.25
9/14/2010,356.09,135.78,264.37
9/15/2010,356.43,135.91,264.63
9/16/2010,355.78,135.62,263.84
9/17/2010,358.94,136.82,266.17
9/20/2010,364.38,138.89,270.21
9/21/2010,364.95,139.11,270.63
9/22/2010,363.18,138.43,269.32
9/23/2010,357.78,136.38,265.31
9/24/2010,367.81,140.2,272.75
9/27/2010,364.91,139.1,270.6
9/28/2010,367,139.88,272.07
9/29/2010,366.92,139.85,272
9/30/2010,365.34,139.24,270.82
10/1/2010,365.91,139.45,271.21
10/4/2010,361.82,137.9,268.19
10/5/2010,371.68,141.65,275.49
10/6/2010,373.93,142.51,277.11
10/7/2010,373.4,142.3,276.72
10/8/2010,376.45,143.47,278.98
10/11/2010,375.45,143.08,278.23
10/12/2010,375.15,142.97,278.01
10/13/2010,380.66,145.07,282.1
10/14/2010,379.28,144.54,281.07
10/15/2010,375.97,143.28,278.62
10/18/2010,376.48,143.48,279
10/19/2010,370.77,141.3,274.76
10/20/2010,375.71,143.18,278.43
10/21/2010,378.47,144.23,280.41
10/22/2010,378.66,144.3,280.55
10/25/2010,379.41,144.58,281.1
10/26/2010,378.43,144.21,280.37
10/27/2010,375.91,143.24,278.48
10/28/2010,374.71,142.79,277.6
10/29/2010,375,142.9,277.81
11/1/2010,375.34,143.03,278.06
11/2/2010,378.28,144.15,280.24
11/3/2010,378.95,144.39,280.63
11/4/2010,387.15,147.5,286.67
11/5/2010,389.23,148.3,288.21
11/8/2010,387.96,147.81,287.24
11/9/2010,384.57,146.51,284.65
11/10/2010,384.2,146.34,284.23
11/11/2010,381.86,145.45,282.5
11/12/2010,377.67,143.86,279.4
11/15/2010,378.4,144.13,279.93
11/16/2010,372.53,141.9,275.59
11/17/2010,372.65,141.9,275.4
11/18/2010,379.4,144.47,280.37
11/19/2010,381.2,145.15,281.7
11/22/2010,379.96,144.68,280.77
11/23/2010,375.21,142.87,277.27
11/24/2010,383.07,145.86,283.04
11/26/2010,380.4,144.83,280.98
11/29/2010,380.32,144.78,280.81
11/30/2010,379.15,144.34,279.95
12/1/2010,388.99,148.08,287.21
12/2/2010,394.87,150.32,291.55
12/3/2010,396.01,150.75,292.39
12/6/2010,395.31,150.49,291.87
12/7/2010,397.1,151.17,293.19
12/8/2010,395.96,150.73,292.35
12/9/2010,396.9,151.09,293.04
12/10/2010,401,152.65,296.06
12/13/2010,401.04,152.66,296.09
12/14/2010,402.82,153.34,297.41
12/15/2010,400.89,152.61,295.98
12/16/2010,405.41,154.33,299.31
12/17/2010,404.07,153.82,298.32
12/20/2010,404.11,153.83,298.35
12/21/2010,407.08,154.96,300.54
12/22/2010,408.65,155.5,301.33
12/23/2010,407.75,155.16,300.67
12/27/2010,408.43,155.42,301.17
12/28/2010,408.81,155.57,301.45
12/29/2010,408.73,155.52,301.31
12/30/2010,408.03,155.25,300.78
12/31/2010,408.5,155.43,301.12
1/3/2011,411.53,156.58,303.32
1/4/2011,411.26,156.48,303.12
1/5/2011,413.33,157.26,304.64
1/6/2011,412.66,157.01,304.15
1/7/2011,413.27,157.24,304.6
1/10/2011,413.82,157.45,305.01
1/11/2011,415.07,157.92,305.92
1/12/2011,418.64,159.28,308.52
1/13/2011,418.96,159.4,308.75
1/14/2011,420.91,160.14,310.19
1/18/2011,423.3,161.04,311.88
1/19/2011,419.07,159.43,308.77
1/20/2011,417.34,158.77,307.49
1/21/2011,422.15,160.6,311.03
1/24/2011,426.35,162.2,314.13
1/25/2011,425.63,161.93,313.6
1/26/2011,427.62,162.67,315.02
1/27/2011,429.92,163.55,316.72
1/28/2011,422.16,160.6,311
1/31/2011,426.06,162.08,313.88
2/1/2011,432.69,164.6,318.76
2/2/2011,431.51,164.15,317.86
2/3/2011,431.45,164.13,317.79
2/4/2011,432.71,164.6,318.71
2/7/2011,436.95,166.22,321.83
2/8/2011,440.19,167.44,324.2
2/9/2011,440.3,167.47,324.15
2/10/2011,442.29,168.2,325.46
2/11/2011,445.47,169.41,327.78
2/14/2011,445.21,169.31,327.59
2/15/2011,443.77,168.76,326.53
2/16/2011,445.88,169.52,327.79
2/17/2011,446.76,169.85,328.43
2/18/2011,448.13,170.37,329.44
2/22/2011,435.32,165.5,320.02
2/23/2011,427.6,162.56,314.33
2/24/2011,430.01,163.41,315.63
2/25/2011,434.07,164.94,318.54
2/28/2011,436.47,165.85,320.28
3/1/2011,426.87,162.2,313.24
3/2/2011,428.8,162.93,314.63
3/3/2011,438.98,166.8,322.1
3/4/2011,433.89,164.86,318.37
3/7/2011,430.25,163.48,315.69
3/8/2011,436.78,165.96,320.48
3/9/2011,435.85,165.6,319.76
3/10/2011,427.07,162.26,313.32
3/11/2011,432.12,164.18,317.02
3/14/2011,428.48,162.8,314.35
3/15/2011,423.9,161.06,310.99
3/16/2011,415.38,157.82,304.73
3/17/2011,421.95,160.32,309.55
3/18/2011,424.95,161.46,311.75
3/21/2011,433.71,164.79,318.18
3/22/2011,430.3,163.49,315.68
3/23/2011,431.81,164.06,316.77
3/24/2011,436.14,165.71,319.95
3/25/2011,437.54,166.24,320.97
3/28/2011,437.38,166.18,320.86
3/29/2011,440.71,167.43,323.22
3/30/2011,442.65,168.17,324.63
3/31/2011,444.25,168.78,325.8
4/1/2011,448.25,170.29,328.74
4/4/2011,448.83,170.51,329.13
4/5/2011,446.91,169.78,327.72
4/6/2011,447.79,170.11,328.31
4/7/2011,445.66,169.3,326.75
4/8/2011,441.92,167.87,324.01
4/11/2011,441.51,167.72,323.71
4/12/2011,438.1,166.43,321.21
4/13/2011,437.07,166.03,320.44
4/14/2011,436.98,166,320.37
4/15/2011,438.56,166.6,321.54
4/18/2011,432.72,164.38,317.25
4/19/2011,436.56,165.84,320.05
4/20/2011,443.13,168.32,324.8
4/21/2011,444.07,168.68,325.49
4/25/2011,442.77,168.18,324.54
4/26/2011,450.64,171.18,330.31
4/27/2011,453.46,172.24,332.35
4/28/2011,454.97,172.82,333.46
4/29/2011,456.48,173.39,334.56
5/2/2011,455.96,173.19,334.18
5/3/2011,454.39,172.6,333.03
5/4/2011,448.1,170.2,328.39
5/5/2011,445.42,169.18,326.38
5/6/2011,448.86,170.48,328.88
5/9/2011,450.82,171.22,330.32
5/10/2011,454.29,172.54,332.87
5/11/2011,449.48,170.69,329.19
5/12/2011,450,170.87,329.42
5/13/2011,444.95,168.95,325.71
5/16/2011,443.18,168.27,324.42
5/17/2011,437.57,166.14,320.3
5/18/2011,442.82,168.09,323.85
5/19/2011,445.81,169.23,326.04
5/20/2011,441.36,167.54,322.79
5/23/2011,435.38,165.26,318.4
5/24/2011,432.64,164.23,316.4
5/25/2011,436.02,165.51,318.86
5/26/2011,437.71,166.13,319.97
5/27/2011,439.62,166.84,321.28
5/31/2011,444.12,168.54,324.53
6/1/2011,429.9,163.14,314.12
6/2/2011,431.62,163.8,315.38
6/3/2011,425.99,161.66,311.26
6/6/2011,422.72,160.42,308.87
6/7/2011,422.33,160.27,308.59
6/8/2011,419.18,159.07,306.28
6/9/2011,422.13,160.19,308.44
6/10/2011,415.59,157.71,303.66
6/13/2011,415.92,157.84,303.9
6/14/2011,423.47,160.7,309.42
6/15/2011,417.31,158.36,304.9
6/16/2011,419.05,158.96,305.79
6/17/2011,420.68,159.58,306.98
6/20/2011,424.06,160.86,309.45
6/21/2011,430.72,163.39,314.31
6/22/2011,428.2,162.43,312.45
6/23/2011,426.99,161.97,311.57
6/24/2011,421.82,160.01,307.8
6/27/2011,425.63,161.46,310.58
6/28/2011,431.94,163.84,315.1
6/29/2011,434.02,164.62,316.56
6/30/2011,441.29,167.37,321.86
7/1/2011,449.04,170.31,327.47
7/5/2011,446.36,169.29,325.52
7/6/2011,448.69,170.18,327.22
7/7/2011,453.26,171.91,330.54
7/8/2011,447.91,169.88,326.65
7/11/2011,439.69,166.76,320.65
7/12/2011,435.18,165.05,317.36
7/13/2011,436.8,165.67,318.54
7/14/2011,432.56,164.06,315.45
7/15/2011,432.8,164.15,315.62
7/18/2011,428.05,162.34,312.09
7/19/2011,433.51,164.4,316.07
7/20/2011,434.56,164.81,316.84
7/21/2011,440.98,167.24,321.5
7/22/2011,436.7,165.61,318.38
7/25/2011,436.07,165.38,317.93
7/26/2011,427.6,162.16,311.75
7/27/2011,416.09,157.79,303.34
7/28/2011,412.48,156.43,300.7
7/29/2011,410.49,155.67,299.25
8/1/2011,408.38,154.87,297.71
8/2/2011,394.33,149.54,287.47
8/3/2011,397.44,150.71,289.68
8/4/2011,376.16,142.64,274.14
8/5/2011,376.42,142.74,274.33
8/8/2011,350.57,132.94,255.49
8/9/2011,366.74,139.06,267.27
8/10/2011,348.96,132.3,254.16
8/11/2011,364.82,138.31,265.69
8/12/2011,371.46,140.83,270.52
8/15/2011,377.99,143.3,275.27
8/16/2011,372.38,141.17,271.17
8/17/2011,371.43,140.77,270.22
8/18/2011,350.65,132.87,254.95
8/19/2011,345.5,130.92,251.21
8/22/2011,346.76,131.4,252.12
8/23/2011,359.02,136.04,261.03
8/24/2011,366.11,138.72,266.17
8/25/2011,359.43,136.19,261.26
8/26/2011,366.34,138.8,266.28
8/29/2011,378.16,143.27,274.77
8/30/2011,381.27,144.43,276.97
8/31/2011,383.89,145.42,278.84
9/1/2011,377.76,143.1,274.35
9/2/2011,366.2,138.71,265.94
9/6/2011,361.67,137,262.66
9/7/2011,372.81,141.22,270.75
9/8/2011,367.26,139.11,266.7
9/9/2011,357.52,135.42,259.62
9/12/2011,358.02,135.61,259.99
9/13/2011,364.82,138.19,264.92
9/14/2011,371.19,140.6,269.55
9/15/2011,378.83,143.44,274.72
9/16/2011,380.82,144.19,276.16
9/19/2011,377.09,142.78,273.46
9/20/2011,374.42,141.77,271.52
9/21/2011,359.43,136.09,260.64
9/22/2011,345.86,130.95,250.8
9/23/2011,349.42,132.3,253.38
9/26/2011,358.13,135.6,259.7
9/27/2011,363.91,137.78,263.88
9/28/2011,355.25,134.49,257.52
9/29/2011,360.37,136.43,261.21
9/30/2011,348.52,131.94,252.62
10/3/2011,338.11,127.99,245.04
10/4/2011,346.83,131.3,251.36
10/5/2011,354.5,134.19,256.87
10/6/2011,362.12,137.08,262.39
10/7/2011,360.43,136.44,261.17
10/10/2011,373.55,141.4,270.67
10/11/2011,374.89,141.91,271.64
10/12/2011,379.7,143.73,275.12
10/13/2011,376.3,142.45,272.66
10/14/2011,383.05,145,277.55
10/17/2011,372.76,141.1,270.09
10/18/2011,383.63,145.22,277.97
10/19/2011,378.93,143.44,274.57
10/20/2011,381.43,144.37,276.3
10/21/2011,388.76,147.15,281.62
10/24/2011,395.47,149.69,286.47
10/25/2011,387.55,146.69,280.73
10/26/2011,390.38,147.76,282.75
10/27/2011,407.53,154.25,295.18
10/28/2011,407.43,154.21,295.1
10/31/2011,397.31,150.38,287.77
11/1/2011,385.19,145.79,278.99
11/2/2011,392.15,148.42,284
11/3/2011,401.82,152.08,290.97
11/4/2011,398.99,151.01,288.93
11/7/2011,399.71,151.28,289.44
11/8/2011,404.08,152.9,292.42
11/9/2011,388.9,147.13,281.28
11/10/2011,393.01,148.69,284.26
11/11/2011,402.32,152.21,290.99
11/14/2011,399.72,151.23,289.11
11/15/2011,402.05,152.11,290.78
11/16/2011,396.25,149.88,286.37
11/17/2011,389.15,147.19,281.22
11/18/2011,390.64,147.75,282.29
11/21/2011,381.7,144.37,275.83
11/22/2011,378.79,143.25,273.63
11/23/2011,370.15,139.98,267.35
11/25/2011,369.6,139.77,266.96
11/28/2011,381.83,144.37,275.63
11/29/2011,381.76,144.33,275.48
11/30/2011,401.38,151.75,289.62
12/1/2011,400.47,151.4,288.96
12/2/2011,400.09,151.26,288.69
12/5/2011,404.47,152.91,291.84
12/6/2011,405.2,153.19,292.37
12/7/2011,404.51,152.93,291.87
12/8/2011,395.12,149.38,285.09
12/9/2011,403.87,152.69,291.4
12/12/2011,396.64,149.95,286.17
12/13/2011,392.12,148.24,282.91
12/14/2011,387.74,146.58,279.75
12/15/2011,390.5,147.62,281.68
12/16/2011,392.34,148.31,282.99
12/19/2011,388.08,146.7,279.92
12/20/2011,401.3,151.7,289.46
12/21/2011,402.18,152.03,290.08
12/22/2011,406.11,153.45,292.49
12/23/2011,409.84,154.86,295.17
12/27/2011,409.11,154.58,294.65
12/28/2011,403.3,152.37,290.37
12/29/2011,408.37,154.29,294.01
12/30/2011,406.08,153.42,292.32
1/3/2012,414.54,156.61,298.41
1/4/2012,416.56,157.37,299.86
1/5/2012,416.4,157.31,299.74
1/6/2012,416.12,157.21,299.54
1/9/2012,419.25,158.39,301.79
1/10/2012,424.94,160.54,305.88
1/11/2012,426.21,161.02,306.8
1/12/2012,429.93,162.43,309.48
1/13/2012,426.74,161.22,307.18
1/17/2012,428.4,161.85,308.38
1/18/2012,432.6,163.42,311.29
1/19/2012,436.47,164.88,314.07
1/20/2012,434.88,164.28,312.93
1/23/2012,433.72,163.84,312.09
1/24/2012,433.94,163.92,312.26
1/25/2012,439.19,165.9,315.99
1/26/2012,438.33,165.57,315.38
1/27/2012,437.75,165.35,314.96
1/30/2012,436.15,164.75,313.79
1/31/2012,434.38,164.08,312.52
2/1/2012,439.23,165.9,315.97
2/2/2012,438.94,165.79,315.73
2/3/2012,446.45,168.63,321.13
2/6/2012,445.37,168.22,320.35
2/7/2012,445.31,168.19,320.3
2/8/2012,446.51,168.63,321.08
2/9/2012,446.76,168.73,321.25
2/10/2012,443.02,167.31,318.56
2/13/2012,448.2,169.27,322.29
2/14/2012,446.77,168.73,321.25
2/15/2012,440.98,166.5,316.78
2/16/2012,444.91,167.95,319.45
2/17/2012,447.12,168.79,321.03
2/21/2012,448.46,169.29,321.99
2/22/2012,448.09,169.15,321.7
2/23/2012,449.45,169.58,322.14
2/24/2012,449.33,169.53,322.05
2/27/2012,449.22,169.47,321.84
2/28/2012,448.86,169.32,321.51
2/29/2012,446.47,168.42,319.78
3/1/2012,447.83,168.93,320.74
3/2/2012,445.26,167.96,318.9
3/5/2012,442.34,166.85,316.78
3/6/2012,432.35,163.09,309.63
3/7/2012,436.68,164.71,312.69
3/8/2012,442.98,167.09,317.18
3/9/2012,443.81,167.4,317.77
3/12/2012,444.21,167.55,318.05
3/13/2012,453.38,171.01,324.62
3/14/2012,452.67,170.74,324.11
3/15/2012,458.27,172.85,328.13
3/16/2012,457.84,172.69,327.82
3/19/2012,458.28,172.86,328.13
3/20/2012,453.22,170.95,324.51
3/21/2012,453.15,170.92,324.45
3/22/2012,448.16,169.04,320.88
3/23/2012,448.42,169.14,321.06
3/26/2012,455.09,171.65,325.83
3/27/2012,454.04,171.26,325.08
3/28/2012,449.48,169.52,321.73
3/29/2012,450.06,169.74,322.12
3/30/2012,452.01,170.47,323.52
4/2/2012,454.65,171.46,325.37
4/3/2012,451.83,170.4,323.35
4/4/2012,448.53,169.15,320.98
4/5/2012,446.49,168.39,319.52
4/9/2012,439.31,165.68,314.38
4/10/2012,430.04,162.18,307.75
4/11/2012,434.92,164.01,311.2
4/12/2012,443.88,167.39,317.6
4/13/2012,438.47,165.35,313.73
4/16/2012,439.5,165.74,314.47
4/17/2012,446.57,168.4,319.53
4/18/2012,444.95,167.79,318.36
4/19/2012,440.42,166.07,315.04
4/20/2012,443.75,167.33,317.43
4/23/2012,439.23,165.63,314.2
4/24/2012,444.61,167.65,318.04
4/25/2012,445.76,168.08,318.84
4/26/2012,448.38,169.07,320.71
4/27/2012,450.93,170.03,322.54
4/30/2012,447.14,168.6,319.81
5/1/2012,448.37,169.06,320.69
5/2/2012,448.73,169.2,320.91
5/3/2012,444.91,167.75,318.16
5/4/2012,438.83,165.46,313.8
5/7/2012,438.15,165.2,313.31
5/8/2012,436.72,164.66,312.28
5/9/2012,431.6,162.7,308.44
5/10/2012,432.33,162.95,308.8
5/11/2012,431.39,162.6,308.13
5/14/2012,426.24,160.65,304.45
5/15/2012,423.74,159.71,302.65
5/16/2012,423.84,159.7,302.41
5/17/2012,415.3,156.48,296.31
5/18/2012,413.46,155.79,295
5/21/2012,422.6,159.23,301.52
5/22/2012,423.51,159.57,302.16
5/23/2012,426.23,160.59,304.06
5/24/2012,425.83,160.44,303.77
5/25/2012,423.31,159.49,301.97
5/29/2012,428.69,161.5,305.68
5/30/2012,421.42,158.74,300.4
5/31/2012,420.13,158.26,299.48
6/1/2012,408.51,153.88,291.19
6/4/2012,404.29,152.28,288.15
6/5/2012,405.1,152.59,288.73
6/6/2012,416.46,156.86,296.79
6/7/2012,418.92,157.79,298.54
6/8/2012,422.11,158.99,300.81
6/11/2012,416.99,157.06,297.16
6/12/2012,423.58,159.54,301.86
6/13/2012,419.4,157.97,298.88
6/14/2012,423.16,159.38,301.54
6/15/2012,426.84,160.77,304.16
6/18/2012,427.66,161.07,304.74
6/19/2012,432.93,163.06,308.49
6/20/2012,431.19,162.4,307.24
6/21/2012,422.81,159.18,300.84
6/22/2012,424.53,159.83,302.07
6/25/2012,416.9,156.95,296.64
6/26/2012,417.65,157.24,297.17
6/27/2012,422.26,158.96,300.36
6/28/2012,421.85,158.8,300.05
6/29/2012,435.93,164.1,310.06
7/2/2012,432.47,162.79,307.56
7/3/2012,436.46,164.29,310.35
7/5/2012,435.81,164.04,309.89
7/6/2012,429.99,161.85,305.75
7/9/2012,429.71,161.75,305.55
7/10/2012,423.06,159.24,300.82
7/11/2012,420.12,158.14,298.73
7/12/2012,418.11,157.38,297.3
7/13/2012,426.05,160.36,302.94
7/16/2012,423.37,159.36,301.04
7/17/2012,425.51,160.16,302.56
7/18/2012,432.74,162.87,307.62
7/19/2012,434.82,163.65,309.09
7/20/2012,429.7,161.73,305.45
7/23/2012,428.05,161.11,304.29
7/24/2012,423.01,159.21,300.7
7/25/2012,424.27,159.68,301.56
7/26/2012,431.25,162.31,306.52
7/27/2012,440.54,165.8,313.12
7/30/2012,439.31,165.34,312.25
7/31/2012,437.76,164.76,311.15
8/1/2012,435.19,163.79,309.31
8/2/2012,432.74,162.86,307.54
8/3/2012,441.95,166.33,314.09
8/6/2012,442.08,166.37,314.18
8/7/2012,446.16,167.91,317.07
8/8/2012,445.72,167.74,316.73
8/9/2012,445.9,167.79,316.78
8/10/2012,447.97,168.57,318.25
8/13/2012,446.98,168.2,317.55
8/14/2012,446.33,167.96,317.09
8/15/2012,447.26,168.26,317.45
8/16/2012,451.65,169.88,320.35
8/17/2012,453.87,170.71,321.92
8/20/2012,452.97,170.37,321.26
8/21/2012,451.5,169.81,320.22
8/22/2012,449.67,169.11,318.82
8/23/2012,446.09,167.76,316.24
8/24/2012,448.38,168.62,317.85
8/27/2012,447.14,168.15,316.97
8/28/2012,445.62,167.58,315.89
8/29/2012,445.78,167.62,315.86
8/30/2012,441.62,166.04,312.84
8/31/2012,443.98,166.93,314.5
9/4/2012,439.87,165.38,311.59
9/5/2012,438.31,164.78,310.41
9/6/2012,448.54,168.63,317.65
9/7/2012,452.41,170.08,320.39
9/10/2012,449.41,168.95,318.26
9/11/2012,451.85,169.87,319.98
9/12/2012,454.05,170.7,321.54
9/13/2012,458.78,172.48,324.89
9/14/2012,461.81,173.62,327.03
9/17/2012,459.62,172.79,325.48
9/18/2012,459.78,172.85,325.59
9/19/2012,461.09,173.34,326.52
9/20/2012,457.52,171.93,323.55
9/21/2012,456.71,171.62,322.97
9/24/2012,455.84,171.3,322.35
9/25/2012,450.39,169.25,318.5
9/26/2012,448.44,168.5,317.03
9/27/2012,452.96,170.2,320.2
9/28/2012,451.69,169.72,319.31
10/1/2012,453.67,170.46,320.66
10/2/2012,453.4,170.36,320.48
10/3/2012,455.32,171.07,321.79
10/4/2012,457.7,171.96,323.43
10/5/2012,459.24,172.54,324.53
10/8/2012,457.99,172.07,323.64
10/9/2012,452.65,170.06,319.87
10/10/2012,448.89,168.65,317.2
10/11/2012,450.23,169.15,318.14
10/12/2012,450.61,169.29,318.39
10/15/2012,453.46,170.36,320.4
10/16/2012,458.12,172.11,323.7
10/17/2012,461.08,173.22,325.79
10/18/2012,462.04,173.57,326.38
10/19/2012,453.92,170.52,320.64
10/22/2012,452.56,170.01,319.68
10/23/2012,447.47,168.1,316.09
10/24/2012,444.93,167.14,314.28
10/25/2012,447.19,167.99,315.86
10/26/2012,447.25,168.01,315.9
10/31/2012,449.2,168.73,317.23
11/1/2012,457.24,171.75,322.91
11/2/2012,453.58,170.38,320.32
11/5/2012,455.7,171.18,321.82
11/6/2012,460.72,173.06,325.35
11/7/2012,450.12,169.06,317.74
11/8/2012,445.25,167.23,314.29
11/9/2012,446.53,167.7,315.18
11/12/2012,447.92,168.23,316.17
11/13/2012,446.01,167.51,314.82
11/14/2012,435.34,163.47,307.07
11/15/2012,435.34,163.45,306.94
11/16/2012,436.68,163.94,307.8
11/19/2012,445.19,167.13,313.79
11/20/2012,445.47,167.22,313.87
11/21/2012,446.16,167.47,314.31
11/23/2012,452.06,169.68,318.47
11/26/2012,452.45,169.82,318.7
11/27/2012,451.13,169.33,317.77
11/28/2012,455.43,170.92,320.66
11/29/2012,457.82,171.8,322.25
11/30/2012,456.76,171.4,321.5
12/3/2012,452,169.61,318.14
12/4/2012,453.09,170.02,318.9
12/5/2012,457.88,171.82,322.25
12/6/2012,458.4,172.01,322.61
12/7/2012,460.97,172.98,324.42
12/10/2012,462.88,173.69,325.76
12/11/2012,463.92,174.08,326.5
12/12/2012,465.1,174.51,327.24
12/13/2012,463.07,173.75,325.8
12/14/2012,462.6,173.56,325.38
12/17/2012,466.79,175.13,328.32
12/18/2012,472.36,177.22,332.25
12/19/2012,468.95,175.94,329.84
12/20/2012,471.51,176.81,331.05
12/21/2012,468.56,175.7,328.97
12/24/2012,467.22,175.19,328.02
12/26/2012,465.69,174.62,326.95
12/27/2012,465.16,174.41,326.52
12/28/2012,459.81,172.4,322.71
12/31/2012,468.41,175.62,328.75
1/2/2013,479.47,179.77,336.51
1/3/2013,479.3,179.7,336.38
1/4/2013,482.72,180.99,338.78
1/7/2013,480.87,180.29,337.49
1/8/2013,477.08,178.87,334.83
1/9/2013,481.52,180.54,337.94
1/10/2013,484.39,181.61,339.95
1/11/2013,482.59,180.94,338.7
1/14/2013,484.13,181.51,339.77
1/15/2013,485.69,182.1,340.87
1/16/2013,483.74,181.37,339.5
1/17/2013,488.44,183.13,342.8
1/18/2013,493.33,184.96,346.23
1/22/2013,495.17,185.66,347.52
1/23/2013,495.4,185.74,347.65
1/24/2013,497.8,186.64,349.34
1/25/2013,499.9,187.42,350.81
1/28/2013,499.9,187.42,350.81
1/29/2013,501.33,187.96,351.81
1/30/2013,497.06,186.35,348.76
1/31/2013,494.86,185.53,347.22
2/1/2013,500.31,187.57,351.04
2/4/2013,495.43,185.74,347.62
2/5/2013,500.07,187.48,350.88
2/6/2013,500.21,187.53,350.95
2/7/2013,499.81,187.37,350.65
2/8/2013,501.5,188.01,351.83
2/11/2013,501.34,187.95,351.72
2/12/2013,503.53,188.77,353.26
2/13/2013,506.76,189.91,355.11
2/14/2013,507.35,190.13,355.5
2/15/2013,507.65,190.24,355.71
2/19/2013,512.2,191.95,358.89
2/20/2013,505.34,189.37,354.06
2/21/2013,501.96,187.99,350.98
2/22/2013,505.87,189.46,353.72
2/25/2013,495.15,185.44,346.22
2/26/2013,498.31,186.6,348.28
2/27/2013,507.72,190.11,354.75
2/28/2013,507.3,189.94,354.41
3/1/2013,506.04,189.47,353.53
3/4/2013,505.49,189.26,353.14
3/5/2013,512.43,191.86,357.99
3/6/2013,512.75,191.98,358.21
3/7/2013,513.05,192.07,358.3
3/8/2013,517.52,193.74,361.41
3/11/2013,518.97,194.29,362.42
3/12/2013,516.15,193.23,360.45
3/13/2013,518.55,194.13,362.12
3/14/2013,521.43,195.21,364.14
3/15/2013,521.38,195.19,364.1
3/18/2013,518.38,194.07,362
3/19/2013,517.8,193.85,361.6
3/20/2013,518.21,194,361.89
3/21/2013,513.44,192.21,358.54
3/22/2013,516.92,193.52,360.97
3/25/2013,512.73,191.95,358.05
3/26/2013,515.29,192.89,359.74
3/27/2013,515.1,192.82,359.59
3/28/2013,518.4,194.05,361.89
4/1/2013,512.76,191.93,357.91
4/2/2013,512.08,191.68,357.43
4/3/2013,508.3,190.26,354.78
4/4/2013,510.34,191.03,356.21
4/5/2013,509.15,190.58,355.38
4/8/2013,512.18,191.72,357.5
4/9/2013,513.72,192.29,358.57
4/10/2013,520.61,194.86,363.33
4/11/2013,522.01,195.39,364.31
4/12/2013,519.29,194.37,362.41
4/15/2013,503.52,188.47,351.4
4/16/2013,510.57,191.11,356.32
4/17/2013,502.32,188.02,350.57
4/18/2013,499.84,187.07,348.74
4/19/2013,501.47,187.69,349.88
4/22/2013,501.25,187.6,349.72
4/23/2013,505.14,189.06,352.43
4/24/2013,510.34,191,356.03
4/25/2013,512.43,191.78,357.49
4/26/2013,511.96,191.61,357.17
4/29/2013,514.16,192.43,358.7
4/30/2013,514.39,192.51,358.85
5/1/2013,508.35,190.25,354.59
5/2/2013,514.27,192.45,358.67
5/3/2013,522.84,195.66,364.64
5/6/2013,525.71,196.73,366.64
5/7/2013,530.57,198.55,370.03
5/8/2013,534.13,199.87,372.4
5/9/2013,533.83,199.73,372.03
5/10/2013,535.54,200.37,373.23
5/13/2013,533.75,199.7,371.98
5/14/2013,539.84,201.98,376.23
5/15/2013,542.42,202.91,377.8
5/16/2013,540.01,201.99,376.03
5/17/2013,547.82,204.91,381.46
5/20/2013,549.34,205.48,382.52
5/21/2013,549.94,205.71,382.94
5/22/2013,545.75,204.11,379.88
5/23/2013,543.78,203.37,378.47
5/24/2013,542.44,202.87,377.54
5/28/2013,545.24,203.92,379.49
5/29/2013,542.38,202.83,377.36
5/30/2013,545.18,203.86,379.21
5/31/2013,539.75,201.82,375.42
6/3/2013,542.99,203.03,377.64
6/4/2013,539.68,201.79,375.34
6/5/2013,530.87,198.49,369.16
6/6/2013,534.17,199.72,371.45
6/7/2013,543.63,203.26,378.03
6/10/2013,542.01,202.65,376.9
6/11/2013,537.35,200.91,373.66
6/12/2013,533.44,199.45,370.93
6/13/2013,540.75,202.18,376
6/14/2013,538.33,201.28,374.32
6/17/2013,541.75,202.55,376.69
6/18/2013,548.76,205.17,381.56
6/19/2013,541.01,202.27,376.17
6/20/2013,528.65,197.58,367.08
6/21/2013,528.9,197.66,367.24
6/24/2013,520.16,194.4,361.17
6/25/2013,525.67,196.46,365
6/26/2013,531.47,198.61,368.94
6/27/2013,536.28,200.4,372.25
6/28/2013,532.97,199.17,369.95
7/1/2013,537.77,200.95,373.24
7/2/2013,532.08,198.82,369.23
7/3/2013,532.72,199.06,369.68
7/5/2013,540.72,202.05,375.23
7/8/2013,542.34,202.65,376.35
7/9/2013,550.2,205.59,381.81
7/10/2013,549.75,205.42,381.5
7/11/2013,558.42,208.66,387.51
7/12/2013,555.19,207.45,385.27
7/15/2013,556.7,208.02,386.31
7/16/2013,553.66,206.88,384.21
7/17/2013,555.49,207.57,385.48
7/18/2013,560.44,209.4,388.81
7/19/2013,567.4,212,393.64
7/22/2013,567.67,212.1,393.83
7/23/2013,567.32,211.97,393.58
7/24/2013,563.47,210.52,390.86
7/25/2013,563.45,210.51,390.85
7/26/2013,562.06,210,389.88
7/29/2013,560.17,209.29,388.57
7/30/2013,562.27,210.07,390.02
7/31/2013,563.29,210.45,390.68
8/1/2013,573.02,214.07,397.38
8/2/2013,574.24,214.53,398.23
8/5/2013,572.08,213.72,396.73
8/6/2013,567.73,212.1,393.71
8/7/2013,566.7,211.7,392.89
8/8/2013,569.16,212.61,394.56
8/9/2013,567.53,212,393.43
8/12/2013,567.97,212.16,393.73
8/13/2013,570.38,213.06,395.4
8/14/2013,566.38,211.54,392.43
8/15/2013,560.17,209.2,388
8/16/2013,560.86,209.44,388.39
8/19/2013,558.42,208.53,386.7
8/20/2013,558.57,208.58,386.78
8/21/2013,555.12,207.27,384.27
8/22/2013,562.18,209.91,389.15
8/23/2013,562.73,210.11,389.52
8/26/2013,560.95,209.45,388.27
8/27/2013,549.77,205.27,380.54
8/28/2013,550.33,205.46,380.78
8/29/2013,551.68,205.94,381.59
8/30/2013,549.26,205.03,379.9
9/3/2013,552.15,206.11,381.9
9/4/2013,557.55,208.12,385.55
9/5/2013,559.1,208.69,386.62
9/6/2013,558.63,208.52,386.29
9/9/2013,565.42,211.05,390.98
9/10/2013,573.53,214.08,396.59
9/11/2013,576.44,215.16,398.59
9/12/2013,573.78,214.17,396.75
9/13/2013,575.14,214.68,397.69
9/16/2013,582.43,217.4,402.73
9/17/2013,585.8,218.66,405.06
9/18/2013,593.3,221.46,410.25
9/19/2013,594.83,221.95,410.81
9/20/2013,586.71,218.92,405.2
9/23/2013,585.9,218.61,404.63
9/24/2013,587.73,219.3,405.9
9/25/2013,585.45,218.44,404.31
9/26/2013,587.66,219.25,405.75
9/27/2013,584.01,217.89,403.21
9/30/2013,580.44,216.55,400.7
10/1/2013,584.63,218.11,403.59
10/2/2013,582.54,217.33,402.15
10/3/2013,576.09,214.93,397.69
10/4/2013,578.78,215.93,399.55
10/7/2013,575.64,214.76,397.38
10/8/2013,568.9,212.25,392.74
10/9/2013,568.02,211.91,392.07
10/10/2013,583.23,217.58,402.57
10/11/2013,586.53,218.81,404.84
10/14/2013,587.85,219.31,405.76
10/15/2013,582.4,217.27,401.99
10/16/2013,586.18,218.68,404.59
10/17/2013,591.24,220.55,407.99
10/18/2013,597.89,223.03,412.58
10/21/2013,600.19,223.89,414.16
10/22/2013,603.62,225.17,416.53
10/23/2013,603.74,225.21,416.56
10/24/2013,608.2,226.87,419.64
10/25/2013,611.2,227.99,421.71
10/28/2013,610.66,227.79,421.33
10/29/2013,612.65,228.53,422.71
10/30/2013,610.28,227.64,421.02
10/31/2013,610.22,227.61,420.92
11/1/2013,614.78,229.31,424.07
11/4/2013,616.88,230.09,425.5
11/5/2013,616.03,229.77,424.92
11/6/2013,618.6,230.71,426.56
11/7/2013,611.67,228.12,421.77
11/8/2013,620.11,231.27,427.59
11/11/2013,619.92,231.2,427.46
11/12/2013,620.09,231.26,427.57
11/13/2013,623.54,232.51,429.73
11/14/2013,626.19,233.48,431.4
11/15/2013,628.27,234.25,432.84
11/18/2013,629.27,234.63,433.53
11/19/2013,625.28,233.12,430.66
11/20/2013,622.17,231.94,428.41
11/21/2013,627.03,233.75,431.73
11/22/2013,632.07,235.63,435.21
11/25/2013,629.66,234.73,433.54
11/26/2013,631.59,235.44,434.81
11/27/2013,634.43,236.47,436.62
11/29/2013,632.07,235.58,434.91
12/2/2013,629.17,234.49,432.87
12/3/2013,624.79,232.86,429.85
12/4/2013,622.53,232.01,428.27
12/5/2013,622.52,232.01,428.27
12/6/2013,631.61,235.4,434.52
12/9/2013,633.28,236.02,435.67
12/10/2013,631.8,235.46,434.63
12/11/2013,622.22,231.89,428.04
12/12/2013,622.53,232.01,428.26
12/13/2013,624.88,232.88,429.86
12/16/2013,630.98,235.16,434.05
12/17/2013,630.74,235.07,433.89
12/18/2013,641.07,238.91,440.92
12/19/2013,641.54,238.99,440.68
12/20/2013,646.2,240.73,443.88
12/23/2013,648.54,241.6,445.49
12/24/2013,652.07,242.91,447.89
12/26/2013,656.55,244.58,450.97
12/27/2013,656.01,244.36,450.5
12/30/2013,655.86,244.3,450.34
12/31/2013,658.95,245.45,452.46
1/2/2014,650.47,242.29,446.64
1/3/2014,652.23,242.94,447.85
1/6/2014,648.34,241.49,445.17
1/7/2014,651.5,242.67,447.34
1/8/2014,650.95,242.46,446.96
1/9/2014,653.33,243.35,448.58
1/10/2014,654.41,243.75,449.33
1/13/2014,647.02,241,444.25
1/14/2014,653.67,243.48,448.82
1/15/2014,658.27,245.18,451.93
1/16/2014,656.27,244.42,450.47
1/17/2014,652.73,243.1,448.04
1/21/2014,652.9,243.17,448.15
1/22/2014,654.42,243.73,449.16
1/23/2014,646.9,240.93,444
1/24/2014,626.81,233.44,430.21
1/27/2014,628.2,233.96,431.16
1/28/2014,633.67,236,434.91
1/29/2014,627.14,233.56,430.41
1/30/2014,632.57,235.58,434.13
1/31/2014,629.42,234.41,431.97
2/3/2014,612.46,228.1,420.34
2/4/2014,616.34,229.54,423
2/5/2014,615.75,229.32,422.55
2/6/2014,624.37,232.52,428.43
2/7/2014,634.62,236.33,435.46
2/10/2014,631.12,235.03,433.06
2/11/2014,638.32,237.71,438
2/12/2014,640.43,238.42,438.95
2/13/2014,641.84,238.94,439.9
2/14/2014,646.55,240.69,443.12
2/18/2014,645.1,240.15,442.12
2/19/2014,639.48,238.05,438.23
2/20/2014,645.42,240.15,441.62
2/21/2014,645.43,240.15,441.6
2/24/2014,650.6,242.08,445.15
2/25/2014,647.86,241.04,443.18
2/26/2014,648.41,241.22,443.41
2/27/2014,652.34,242.66,445.96
2/28/2014,654.12,243.32,447.16
3/3/2014,649.59,241.63,444.04
3/4/2014,659.52,245.32,450.81
3/5/2014,660.74,245.78,451.63
3/6/2014,664.6,247.2,454.16
3/7/2014,666.28,247.82,455.3
3/10/2014,662.88,246.55,452.98
3/11/2014,658.38,244.88,449.9
3/12/2014,657.07,244.39,448.97
3/13/2014,647.36,240.77,442.33
3/14/2014,644.91,239.86,440.65
3/17/2014,653.2,242.94,446.32
3/18/2014,656.46,244.16,448.55
3/19/2014,650.06,241.78,444.18
3/20/2014,651.1,242.17,444.89
3/21/2014,651.68,242.38,445.27
3/24/2014,649.58,241.6,443.83
3/25/2014,655.21,243.69,447.68
3/26/2014,649.1,241.42,443.49
3/27/2014,648.26,241.09,442.82
3/28/2014,653.09,242.88,446.1
3/31/2014,659.87,245.39,450.69
4/1/2014,664.59,247.15,453.92
4/2/2014,668.92,248.76,456.87
4/3/2014,670.04,249.18,457.64
4/4/2014,662.53,246.38,452.5
4/7/2014,653.72,243.11,446.49
4/8/2014,653.67,243.09,446.46
4/9/2014,661.96,246.16,452.06
4/10/2014,649.45,241.51,443.51
4/11/2014,642.92,239.08,439.05
4/14/2014,646.86,240.55,441.74
4/15/2014,650.77,242,444.41
4/16/2014,660.89,245.75,451.23
4/17/2014,666.14,247.7,454.81
4/21/2014,668.26,248.49,456.26
4/22/2014,668.36,248.53,456.32
4/23/2014,670.85,249.44,457.97
4/24/2014,669.31,248.87,456.92
4/25/2014,663.37,246.66,452.87
4/28/2014,664.12,246.94,453.37
4/29/2014,665.79,247.56,454.51
4/30/2014,670.13,249.17,457.43
5/1/2014,668.29,248.47,456.11
5/2/2014,667.76,248.28,455.75
5/5/2014,668.36,248.5,456.17
5/6/2014,663.17,246.57,452.62
5/7/2014,669.22,248.79,456.59
5/8/2014,669.1,248.74,456.46
5/9/2014,669.49,248.89,456.73
5/12/2014,679.42,252.58,463.5
5/13/2014,680.99,253.16,464.57
5/14/2014,675.65,251.14,460.72
5/15/2014,669.24,248.73,456.19
5/16/2014,670.52,249.21,457.06
5/19/2014,673.15,250.19,458.85
5/20/2014,664.54,246.97,452.89
5/21/2014,670.64,249.21,456.87
5/22/2014,672.14,249.76,457.89
5/23/2014,676.25,251.29,460.65
5/27/2014,679.47,252.48,462.84
5/28/2014,680.35,252.8,463.41
5/29/2014,682.84,253.7,464.96
5/30/2014,683.11,253.8,465.14
6/2/2014,685.67,254.75,466.84
6/3/2014,684.61,254.36,466.11
6/4/2014,684.13,254.17,465.72
6/5/2014,691.37,256.85,470.64
6/6/2014,698,259.32,475.16
6/9/2014,701.96,260.79,477.85
6/10/2014,700.23,260.15,476.68
6/11/2014,694.69,258.09,472.89
6/12/2014,686.13,254.89,466.94
6/13/2014,688.58,255.8,468.61
6/16/2014,687.47,255.39,467.85
6/17/2014,689.17,256.01,468.99
6/18/2014,692.8,257.36,471.46
6/19/2014,694.56,257.92,472.1
6/20/2014,697.6,259.05,474.17
6/23/2014,693.22,257.42,471.18
6/24/2014,686.27,254.84,466.46
6/25/2014,687.23,255.2,467.09
6/26/2014,686.12,254.77,466.24
6/27/2014,688.12,255.51,467.58
6/30/2014,685.3,254.45,465.61
7/1/2014,689.31,255.93,468.29
7/2/2014,688.5,255.63,467.74
7/3/2014,694.08,257.71,471.53
7/7/2014,689.49,256,468.41
7/8/2014,684.31,254.08,464.89
7/9/2014,685.37,254.47,465.61
7/10/2014,681.71,253.11,463.12
7/11/2014,685.64,254.57,465.79
7/14/2014,689.49,256,468.4
7/15/2014,689.81,256.12,468.62
7/16/2014,693.54,257.5,471.15
7/17/2014,682.7,253.46,463.68
7/18/2014,688.04,255.44,467.31
7/21/2014,686.42,254.84,466.21
7/22/2014,689.51,255.99,468.31
7/23/2014,686.58,254.89,466.27
7/24/2014,683.44,253.73,464.12
7/25/2014,681.6,253.04,462.87
7/28/2014,678.23,251.79,460.57
7/29/2014,670.13,248.78,455.07
7/30/2014,670.67,248.98,455.4
7/31/2014,657.5,244.08,446.4
8/1/2014,657,243.89,446.06
8/4/2014,659.03,244.65,447.43
8/5/2014,655.37,243.29,444.95
8/6/2014,652.57,242.22,442.9
8/7/2014,653.18,242.44,443.27
8/8/2014,662.31,245.83,449.47
8/11/2014,665.1,246.86,451.36
8/12/2014,663.51,246.28,450.28
8/13/2014,669.47,248.45,454.1
8/14/2014,672.77,249.65,456.2
8/15/2014,670.9,248.96,454.93
8/18/2014,681.18,252.77,461.9
8/19/2014,682.95,253.42,463.01
8/20/2014,689.95,255.98,467.56
8/21/2014,689.78,255.91,467.43
8/22/2014,686.83,254.82,465.43
8/25/2014,689.2,255.7,467.04
8/26/2014,686.95,254.86,465.48
8/27/2014,686.96,254.83,465.31
8/28/2014,685.21,254.16,463.99
8/29/2014,685.23,254.17,464
9/2/2014,686.66,254.7,464.97
9/3/2014,686.24,254.53,464.6
9/4/2014,686.59,254.66,464.83
9/5/2014,688.98,255.55,466.45
9/8/2014,688.63,255.41,466.19
9/9/2014,685.91,254.4,464.35
9/10/2014,686.56,254.64,464.77
9/11/2014,687.41,254.96,465.35
9/12/2014,684.59,253.91,463.43
9/15/2014,684.65,253.93,463.47
9/16/2014,688.49,255.36,466.08
9/17/2014,691.46,256.46,468.09
9/18/2014,695.08,257.71,469.97
9/19/2014,694.29,257.42,469.44
9/22/2014,686.63,254.58,464.26
9/23/2014,680.88,252.44,460.35
9/24/2014,684.28,253.7,462.63
9/25/2014,674.07,249.91,455.73
9/26/2014,680.25,252.19,459.81
9/29/2014,678.4,251.49,458.49
9/30/2014,677.85,251.29,458.11
10/1/2014,665.1,246.56,449.5
10/2/2014,664.33,246.28,448.98
10/3/2014,673.36,249.62,455.08
10/6/2014,671.14,248.8,453.58
10/7/2014,655.26,242.91,442.85
10/8/2014,666.92,247.23,450.67
10/9/2014,651.49,241.51,440.24
10/10/2014,641.88,237.94,433.74
10/13/2014,631.93,234.25,427.02
10/14/2014,640.17,237.31,432.59
10/15/2014,639.11,236.91,431.87
10/16/2014,643.86,238.66,434.97
10/17/2014,656.54,243.36,443.53
10/20/2014,658.54,244.1,444.88
10/21/2014,673.02,249.47,454.66
10/22/2014,664.15,246.17,448.62
10/23/2014,678.65,251.54,458.41
10/24/2014,684.73,253.8,462.52
10/27/2014,684.51,253.71,462.36
10/28/2014,696.14,258.02,470.21
10/29/2014,693.16,256.92,468.2
10/30/2014,695.82,257.9,469.99
10/31/2014,702.97,260.56,474.83
11/3/2014,701.45,259.99,473.8
11/4/2014,701.81,260.12,474.04
11/5/2014,706.03,261.66,476.68
11/6/2014,713.84,264.54,481.92
11/7/2014,714.55,264.81,482.39
11/10/2014,717.98,266.08,484.71
11/11/2014,717.07,265.74,484.09
11/12/2014,718.17,266.1,484.55
11/13/2014,716.53,265.46,483.27
11/14/2014,717,265.64,483.59
11/17/2014,716.26,265.36,483.09
11/18/2014,721.85,267.41,486.72
11/19/2014,720,266.7,485.32
11/20/2014,721.32,267.19,486.2
11/21/2014,728.42,269.81,490.96
11/24/2014,730.37,270.53,492.26
11/25/2014,731.6,270.98,493.04
11/26/2014,730.75,270.64,492.31
11/28/2014,724.68,268.37,488.1
12/1/2014,715.32,264.91,481.79
12/2/2014,720.9,266.97,485.55
12/3/2014,730.31,270.45,491.82
12/4/2014,726.98,269.21,489.58
12/5/2014,728.22,269.67,490.41
12/8/2014,720.22,266.71,485.02
12/9/2014,720.87,266.95,485.45
12/10/2014,707.29,261.92,476.27
12/11/2014,710.58,263.13,478.48
12/12/2014,697.32,258.22,469.54
12/15/2014,695.61,257.59,468.39
12/16/2014,695.59,257.58,468.37
12/17/2014,702.02,259.94,472.61
12/18/2014,720.21,266.58,484.28
12/19/2014,724.04,268,486.85
12/22/2014,730.65,270.45,491.29
12/23/2014,733.97,271.67,493.5
12/24/2014,734.35,271.81,493.76
12/26/2014,734.38,271.82,493.78
12/29/2014,734.65,271.91,493.85
12/30/2014,731.19,270.62,491.51
12/31/2014,723.7,267.85,486.47
1/2/2015,722.61,267.45,485.74
1/5/2015,705.91,261.26,474.47
1/6/2015,697.55,258.16,468.85
1/7/2015,701.82,259.74,471.71
1/8/2015,715.81,264.92,481.11
1/9/2015,708.01,262.03,475.87
1/12/2015,703.35,260.31,472.73
1/13/2015,701.98,259.8,471.81
1/14/2015,698.03,258.33,469.11
1/15/2015,694.19,256.89,466.42
1/16/2015,698.9,258.64,469.58
1/20/2015,704.31,260.64,473.22
1/21/2015,709.42,262.53,476.64
1/22/2015,720.98,266.8,484.4
1/23/2015,715.37,264.73,480.63
1/26/2015,716.55,265.16,481.42
1/27/2015,707.29,261.73,475.19
1/28/2015,700.65,259.27,470.7
1/29/2015,708.94,262.34,476.26
1/30/2015,697.43,258.08,468.53
2/2/2015,707.86,261.94,475.54
2/3/2015,719.01,266.07,483.03
2/4/2015,713.26,263.93,479.12
2/5/2015,720.24,266.51,483.79
2/6/2015,718.65,265.92,482.69
2/9/2015,716.68,265.19,481.37
2/10/2015,720.87,266.74,484.19
2/11/2015,721.21,266.77,483.85
2/12/2015,727.49,269.09,488.03
2/13/2015,730.97,270.37,490.32
2/17/2015,732.17,270.81,491.13
2/18/2015,735.92,272.19,493.61
2/19/2015,736.92,272.45,493.56
2/20/2015,743.79,274.98,498.14
2/23/2015,740.79,273.87,496.13
2/24/2015,743.22,274.75,497.65
2/25/2015,743.16,274.7,497.43
2/26/2015,739.81,273.44,495.04
2/27/2015,736.62,272.26,492.89
3/2/2015,742.87,274.56,497.04
3/3/2015,737.87,272.71,493.66
3/4/2015,732.05,270.55,489.75
3/5/2015,733.15,270.94,490.37
3/6/2015,723.3,267.3,483.79
3/9/2015,729.58,269.62,487.97
3/10/2015,716.16,264.66,479
3/11/2015,715.63,264.46,478.62
3/12/2015,724.69,267.81,484.68
3/13/2015,718.06,265.36,480.24
3/16/2015,729.82,269.7,488.1
3/17/2015,726.86,268.61,486.12
3/18/2015,735.28,271.72,491.76
3/19/2015,730.27,269.87,488.4
3/20/2015,734.04,271.26,490.92
3/23/2015,728.52,269.22,487.23
3/24/2015,725.81,268.22,485.42
3/25/2015,713.61,263.71,477.24
3/26/2015,711.5,262.93,475.82
3/27/2015,714.53,264.03,477.75
3/30/2015,724.41,267.67,484.29
3/31/2015,717.49,265.12,479.66
4/1/2015,711.69,262.97,475.78
4/2/2015,712.76,263.37,476.5
4/6/2015,718.07,265.33,480.05
4/7/2015,717.08,264.96,479.39
4/8/2015,718.67,265.54,480.39
4/9/2015,723.26,267.24,483.45
4/10/2015,736.24,272.03,492.13
4/13/2015,728.34,269.11,486.85
4/14/2015,729.21,269.44,487.43
4/15/2015,730.24,269.82,488.12
4/16/2015,728.35,269.1,486.75
4/17/2015,720.05,266.03,481.2
4/20/2015,727.99,268.97,486.51
4/21/2015,726.31,268.35,485.38
4/22/2015,729.61,269.56,487.55
4/23/2015,728.59,269.18,486.86
4/24/2015,725.59,268.07,484.84
4/27/2015,725.22,267.93,484.58
4/28/2015,727.19,268.66,485.9
4/29/2015,723.51,267.3,483.44
4/30/2015,717.39,265.02,479.26
5/1/2015,725.96,268.19,484.99
5/4/2015,727.02,268.58,485.7
5/5/2015,717.57,265.09,479.39
5/6/2015,716.78,264.76,478.62
5/7/2015,720.74,266.22,481.25
5/8/2015,729.34,269.4,486.99
5/11/2015,728.14,268.95,486.19
5/12/2015,727.56,268.74,485.8
5/13/2015,729.07,269.26,486.6
5/14/2015,736.15,271.85,491.15
5/15/2015,735.49,271.6,490.68
5/18/2015,736.98,272.15,491.66
5/19/2015,735.23,271.48,490.36
5/20/2015,732.81,270.55,488.57
5/21/2015,736.51,271.92,491.04
5/22/2015,733.29,270.73,488.89
5/26/2015,725.38,267.81,483.6
5/27/2015,729.75,269.39,486.32
5/28/2015,726.92,268.32,484.28
5/29/2015,719.73,265.67,479.48
6/1/2015,722.64,266.74,481.39
6/2/2015,723.93,267.21,482.22
6/3/2015,727.76,268.61,484.71
6/4/2015,719.47,265.55,479.18
6/5/2015,720.26,265.84,479.71
6/8/2015,714.96,263.89,476.18
6/9/2015,715.02,263.91,476.22
6/10/2015,722.37,266.62,481.09
6/11/2015,725.51,267.77,483.18
6/12/2015,721.71,266.37,480.65
6/15/2015,715.84,264.2,476.73
6/16/2015,716.44,264.42,477.12
6/17/2015,718.04,265.01,478.18
6/18/2015,725.81,267.78,482.77
6/19/2015,722.71,266.64,480.71
6/22/2015,726.46,268.02,483.2
6/23/2015,725.05,267.5,482.26
6/24/2015,718.27,265,477.73
6/25/2015,712.85,263,474.13
6/26/2015,714.32,263.52,475.01
6/29/2015,700.68,258.48,465.87
6/30/2015,701.52,258.78,466.37
7/1/2015,704.22,259.78,468.17
7/2/2015,703.87,259.65,467.93
7/6/2015,699.73,258.12,465.19
7/7/2015,705.44,260.23,468.98
7/8/2015,692.86,255.59,460.61
7/9/2015,695.31,256.49,462.23
7/10/2015,702.44,259.12,466.97
7/13/2015,709.72,261.81,471.81
7/14/2015,711.85,262.59,473.23
7/15/2015,709.49,261.72,471.66
7/16/2015,713.07,263.02,473.92
7/17/2015,713.05,263.01,473.91
7/20/2015,713.21,263.07,474.02
7/21/2015,705.64,260.28,468.98
7/22/2015,701.81,258.86,466.4
7/23/2015,695.29,256.45,462.07
7/24/2015,685.99,253.02,455.87
7/27/2015,683.14,251.97,453.97
7/28/2015,695.49,256.53,462.18
7/29/2015,704.09,259.7,467.88
7/30/2015,703.39,259.43,467.35
7/31/2015,702.91,259.25,467.04
8/3/2015,699.81,258.11,464.97
8/4/2015,698.97,257.8,464.42
8/5/2015,702.7,259.13,466.67
8/6/2015,699.65,258,464.61
8/7/2015,696.11,256.7,462.26
8/10/2015,709.34,261.58,471.04
8/11/2015,700.83,258.44,465.4
8/12/2015,701.08,258.49,465.33
8/13/2015,700.63,258.3,464.85
8/14/2015,705.06,259.93,467.79
8/17/2015,708.36,261.15,469.98
8/18/2015,707.38,260.77,469.22
8/19/2015,700.89,258.34,464.69
8/20/2015,686.11,252.89,454.88
8/21/2015,667.5,246.03,442.53
8/24/2015,645.2,237.81,427.74
8/25/2015,634.86,233.99,420.86
8/26/2015,654.56,241.25,433.9
8/27/2015,670.52,247.09,444.26
8/28/2015,671.56,247.46,444.84
8/31/2015,665.3,245.15,440.68
9/1/2015,647.78,238.7,429.08
9/2/2015,661.98,243.92,438.44
9/3/2015,662.51,244.12,438.79
9/4/2015,653.1,240.65,432.56
9/8/2015,671.37,247.38,444.64
9/9/2015,664.15,244.71,439.84
9/10/2015,664.79,244.94,440.22
9/11/2015,668.27,246.22,442.52
9/14/2015,665.13,245.06,440.43
9/15/2015,676.29,249.18,447.82
9/16/2015,682.32,251.4,451.82
9/17/2015,678.88,250.03,448.95
9/18/2015,664.79,244.85,439.64
9/21/2015,667.81,245.96,441.63
9/22/2015,658.84,242.65,435.7
9/23/2015,654.5,241.05,432.82
9/24/2015,649.91,239.36,429.79
9/25/2015,651.71,240.03,430.98
9/28/2015,638.96,235.31,422.45
9/29/2015,643.01,236.8,425.12
9/30/2015,653.13,240.53,431.78
10/1/2015,651.99,240.11,431.03
10/2/2015,659.59,242.91,436.05
10/5/2015,679.14,250.1,448.93
10/6/2015,678.98,250.04,448.82
10/7/2015,688.12,253.39,454.79
10/8/2015,697.92,257,461.27
10/9/2015,700,257.77,462.65
10/12/2015,700.75,258.04,463.14
10/13/2015,693.28,255.29,458.21
10/14/2015,686.23,252.7,453.54
10/15/2015,693.21,255.27,458.16
10/16/2015,691.57,254.66,457.07
10/19/2015,691.94,254.8,457.32
10/20/2015,695.68,256.18,459.79
10/21/2015,696.62,256.52,460.37
10/22/2015,716.17,263.7,473.18
10/23/2015,718.35,264.49,474.6
10/26/2015,717.36,264.13,473.94
10/27/2015,710.28,261.52,469.26
10/28/2015,715.16,263.32,472.48
10/29/2015,714.72,263.16,472.19
10/30/2015,713.16,262.58,471.16
11/2/2015,721.66,265.71,476.77
11/3/2015,721.76,265.74,476.82
11/4/2015,720.35,265.19,475.64
11/5/2015,721.1,265.45,476.05
11/6/2015,721.87,265.73,476.54
11/9/2015,716.05,263.59,472.7
11/10/2015,716.75,263.8,472.92
11/11/2015,718.78,264.55,474.26
11/12/2015,708.74,260.83,467.48
11/13/2015,705.82,259.75,465.56
11/16/2015,714.27,262.86,471.13
11/17/2015,712.98,262.37,470.17
11/18/2015,722.42,265.81,476.18
11/19/2015,725.01,266.75,477.84
11/20/2015,729.03,268.23,480.46
11/23/2015,725.94,267.09,478.41
11/24/2015,724.21,266.45,477.27
11/25/2015,723.73,266.24,476.73
11/27/2015,725.06,266.71,477.48
11/30/2015,719.78,264.76,474
12/1/2015,724.11,266.36,476.85
12/2/2015,716.71,263.62,471.9
12/3/2015,708.76,260.7,466.67
12/4/2015,719.09,264.5,473.47
12/7/2015,716.1,263.4,471.5
12/8/2015,704.93,259.29,464.14
12/9/2015,703.2,258.65,462.97
12/10/2015,706.63,259.9,465.2
12/11/2015,695.05,255.64,457.57
12/14/2015,696.54,256.19,458.55
12/15/2015,696.95,256.34,458.82
12/16/2015,709.59,260.97,467.02
12/17/2015,698.85,256.92,459.37
12/18/2015,688.2,253.01,452.38
12/21/2015,693.59,254.99,455.91
12/22/2015,701.99,258.08,461.43
12/23/2015,710.69,261.28,467.16
12/24/2015,710.14,261.07,466.79
12/28/2015,708.81,260.58,465.92
12/29/2015,715.59,263.06,470.27
12/30/2015,710.08,261.03,466.63
12/31/2015,705.36,259.3,463.53
1/4/2016,695.41,255.63,456.94
1/5/2016,696.84,256.16,457.88
1/6/2016,686.66,252.41,451.17
1/7/2016,667.47,245.36,438.56
1/8/2016,660.68,242.86,434.1
1/11/2016,661.17,243.04,434.43
1/12/2016,665.98,244.81,437.58
1/13/2016,650.61,239.15,427.44
1/14/2016,659.13,242.28,433.03
1/15/2016,646.8,237.73,424.82
1/19/2016,646.9,237.77,424.88
1/20/2016,638.19,234.56,419.13
1/21/2016,641.68,235.84,421.43
1/22/2016,646.57,237.64,424.64
1/25/2016,638.45,234.66,419.3
1/26/2016,650.1,238.94,426.95
1/27/2016,643.05,236.34,422.28
1/28/2016,646.95,237.77,424.84
1/29/2016,664.89,244.37,436.62
2/1/2016,662.72,243.57,435.2
2/2/2016,649.58,238.74,426.57
2/3/2016,659.44,242.35,433
2/4/2016,670.76,246.51,440.42
2/5/2016,663.73,243.93,435.8
2/8/2016,658,241.82,432
2/9/2016,661.53,243.12,434.32
2/10/2016,659.25,242.2,432.35
2/11/2016,646.09,237.36,423.68
2/12/2016,658.71,241.99,431.93
2/16/2016,671.93,246.84,440.59
2/17/2016,682.71,250.77,447.47
2/18/2016,681.92,250.46,446.8
2/19/2016,680.72,250.02,446.02
2/22/2016,692.23,254.24,453.56
2/23/2016,685.53,251.76,449.02
2/24/2016,686.22,252.01,449.48
2/25/2016,695.09,255.13,454.49
2/26/2016,696.12,255.49,455.03
2/29/2016,691.4,253.75,451.92
3/1/2016,705.26,258.83,460.93
3/2/2016,706.38,259.24,461.65
3/3/2016,710.78,260.84,464.41
3/4/2016,713.72,261.92,466.33
3/7/2016,715.1,262.42,467.23
3/8/2016,706.2,259.16,461.41
3/9/2016,707.94,259.79,462.52
3/10/2016,707.04,259.46,461.91
3/11/2016,717.23,263.19,468.56
3/14/2016,717.47,263.28,468.72
3/15/2016,716.65,262.98,468.18
3/16/2016,721.29,264.68,471.21
3/17/2016,735.69,269.97,480.62
3/18/2016,741.7,272.17,484.54
3/21/2016,743.51,272.84,485.73
3/22/2016,741.16,271.97,484.16
3/23/2016,736.84,270.38,481.34
3/24/2016,734.72,269.61,479.95
3/28/2016,735.88,270.03,480.71
3/29/2016,739.84,271.47,483.2
3/30/2016,743.33,272.75,485.46
3/31/2016,740.54,271.72,483.64
4/1/2016,741.77,272.17,484.44
4/4/2016,734.67,269.56,479.75
4/5/2016,730.47,268.02,477
4/6/2016,732.2,268.64,478.06
4/7/2016,726.79,266.66,474.53
4/8/2016,730.91,268.17,477.22
4/11/2016,729.55,267.67,476.33
4/12/2016,735.41,269.82,480.15
4/13/2016,745.45,273.5,486.71
4/14/2016,745.68,273.59,486.86
4/15/2016,746.01,273.71,487.08
4/18/2016,748.4,274.58,488.64
4/19/2016,752.21,275.98,491.13
4/20/2016,751.28,275.63,490.48
4/21/2016,748.93,274.75,488.83
4/22/2016,751,275.51,490.15
4/25/2016,746.44,273.84,487.18
4/26/2016,753.08,276.27,491.51
4/27/2016,758.39,278.22,494.97
4/28/2016,751.1,275.54,490.22
4/29/2016,747.16,274.1,487.65
5/2/2016,750.45,275.3,489.78
5/3/2016,744.36,273.07,485.81
5/4/2016,735.13,269.66,479.66
5/5/2016,734.3,269.35,479.1
5/6/2016,739.46,271.24,482.44
5/9/2016,736.12,270.01,480.24
5/10/2016,748.73,274.64,488.46
5/11/2016,743.04,272.51,484.49
5/12/2016,741.25,271.82,483.14
5/13/2016,732.36,268.56,477.34
5/16/2016,740.71,271.62,482.77
5/17/2016,737.14,270.29,480.3
5/18/2016,735.25,269.53,478.71
5/19/2016,728.26,266.97,474.16
5/20/2016,732.03,268.35,476.6
5/23/2016,730.41,267.75,475.52
5/24/2016,738.23,270.62,480.6
5/25/2016,743.08,272.39,483.75
5/26/2016,741.79,271.89,482.73
5/27/2016,743.75,272.58,483.85
5/31/2016,743.59,272.52,483.71
6/1/2016,743.88,272.61,483.81
6/2/2016,744.99,273.01,484.49
6/3/2016,744.84,272.95,484.39
6/6/2016,750.53,275.03,488.07
6/7/2016,753.7,276.2,490.13
6/8/2016,758.85,278.08,493.46
6/9/2016,758.78,278.05,493.41
6/10/2016,751.15,275.26,488.45
6/13/2016,742.84,272.21,483.04
6/14/2016,743.5,272.45,483.44
6/15/2016,743.72,272.53,483.57
6/16/2016,745.4,273.05,484.11
6/17/2016,745.66,273.14,484.27
6/20/2016,752.6,275.68,488.78
6/21/2016,752.22,275.55,488.53
6/22/2016,749.82,274.67,486.97
6/23/2016,758.43,277.82,492.56
6/24/2016,727.81,266.6,472.67
6/27/2016,711.36,260.58,461.99
6/28/2016,723.34,264.95,469.68
6/29/2016,736.19,269.64,477.94
6/30/2016,750.92,275.04,487.51
7/1/2016,753.76,276.07,489.3
7/5/2016,747.06,273.62,484.95
7/6/2016,750.72,274.95,487.3
7/7/2016,752.63,275.65,488.55
7/8/2016,766.98,280.91,497.86
7/11/2016,771.28,282.48,500.65
7/12/2016,778.2,285.02,505.14
7/13/2016,780.26,285.77,506.48
7/14/2016,786.03,287.89,510.23
7/15/2016,786.57,288.09,510.58
7/18/2016,785.82,287.79,509.97
7/19/2016,786.26,287.95,510.25
7/20/2016,787.89,288.54,511.27
7/21/2016,779.8,285.58,506.02
7/22/2016,780.56,285.85,506.49
7/25/2016,776.12,284.23,503.61
7/26/2016,781.74,286.29,507.26
7/27/2016,778.23,285,504.98
7/28/2016,778.67,285.16,505.27
7/29/2016,776.46,284.35,503.83
8/1/2016,775.62,284.04,503.28
8/2/2016,768.45,281.42,498.63
8/3/2016,771.7,282.59,500.62
8/4/2016,771.96,282.67,500.73
8/5/2016,779.83,285.55,505.83
8/8/2016,779.77,285.53,505.79
8/9/2016,780.16,285.67,506.05
8/10/2016,779.96,285.55,505.59
8/11/2016,784.78,287.3,508.68
8/12/2016,782.39,286.41,506.99
8/15/2016,787.18,288.16,510.07
8/16/2016,783.8,286.91,507.86
8/17/2016,786.83,287.95,509.36
8/18/2016,788.45,288.53,510.34
8/19/2016,788.49,288.54,510.37
8/22/2016,787.9,288.32,509.98
8/23/2016,788.24,288.44,510.17
8/24/2016,786.03,287.63,508.72
8/25/2016,785.48,287.42,508.3
8/26/2016,783.27,286.61,506.87
8/29/2016,787.67,288.19,509.52
8/30/2016,786.68,287.81,508.77
8/31/2016,782.87,286.4,506.25
9/1/2016,783.34,286.57,506.55
9/2/2016,786.57,287.76,508.64
9/6/2016,784.31,286.93,507.18
9/7/2016,785.47,287.34,507.86
9/8/2016,784.9,287.13,507.46
9/9/2016,762.92,279.09,493.25
9/12/2016,772.86,282.72,499.67
9/13/2016,760.94,278.36,491.97
9/14/2016,759.83,277.95,491.24
9/15/2016,765.91,280.08,494.59
9/16/2016,760.03,277.93,490.79
9/19/2016,762.61,278.87,492.46
9/20/2016,763.6,279.24,493.1
9/21/2016,773.44,282.83,499.45
9/22/2016,778.98,284.86,503.03
9/23/2016,773.93,283.02,499.77
9/26/2016,770.19,281.65,497.36
9/27/2016,776.41,283.92,501.37
9/28/2016,781.75,285.86,504.71
9/29/2016,775.56,283.59,500.69
9/30/2016,782.03,285.95,504.87
10/3/2016,782.44,286.09,505.07
10/4/2016,776.37,283.87,501.16
10/5/2016,780.93,285.53,504.03
10/6/2016,780.48,285.37,503.74
10/7/2016,771.01,281.9,497.63
10/10/2016,771.05,281.92,497.66
10/11/2016,763.34,279.1,492.68
10/12/2016,764.64,279.57,493.51
10/13/2016,764.82,279.64,493.62
10/14/2016,766.22,280.15,494.52
10/17/2016,764.58,279.55,493.46
10/18/2016,766.04,280.08,494.41
10/19/2016,768.59,281.01,496.04
10/20/2016,764.69,279.57,493.4
10/21/2016,763.48,279.12,492.59
10/24/2016,765.47,279.85,493.87
10/25/2016,762.41,278.73,491.9
10/26/2016,765.57,279.88,493.94
10/27/2016,759.97,277.83,490.33
10/28/2016,764.87,279.63,493.49
10/31/2016,766.34,280.17,494.44
11/1/2016,760.11,277.89,490.42
11/2/2016,757.18,276.8,488.45
11/3/2016,755.2,276.06,487.08
11/4/2016,756.49,276.53,487.91
11/7/2016,775,283.3,499.85
11/8/2016,780.05,285.09,502.78
11/9/2016,798.77,291.9,514.64
11/10/2016,815.2,297.9,525.22
11/11/2016,817.55,298.76,526.73
11/14/2016,820.93,300,528.91
11/15/2016,823.67,300.99,530.66
11/16/2016,818.96,299.19,527.13
11/17/2016,820.79,299.85,528.25
11/18/2016,820.77,299.84,528.21
11/21/2016,824.87,301.33,530.84
11/22/2016,828.91,302.8,533.41
11/23/2016,835.45,305.19,537.62
11/25/2016,839.51,306.68,540.24
11/28/2016,833.65,304.5,536.26
11/29/2016,834.5,304.79,536.67
11/30/2016,834.15,304.64,536.36
12/1/2016,840.71,307.03,540.54
12/2/2016,840.12,306.82,540.16
12/5/2016,839.14,306.46,539.52
12/6/2016,841.28,307.24,540.88
12/7/2016,856.3,312.72,550.51
12/8/2016,852.03,311.16,547.74
12/9/2016,856.12,312.65,550.37
12/12/2016,853.02,311.5,548.31
12/13/2016,851.89,311.09,547.58
12/14/2016,843.67,308.08,542.24
12/15/2016,843.94,308.17,542.4
12/16/2016,842.6,307.69,541.54
12/19/2016,847.59,309.51,544.75
12/20/2016,852.88,311.44,548.15
12/21/2016,849.45,310.19,545.94
12/22/2016,848.33,309.68,544.64
12/23/2016,848.92,309.9,545.02
12/27/2016,850.24,310.38,545.87
12/28/2016,842.02,307.36,540.48
12/29/2016,841.74,307.25,540.27
12/30/2016,838.39,306.02,538.07
1/3/2017,843.96,308.05,541.64
1/4/2017,848.45,309.69,544.52
1/5/2017,845.37,308.56,542.53
1/6/2017,849.96,310.24,545.48
1/9/2017,844.1,308.1,541.72
1/10/2017,846.77,309.08,543.43
1/11/2017,851.52,310.81,546.47
1/12/2017,848.45,309.69,544.5
1/13/2017,851.21,310.69,546.27
1/17/2017,844.54,308.26,541.99
1/18/2017,847.94,309.47,544
1/19/2017,852.94,311.3,547.2
1/20/2017,852.63,311.18,547
1/23/2017,846.69,309.02,543.19
1/24/2017,855.3,312.15,548.71
1/25/2017,864.19,315.4,554.4
1/26/2017,866.44,316.22,555.84
1/27/2017,864.8,315.62,554.79
1/30/2017,858.25,313.22,550.56
1/31/2017,850.25,310.31,545.43
2/1/2017,849.13,309.89,544.66
2/2/2017,846.88,309.07,543.21
2/3/2017,853.43,311.46,547.42
2/6/2017,853.86,311.61,547.69
2/7/2017,855.28,312.13,548.6
2/8/2017,854.67,311.87,547.96
2/9/2017,861.05,314.19,552.01
2/10/2017,867.54,316.55,556.14
2/13/2017,876.11,319.68,561.64
2/14/2017,876.66,319.88,561.98
2/15/2017,881.46,321.56,564.63
2/16/2017,881.96,321.7,564.75
2/17/2017,883.49,322.26,565.73
2/21/2017,887.72,323.8,568.44
2/22/2017,885.55,322.97,566.79
2/23/2017,879.62,320.71,562.42
2/24/2017,884.07,322.3,565.07
2/27/2017,886.94,323.31,566.73
2/28/2017,882.71,321.76,563.99
3/1/2017,897.25,327.06,573.26
3/2/2017,888.76,323.95,567.71
3/3/2017,889.41,324.18,568.13
3/6/2017,886.58,323.15,566.32
3/7/2017,883.76,322.12,564.51
3/8/2017,880.78,321.02,562.53
3/9/2017,876.79,319.56,559.94
3/10/2017,882.63,321.69,563.67
3/13/2017,881.83,321.4,563.15
3/14/2017,873.76,318.46,558
3/15/2017,883.47,322,564.2
3/16/2017,880.26,320.82,562.15
3/17/2017,884.17,322.25,564.64
3/20/2017,882.55,321.65,563.55
3/21/2017,869.1,316.75,554.95
3/22/2017,872.37,317.94,557.04
3/23/2017,871.09,317.47,556.22
3/24/2017,868.58,316.55,554.62
3/27/2017,865.51,315.44,552.66
3/28/2017,874.87,318.85,558.64
3/29/2017,874.53,318.71,558.31
3/30/2017,879.21,320.41,561.28
3/31/2017,876.63,319.47,559.63
4/3/2017,874.69,318.76,558.4
4/4/2017,876.37,319.37,559.47
4/5/2017,873.79,318.42,557.74
4/6/2017,876.46,319.39,559.45
4/7/2017,877.36,319.72,560.03
4/10/2017,879.38,320.45,561.25
4/11/2017,880.71,320.93,562.1
4/12/2017,869.1,316.7,554.68
4/13/2017,863.19,314.54,550.91
4/17/2017,872.01,317.76,556.54
4/18/2017,869.66,316.9,555.03
4/19/2017,870.74,317.29,555.71
4/20/2017,880.37,320.78,561.73
4/21/2017,880.92,320.98,562.08
4/24/2017,892.5,325.2,569.44
4/25/2017,897.31,326.95,572.51
4/26/2017,896.02,326.48,571.69
4/27/2017,895.9,326.44,571.62
4/28/2017,892.08,325.04,569.18
5/1/2017,889.14,323.97,567.3
5/2/2017,893.95,325.73,570.37
5/3/2017,894.84,326.03,570.8
5/4/2017,895.27,326.18,571.06
5/5/2017,900.31,328.02,574.28
5/8/2017,897.66,327.05,572.56
5/9/2017,899.41,327.68,573.68
5/10/2017,896.37,326.52,571.43
5/11/2017,896.41,326.5,571.26
5/12/2017,890.63,324.4,567.56
5/15/2017,894.68,325.87,570.14
5/16/2017,893.54,325.46,569.42
5/17/2017,876.12,319.01,557.71
5/18/2017,877.54,319.53,558.61
5/19/2017,889.48,323.87,566.2
5/22/2017,895.7,326.13,570.15
5/23/2017,897.51,326.79,571.27
5/24/2017,898.06,326.98,571.61
5/25/2017,903.62,329.01,575.15
5/26/2017,904.79,329.4,575.69
5/30/2017,903.82,329.02,574.93
5/31/2017,905.51,329.63,575.95
6/1/2017,911.77,331.9,579.88
6/2/2017,916.24,333.53,582.73
6/5/2017,912.32,332.09,580.19
6/6/2017,906.55,329.99,576.52
6/7/2017,905.41,329.56,575.71
6/8/2017,908.21,330.58,577.49
6/9/2017,911.95,331.94,579.87
6/12/2017,916.14,333.47,582.53
6/13/2017,919.32,334.63,584.55
6/14/2017,918.44,334.3,583.98
6/15/2017,924.42,336.38,587.22
6/16/2017,927.8,337.61,589.36
6/19/2017,932.98,339.5,592.65
6/20/2017,922.25,335.59,585.81
6/21/2017,916.11,333.35,581.9
6/22/2017,914.35,332.71,580.78
6/23/2017,917.91,334.01,583.04
6/26/2017,917.78,333.95,582.89
6/27/2017,910.26,331.21,578.12
6/28/2017,918.56,334.21,583.28
6/29/2017,911.05,331.48,578.5
6/30/2017,918.12,334.04,582.92
7/3/2017,923.55,336.02,586.37
7/5/2017,926.36,337.03,588.08
7/6/2017,917.41,333.77,582.4
7/7/2017,924.29,336.27,586.76
7/10/2017,925.98,336.89,587.84
7/11/2017,925.68,336.78,587.65
7/12/2017,931.02,338.72,591.03
7/13/2017,930.58,338.56,590.75
7/14/2017,934.94,340.15,593.52
7/17/2017,934.12,339.85,592.99
7/18/2017,931.91,339.02,591.47
7/19/2017,933.4,339.56,592.4
7/20/2017,927.74,337.5,588.8
7/21/2017,925.7,336.76,587.51
7/24/2017,922.09,335.44,585.19
7/25/2017,921.51,335.23,584.83
7/26/2017,922.96,335.76,585.75
7/27/2017,917.96,333.94,582.56
7/28/2017,919.92,334.65,583.81
7/31/2017,918.63,334.18,582.99
8/1/2017,916.65,333.46,581.73
8/2/2017,920.85,334.97,584.31
8/3/2017,925.21,336.55,587.03
8/4/2017,927.38,337.34,588.4
8/7/2017,926.49,337.02,587.84
8/8/2017,923.76,336.03,586.11
8/9/2017,924.23,336.14,586.11
8/10/2017,912.24,331.74,578.27
8/11/2017,913.23,332.1,578.9
8/14/2017,922.51,335.47,584.76
8/15/2017,920.4,334.7,583.4
8/16/2017,922.3,335.34,584.27
8/17/2017,906.55,329.61,574.29
8/18/2017,903.43,328.48,572.31
8/21/2017,904.35,328.8,572.83
8/22/2017,914.49,332.47,579.2
8/23/2017,906.59,329.56,573.97
8/24/2017,903.16,328.31,571.73
8/25/2017,907.17,329.76,574.27
8/28/2017,907.23,329.79,574.31
8/29/2017,913.46,332.01,578.04
8/30/2017,916.68,333.16,579.91
8/31/2017,920.02,334.37,582.01
9/1/2017,921.41,334.87,582.9
9/5/2017,911.42,331.24,576.57
9/6/2017,912.4,331.6,577.19
9/7/2017,913.11,331.84,577.56
9/8/2017,916.29,332.99,579.53
9/11/2017,924.16,335.85,584.51
9/12/2017,928.93,337.58,587.53
9/13/2017,927.72,337.14,586.76
9/14/2017,932.07,338.72,589.51
9/15/2017,936.21,340.13,591.55
9/18/2017,941.59,342.08,594.95
9/19/2017,942.34,342.36,595.43
9/20/2017,948.72,344.68,599.46
9/21/2017,951.92,345.84,601.47
9/22/2017,954.62,346.81,603.11
9/25/2017,954.6,346.8,603.1
9/26/2017,954.5,346.76,603.04
9/27/2017,954.78,346.87,603.22
9/28/2017,954.1,346.6,602.67
9/29/2017,956.85,347.59,604.38
10/2/2017,963.64,350.06,608.67
10/3/2017,968.26,351.74,611.59
10/4/2017,967.72,351.54,611.25
10/5/2017,970.07,352.38,612.66
10/6/2017,969.62,352.22,612.37
10/9/2017,965.81,350.83,609.97
10/10/2017,966.92,351.24,610.67
10/11/2017,966.67,351.13,610.45
10/12/2017,971.67,352.95,613.59
10/13/2017,969.17,352.04,612.01
10/16/2017,970.86,352.65,613.08
10/17/2017,968.11,351.66,611.34
10/18/2017,968.74,351.89,611.74
10/19/2017,971.35,352.83,613.37
10/20/2017,981.99,356.67,619.96
10/23/2017,974.07,353.8,614.97
10/24/2017,979.33,355.7,618.26
10/25/2017,969.26,352.05,611.9
10/26/2017,970.64,352.55,612.77
10/27/2017,969.83,352.25,612.26
10/30/2017,962.72,349.67,607.77
10/31/2017,958.8,348.25,605.29
11/1/2017,958.2,348.03,604.91
11/2/2017,963.56,349.95,608.16
11/3/2017,962.64,349.61,607.57
11/6/2017,962.89,349.7,607.73
11/7/2017,965.13,350.52,609.15
11/8/2017,963.29,349.85,607.98
11/9/2017,951.43,345.49,600.22
11/10/2017,952.99,346.02,600.98
11/13/2017,948.22,344.29,597.94
11/14/2017,944.41,342.9,595.54
11/15/2017,939.61,341.16,592.51
11/16/2017,948.28,344.22,597.47
11/17/2017,943.72,342.56,594.59
11/20/2017,947.7,344,597.06
11/21/2017,953.83,346.23,600.92
11/22/2017,955.51,346.8,601.75
11/24/2017,955.51,346.8,601.75
11/27/2017,957.26,347.43,602.86
11/28/2017,971.48,352.59,611.81
11/29/2017,980.44,355.81,617.24
11/30/2017,995.82,361.35,626.69
12/1/2017,984.27,357.15,619.37
12/4/2017,992.51,360.14,624.55
12/5/2017,983.68,356.94,618.99
12/6/2017,984.89,357.37,619.73
12/7/2017,993.79,360.59,625.3
12/8/2017,997.85,362.06,627.82
12/11/2017,995.77,361.31,626.51
12/12/2017,997.03,361.76,627.3
12/13/2017,1000.75,363.09,629.53
12/14/2017,994.28,360.75,625.46
12/15/2017,1001.44,363.33,629.88
12/18/2017,1008.17,365.77,634.11
12/19/2017,1008.25,365.8,634.16
12/20/2017,1011.31,366.91,636.08
12/21/2017,1011.94,367.14,636.48
12/22/2017,1012.28,367.26,636.69
12/26/2017,1013.25,367.56,637.02
12/27/2017,1015.8,368.49,638.62
12/28/2017,1017.65,369.14,639.66
12/29/2017,1014.74,368.08,637.81
1/2/2018,1022.55,370.9,642.65
1/3/2018,1027.92,372.85,646.02
1/4/2018,1035.68,375.66,650.89
1/5/2018,1043.25,378.41,655.66
1/8/2018,1047.03,379.78,658.02
1/9/2018,1053.37,382.08,662
1/10/2018,1054.24,382.39,662.55
1/11/2018,1067.79,387.3,671.06
1/12/2018,1077.06,390.67,676.88
1/16/2018,1067.09,387.05,670.62
1/17/2018,1071.97,388.82,673.68
1/18/2018,1065.5,386.47,669.56
1/19/2018,1067.85,387.29,670.9
1/22/2018,1067.51,387.17,670.69
1/23/2018,1069,387.71,671.63
1/24/2018,1066.59,386.84,670.11
1/25/2018,1068.25,387.43,671.14
1/26/2018,1080.34,391.82,678.74
1/29/2018,1073.41,389.31,674.38
1/30/2018,1064.32,386,668.63
1/31/2018,1068.59,387.55,671.32
2/1/2018,1066.68,386.85,670.05
2/2/2018,1045.12,379.03,656.51
2/5/2018,998.53,362.13,627.23
2/6/2018,1015.17,368.17,637.69
2/7/2018,1017.93,369.17,639.42
2/8/2018,978.21,354.71,614.18
2/9/2018,988.91,358.59,620.86
2/12/2018,1004.5,364.24,630.63
2/13/2018,1006.92,365.11,632.15
2/14/2018,1019.19,369.56,639.84
2/15/2018,1034.66,375.09,649.1
2/16/2018,1035.53,375.37,649.44
2/20/2018,1024.87,371.51,642.75
2/21/2018,1024.78,371.48,642.7
2/22/2018,1031.25,373.77,646.47
2/23/2018,1039.91,376.86,651.61
2/26/2018,1054.36,382.1,660.67
2/27/2018,1041.63,377.45,652.52
2/28/2018,1026.39,371.89,642.76
3/1/2018,1006.69,364.75,630.39
3/2/2018,1005.97,364.48,629.89
3/5/2018,1018.11,368.88,637.49
3/6/2018,1023.09,370.67,640.55
3/7/2018,1023.03,370.65,640.5
3/8/2018,1028.18,372.5,643.62
3/9/2018,1050.71,380.64,657.58
3/12/2018,1038.44,376.19,649.91
3/13/2018,1032.84,374.16,646.4
3/14/2018,1021.15,369.93,639.08
3/15/2018,1024.49,371.14,641.16
3/16/2018,1030.02,373.13,644.55
3/19/2018,1021.56,370.06,639.26
3/20/2018,1025.02,371.32,641.43
3/21/2018,1026.24,371.76,642.19
3/22/2018,992.62,359.58,621.15
3/23/2018,978.83,354.58,612.52
3/26/2018,1001.36,362.74,626.62
3/27/2018,987.65,357.78,618.05
3/28/2018,984.04,356.45,615.66
3/29/2018,998.93,361.84,624.95
4/2/2018,978.29,354.36,612.04
4/3/2018,991.83,359.26,620.51
4/4/2018,996.05,360.79,623.15
4/5/2018,1006.04,364.41,629.4
4/6/2018,978.56,354.46,612.2
4/9/2018,975.2,353.24,610.09
4/10/2018,990.25,358.68,619.44
4/11/2018,982.78,355.98,614.77
4/12/2018,997.16,361.17,623.67
4/13/2018,994.77,360.3,622.18
4/16/2018,1004.71,363.9,628.39
4/17/2018,1013.14,366.95,633.66
4/18/2018,1023.47,370.69,640.12
4/19/2018,1020.49,369.61,638.26
4/20/2018,1016.31,368.08,635.52
4/23/2018,1015.52,367.8,635.03
4/24/2018,986.97,357.45,617.14
4/25/2018,989.69,358.44,618.85
4/26/2018,985.5,356.92,616.23
4/27/2018,984.37,356.5,615.51
4/30/2018,971.02,351.67,607.17
5/1/2018,966.59,350.07,604.39
5/2/2018,957.98,346.95,599.01
5/3/2018,960.3,347.76,600.31
5/4/2018,971.24,351.72,607.15
5/7/2018,977.99,354.17,611.36
5/8/2018,985.01,356.71,615.75
5/9/2018,995.95,360.67,622.56
5/10/2018,1002.75,363.06,626.41
5/11/2018,1004.99,363.86,627.76
5/14/2018,1003.1,363.17,626.54
5/15/2018,999.42,361.84,624.24
5/16/2018,1003.13,363.18,626.56
5/17/2018,1007.12,364.53,628.47
5/18/2018,1012.94,366.6,631.92
5/21/2018,1028.51,372.23,641.62
5/22/2018,1015.67,367.58,633.61
5/23/2018,1014.2,367.05,632.68
5/24/2018,1020.35,369.27,636.47
5/25/2018,1018.44,368.58,635.28
5/29/2018,1001.79,362.55,624.9
5/30/2018,1014.65,367.17,632.69
5/31/2018,1000.22,361.91,623.49
6/1/2018,1011.83,366.1,630.67
6/4/2018,1010.5,365.62,629.84
6/5/2018,1012.39,366.29,630.93
6/6/2018,1021.46,369.57,636.59
6/7/2018,1023.69,370.37,637.9
6/8/2018,1028.08,371.95,640.62
6/11/2018,1029.66,372.52,641.6
6/12/2018,1028.91,372.25,641.14
6/13/2018,1020.5,369.21,635.9
6/14/2018,1016.46,367.74,633.36
6/15/2018,1014.33,366.92,631.75
6/18/2018,1010.45,365.52,629.34
6/19/2018,988.83,357.7,615.87
6/20/2018,989,357.76,615.98
6/21/2018,977.28,353.52,608.67
6/22/2018,980.1,354.52,610.32
6/25/2018,967.92,350.12,602.73
6/26/2018,971.08,351.26,604.7
6/27/2018,963.46,348.5,599.95
6/28/2018,965.17,349.1,600.89
6/29/2018,967.15,349.81,602.1
7/2/2018,969.03,350.49,603.27
7/3/2018,965.4,349.18,601.02
7/5/2018,970.43,350.98,604.07
7/6/2018,974.18,352.34,606.4
7/9/2018,991.79,358.71,617.36
7/10/2018,995.3,359.97,619.48
7/11/2018,979.22,354.15,609.47
7/12/2018,990.2,358.12,616.29
7/13/2018,996.07,360.24,619.95
7/16/2018,991.69,358.66,617.22
7/17/2018,995.45,360.02,619.56
7/18/2018,1006.66,364.07,626.54
7/19/2018,1006.17,363.87,626.09
7/20/2018,1005.08,363.47,625.4
7/23/2018,998.87,361.23,621.54
7/24/2018,1003.95,363.06,624.67
7/25/2018,1017.44,367.93,633
7/26/2018,1026.02,371.03,638.34
7/27/2018,1026.01,371.03,638.34
7/30/2018,1016.42,367.56,632.36
7/31/2018,1037.98,375.36,645.78
8/1/2018,1024.68,370.54,637.5
8/2/2018,1023.12,369.97,636.44
8/3/2018,1024.09,370.3,636.98
8/6/2018,1025.37,370.77,637.76
8/7/2018,1032.57,373.37,642.24
8/8/2018,1028.33,371.83,639.6
8/9/2018,1022.85,369.81,635.94
8/10/2018,1014.65,366.84,630.79
8/13/2018,1009.42,364.94,627.51
8/14/2018,1016.03,367.33,631.62
8/15/2018,1011.11,365.55,628.56
8/16/2018,1023.48,369.95,635.85
8/17/2018,1030.01,372.28,639.72
8/20/2018,1036.62,374.67,643.8
8/21/2018,1044.57,377.52,648.64
8/22/2018,1034.85,374.01,642.6
8/23/2018,1031.36,372.71,640.2
8/24/2018,1035.84,374.32,642.92
8/27/2018,1048.56,378.91,650.79
8/28/2018,1047.36,378.48,650.04
8/29/2018,1048.15,378.76,650.52
8/30/2018,1040.47,375.93,645.49
8/31/2018,1041.07,376.13,645.72
9/4/2018,1041.03,376.11,645.69
9/5/2018,1047.34,378.39,649.61
9/6/2018,1051.05,379.7,651.75
9/7/2018,1047.85,378.54,649.72
9/10/2018,1053.45,380.56,653.19
9/11/2018,1052.78,380.32,652.77
9/12/2018,1056.66,381.72,655.18
9/13/2018,1062.03,383.66,658.5
9/14/2018,1067.99,385.76,661.9
9/17/2018,1068.28,385.87,662.08
9/18/2018,1077.83,389.32,668
9/19/2018,1077.37,389.15,667.72
9/20/2018,1078.59,389.59,668.47
9/21/2018,1082.04,390.83,670.54
9/24/2018,1067.8,385.68,661.72
9/25/2018,1064.28,384.41,659.53
9/26/2018,1062.71,383.84,658.56
9/27/2018,1064.32,384.4,659.4
9/28/2018,1063.82,384.21,659.07
10/1/2018,1073.4,387.67,665.01
10/2/2018,1075.44,388.41,666.27
10/3/2018,1080.24,390.15,669.25
10/4/2018,1077.27,389.06,667.32
10/5/2018,1072.02,387.16,664.07
10/8/2018,1074.04,387.89,665.32
10/9/2018,1057.94,382.06,655.28
10/10/2018,1021.17,368.79,632.51
10/11/2018,997.95,360.4,618.11
10/12/2018,1003.42,362.37,621.5
10/15/2018,1005.59,363.16,622.84
10/16/2018,1022.27,369.18,633.18
10/17/2018,1015.41,366.7,628.93
10/18/2018,997.23,360.14,617.66
10/19/2018,993.43,358.74,615.16
10/22/2018,989.77,357.42,612.9
10/23/2018,973.99,351.72,603.1
10/24/2018,940.6,339.66,582.42
10/25/2018,947.53,342.16,586.71
10/26/2018,938.31,338.83,581
10/29/2018,922.54,333.14,571.24
10/30/2018,941.1,339.83,582.72
10/31/2018,948.83,342.63,587.5
11/1/2018,965.4,348.58,597.61
11/2/2018,962.73,347.62,595.95
11/5/2018,967.81,349.45,599.09
11/6/2018,978.58,353.33,605.69
11/7/2018,995.05,359.28,615.89
11/8/2018,993.18,358.53,614.34
11/9/2018,983.29,354.96,608.2
11/12/2018,963.71,347.89,596.09
11/13/2018,968.01,349.44,598.75
11/14/2018,964.49,348.16,596.52
11/15/2018,977.23,352.68,603.96
11/16/2018,977.17,352.63,603.75
11/19/2018,961.86,347.1,594.26
11/20/2018,941.68,339.81,581.76
11/21/2018,948.23,342.13,585.54
11/23/2018,946.2,341.4,584.29
11/26/2018,954.1,344.25,589.17
11/27/2018,951.68,343.38,587.67
11/28/2018,974.49,351.61,601.76
11/29/2018,974.8,351.66,601.61
11/30/2018,985.3,355.41,607.87
12/3/2018,996.8,359.55,614.95
12/4/2018,953.45,343.91,588.19
12/6/2018,948.25,342.03,584.93
12/7/2018,923.51,333.1,569.63
12/10/2018,925.89,333.96,571.09
12/11/2018,920.36,331.96,567.68
12/12/2018,925.34,333.76,570.76
12/13/2018,923.32,333,569.31
12/14/2018,910.16,328.23,561.11
12/17/2018,894.5,322.59,551.45
12/18/2018,899.69,324.46,554.65
12/19/2018,882.55,318.27,544.06
12/20/2018,866.63,312.53,534.25
12/21/2018,849.94,306.51,523.96
12/24/2018,823.24,296.88,507.5
12/26/2018,862.78,311.14,531.87
12/27/2018,873.51,315.01,538.49
12/28/2018,870.95,314.06,536.75
12/31/2018,879.89,317.27,542.16
1/2/2019,883.84,318.69,544.6
1/3/2019,857.73,309.27,528.5
1/4/2019,890.76,321.19,548.85
1/7/2019,896.77,323.35,552.56
1/8/2019,909.43,327.91,560.34
1/9/2019,915.15,329.98,563.87
1/10/2019,928.37,334.74,572
1/11/2019,927.24,334.33,571.3
1/14/2019,926.98,334.24,571.14
1/15/2019,924.01,333.17,569.31
1/16/2019,925.1,333.56,569.99
1/17/2019,940.47,339.09,579.39
1/18/2019,958.17,345.45,590.15
1/22/2019,938.34,338.3,577.93
1/23/2019,940.05,338.92,578.99
1/24/2019,945.33,340.82,582.23
1/25/2019,957.48,345.2,589.72
1/28/2019,947.92,341.75,583.82
1/29/2019,960.89,346.43,591.81
1/30/2019,975.89,351.83,601.01
1/31/2019,980.33,353.43,603.74
2/1/2019,982.38,354.16,604.94
2/4/2019,995.12,358.75,612.79
2/5/2019,1003.86,361.9,618.15
2/6/2019,1003.67,361.83,618.04
2/7/2019,996.75,359.27,613.43
2/8/2019,997.97,359.71,614.16
2/11/2019,1003.54,361.71,617.56
2/12/2019,1019.18,367.35,627.18
2/13/2019,1025.64,369.68,631.15
2/14/2019,1020.42,367.71,627.44
2/15/2019,1034.12,372.63,635.82
2/19/2019,1033.39,372.37,635.37
2/20/2019,1038.43,374.19,638.47
2/21/2019,1034.56,372.75,635.85
2/22/2019,1041.28,375.16,639.89
2/25/2019,1045.55,376.67,642.33
2/26/2019,1042.48,375.56,640.44
2/27/2019,1046.62,377.01,642.73
2/28/2019,1043.11,375.7,640.33
3/1/2019,1044.03,376.03,640.88
3/4/2019,1039.09,374.24,637.82
3/5/2019,1032.46,371.85,633.73
3/6/2019,1022.79,368.36,627.76
3/7/2019,1017.12,366.28,624.08
3/8/2019,1014.71,365.4,622.52
3/11/2019,1023.77,368.66,628.06
3/12/2019,1014.43,365.3,622.34
3/13/2019,1023.72,368.65,628.04
3/14/2019,1020.23,367.38,625.86
3/15/2019,1017.81,366.5,624.31
3/18/2019,1026.66,369.69,629.74
3/19/2019,1022.42,368.16,627.14
3/20/2019,1015.98,365.84,623.19
3/21/2019,1025.6,369.31,629.09
3/22/2019,1002.32,360.92,614.81
3/25/2019,1004.75,361.8,616.31
3/26/2019,1011.83,364.35,620.65
3/27/2019,1012.89,364.73,621.3
3/28/2019,1020.91,367.59,626.06
3/29/2019,1031.23,371.3,632.36
4/1/2019,1052.59,378.99,645.46
4/2/2019,1051.93,378.75,645.05
4/3/2019,1049.14,377.75,643.34
4/4/2019,1055.47,380.03,647.22
4/5/2019,1058.6,381.15,649.13
4/8/2019,1053.94,379.47,646.27
4/9/2019,1039.34,374.2,637.24
4/10/2019,1039.19,374.15,637.15
4/11/2019,1048.51,377.49,642.78
4/12/2019,1061.97,382.34,651.03
4/15/2019,1056.49,380.36,647.67
4/16/2019,1062.7,382.6,651.48
4/17/2019,1064.27,383.16,652.43
4/18/2019,1076.36,387.49,659.7
4/22/2019,1072.93,386.26,657.6
4/23/2019,1082.52,389.7,663.44
4/24/2019,1079.15,388.49,661.38
4/25/2019,1057.71,380.77,648.24
4/26/2019,1065.33,383.51,652.91
4/29/2019,1068.24,384.56,654.68
4/30/2019,1073.6,386.49,657.97
5/1/2019,1065.65,383.61,653.03
5/2/2019,1064.5,383.17,652.17
5/3/2019,1077.69,387.92,660.25
5/6/2019,1067.29,384.18,653.88
5/7/2019,1045.5,376.33,640.52
5/8/2019,1045.61,376.37,640.58
5/9/2019,1044.08,375.76,639.3
5/10/2019,1048.12,377.21,641.72
5/13/2019,1018.38,366.5,623.48
5/14/2019,1029.24,370.41,630.14
5/15/2019,1030.5,370.86,630.91
5/16/2019,1039.92,374.2,636.37
5/17/2019,1028.76,370.15,629.36
5/20/2019,1025.91,369.12,627.59
5/21/2019,1038.05,373.48,635.01
5/22/2019,1029.58,370.44,629.83
5/23/2019,1013.97,364.74,619.8
5/24/2019,1014.44,364.9,620.08
5/28/2019,1004.82,361.44,614.2
5/29/2019,1000.28,359.81,611.41
5/30/2019,1004.58,361.31,613.78
5/31/2019,990.29,356.12,604.8
6/3/2019,997.37,358.67,609.09
6/4/2019,1021.07,367.18,623.5
6/5/2019,1032,371.11,630.18
6/6/2019,1032.25,371.18,630.22
6/7/2019,1041.15,374.38,635.64
6/10/2019,1042.46,374.85,636.44
6/11/2019,1033.1,371.48,630.73
6/12/2019,1035.18,372.23,632
6/13/2019,1040.78,374.24,635.39
6/14/2019,1036.71,372.78,632.91
6/17/2019,1033.36,371.57,630.86
6/18/2019,1052.93,378.61,642.81
6/19/2019,1052.74,378.54,642.69
6/20/2019,1069.75,384.66,653.07
6/21/2019,1064.48,382.74,649.74
6/24/2019,1062.02,381.85,648.24
6/25/2019,1054.26,379.07,643.5
6/26/2019,1056.39,379.83,644.8
6/27/2019,1057.64,380.25,645.41
6/28/2019,1068.02,383.98,651.69
7/1/2019,1070.56,384.89,653.25
7/2/2019,1069.14,384.38,652.38
7/3/2019,1074.88,386.43,655.8
7/5/2019,1069.31,384.42,652.39
7/8/2019,1061.45,381.6,647.59
7/9/2019,1059.32,380.82,646.22
7/10/2019,1056.25,379.72,644.35
7/11/2019,1063.76,382.42,648.92
7/12/2019,1082.65,389.21,660.45
7/15/2019,1078.22,387.61,657.74
7/16/2019,1085.24,390.14,662.02
7/17/2019,1061.64,381.65,647.63
7/18/2019,1064.28,382.6,649.23
7/19/2019,1069.46,384.43,652.22
7/22/2019,1070.62,384.85,652.93
7/23/2019,1083.87,389.61,661.01
7/24/2019,1088.42,391.23,663.68
7/25/2019,1086.17,390.42,662.3
7/26/2019,1084.34,389.76,661.19
7/29/2019,1082.42,389.07,660.02
7/30/2019,1086.58,390.57,662.55
7/31/2019,1075.15,386.46,655.57
8/1/2019,1053.97,378.83,642.57
8/2/2019,1047.26,376.4,638.4
8/5/2019,1018.29,365.99,620.74
8/6/2019,1033.54,371.47,630.03
8/7/2019,1032.38,371.05,629.32
8/8/2019,1050.08,377.36,639.8
8/9/2019,1041.41,374.23,634.46
8/12/2019,1027.21,369.13,625.81
8/13/2019,1039.04,373.38,632.99
8/14/2019,1007.93,362.2,614.04
8/15/2019,1006.67,361.63,612.61
8/16/2019,1026.06,368.56,624.22
8/19/2019,1036.41,372.27,630.49
8/20/2019,1029.32,369.71,626.1
8/21/2019,1036.29,372.21,630.3
8/22/2019,1037.77,372.74,631.18
8/23/2019,1009.73,362.67,614.12
8/26/2019,1017.18,365.34,618.66
8/27/2019,1012.82,363.77,615.97
8/28/2019,1023.54,367.62,622.48
8/29/2019,1042.1,374.23,633.48
8/30/2019,1046.94,375.94,636.24
9/3/2019,1032.19,370.63,627.22
9/4/2019,1045.64,375.46,635.4
9/5/2019,1064.3,382.14,646.62
9/6/2019,1066.23,382.82,647.68
9/9/2019,1069.23,383.89,649.5
9/10/2019,1079.91,387.73,655.99
9/11/2019,1090.28,391.45,662.29
9/12/2019,1091.13,391.75,662.79
9/13/2019,1096.93,393.82,666.21
9/16/2019,1095.27,393.22,665.21
9/17/2019,1094.82,393.06,664.94
9/18/2019,1093.29,392.51,664.01
9/19/2019,1087.9,390.58,660.72
9/20/2019,1080.76,388.01,656.39
9/23/2019,1078.86,387.33,655.24
9/24/2019,1071.97,384.85,651.05
9/25/2019,1079.61,387.6,655.69
9/26/2019,1080.5,387.92,656.23
9/27/2019,1076.31,386.39,653.53
9/30/2019,1078.59,387.2,654.89
10/1/2019,1052.75,377.92,639.2
10/2/2019,1032.03,370.49,626.62
10/3/2019,1039.31,373.1,631.02
10/4/2019,1050.7,377.18,637.93
10/7/2019,1045.02,375.15,634.48
10/8/2019,1028.71,369.28,624.51
10/9/2019,1037.47,372.42,629.83
10/10/2019,1046.53,375.66,635.25
10/11/2019,1067.15,383.06,647.76
10/14/2019,1064.62,382.15,646.23
10/15/2019,1073.02,385.17,651.32
10/16/2019,1072.57,385,651.04
10/17/2019,1077.64,386.82,654.11
10/18/2019,1068.52,383.52,648.41
10/21/2019,1075.03,385.86,652.36
10/22/2019,1083.69,388.97,657.62
10/23/2019,1083.5,388.88,657.43
10/24/2019,1084.88,389.38,658.24
10/25/2019,1091.79,391.85,662.43
10/28/2019,1094.57,392.85,664.12
10/29/2019,1098.85,394.39,666.71
10/30/2019,1102.55,395.71,668.93
10/31/2019,1090.27,391.28,661.33
11/1/2019,1114.34,399.92,675.93
11/4/2019,1127.73,404.72,684.05
11/5/2019,1129.99,405.53,685.41
11/6/2019,1130.53,405.73,685.74
11/7/2019,1133.8,406.82,687.29
11/8/2019,1135.77,407.52,688.42
11/11/2019,1136.61,407.82,688.92
11/12/2019,1136.24,407.68,688.7
11/13/2019,1131.8,406.08,685.95
11/14/2019,1135.32,407.26,687.64
11/15/2019,1143.42,410.14,692.36
11/18/2019,1139.66,408.79,690.07
11/19/2019,1138.32,408.3,689.24
11/20/2019,1129.85,405.26,684.1
11/21/2019,1128.55,404.74,683.02
11/22/2019,1134.71,406.95,686.73
11/25/2019,1142.83,409.86,691.65
11/26/2019,1146.21,411.08,693.7
11/27/2019,1144.67,410.47,692.44
11/29/2019,1138.93,408.36,688.72
12/2/2019,1120.61,401.8,677.64
12/3/2019,1108.3,397.38,670.19
12/4/2019,1111.91,398.68,672.38
12/5/2019,1112.68,398.93,672.74
12/6/2019,1126.75,403.97,681.2
12/9/2019,1122.86,402.58,678.85
12/10/2019,1120.94,401.88,677.67
12/11/2019,1128.52,404.6,682.25
12/12/2019,1138.25,408.09,688.12
12/13/2019,1135.24,406.99,686.22
12/16/2019,1134.89,406.87,686
12/17/2019,1134.05,406.57,685.49
12/18/2019,1128.4,404.54,682.08
12/19/2019,1132,405.79,684.03
12/20/2019,1138.59,408.15,687.99
12/23/2019,1145.8,410.73,692.34
12/24/2019,1141.9,409.33,689.99
12/26/2019,1144.57,410.29,691.59
12/27/2019,1144.14,410.14,691.34
12/30/2019,1137.9,407.87,687.4
12/31/2019,1138.29,408,687.6
1/2/2020,1158.89,415.39,700.05
1/3/2020,1157.54,414.9,699.23
1/6/2020,1157.22,414.79,699.04
1/7/2020,1155.93,414.31,698.18
1/8/2020,1158.6,415.27,699.78
1/9/2020,1163.92,417.17,702.98
1/10/2020,1155.61,414.19,697.97
1/13/2020,1165.87,417.87,704.16
1/14/2020,1165.86,417.87,704.15
1/15/2020,1166.87,418.23,704.75
1/16/2020,1178.72,422.46,711.84
1/17/2020,1178.96,422.52,711.83
1/21/2020,1166.16,417.93,704.1
1/22/2020,1159.4,415.51,700.02
1/23/2020,1172.46,420.19,707.9
1/24/2020,1166.88,418.19,704.53
1/27/2020,1145.11,410.39,691.38
1/28/2020,1152.29,412.96,695.72
1/29/2020,1158.66,415.25,699.57
1/30/2020,1159.74,415.62,700.16
1/31/2020,1133.17,406.1,684.12
2/3/2020,1132.71,405.93,683.84
2/4/2020,1153.56,413.41,696.42
2/5/2020,1172.77,420.29,707.99
2/6/2020,1176.56,421.62,710.17
2/7/2020,1168.37,418.68,705.2
2/10/2020,1175.01,421.06,709.17
2/11/2020,1179.17,422.55,711.68
2/12/2020,1189.98,426.42,718.21
2/13/2020,1183.05,423.8,713.22
2/14/2020,1182.44,423.57,712.8
2/18/2020,1175.8,421.19,708.8
2/19/2020,1175.27,420.99,708.42
2/20/2020,1173.43,420.32,707.25
2/21/2020,1168.35,418.49,704.12
2/24/2020,1133.91,406.11,683.15
2/25/2020,1088.24,389.76,655.63
2/26/2020,1079.61,386.66,650.42
2/27/2020,1039.53,372.22,625.79
2/28/2020,1027.51,367.89,618.39
