date,tr,net_tr,materials
1/29/2010,255.85,167.64,182.5
2/1/2010,265.22,173.78,189.19
2/2/2010,266.29,174.47,189.93
2/3/2010,263.74,172.8,188.09
2/4/2010,253.61,166.16,180.87
2/5/2010,258.02,169.05,184.01
2/8/2010,254.06,166.46,181.19
2/9/2010,260.43,170.63,185.73
2/10/2010,258.8,169.5,184.36
2/11/2010,262.91,172.18,187.25
2/12/2010,262.69,172.04,187.1
2/16/2010,269.17,176.29,191.72
2/17/2010,269.38,176.41,191.81
2/18/2010,272.52,178.46,194.05
2/19/2010,273.76,179.27,194.93
2/22/2010,272.48,178.44,194.02
2/23/2010,267.78,175.36,190.67
2/24/2010,267.55,175.21,190.49
2/25/2010,267.06,174.88,190.13
2/26/2010,267.16,174.95,190.2
3/1/2010,271.36,177.7,193.19
3/2/2010,274.04,179.45,195.1
3/3/2010,276.96,181.34,197.09
3/4/2010,277.66,181.79,197.58
3/5/2010,281.45,184.28,200.26
3/8/2010,281.08,184.03,200
3/9/2010,279.64,183.09,198.97
3/10/2010,279.54,183.01,198.86
3/11/2010,280.84,183.86,199.76
3/12/2010,282.53,184.96,200.97
3/15/2010,281.75,184.45,200.41
3/16/2010,286.06,187.27,203.47
3/17/2010,287.96,188.51,204.82
3/18/2010,285.94,187.19,203.39
3/19/2010,283.12,185.35,201.38
3/22/2010,286.79,187.75,203.98
3/23/2010,290.39,190.1,206.54
3/24/2010,289.51,189.53,205.92
3/25/2010,283.81,185.79,201.86
3/26/2010,286.04,187.25,203.45
3/29/2010,288.8,189.02,205.25
3/30/2010,289.41,189.4,205.62
3/31/2010,288.01,188.48,204.62
4/1/2010,293.19,191.87,208.31
4/5/2010,296.69,194.16,210.79
4/6/2010,297.36,194.61,211.27
4/7/2010,295.36,193.27,209.77
4/8/2010,296.16,193.8,210.34
4/9/2010,297.02,194.36,210.95
4/12/2010,295.6,193.43,209.94
4/13/2010,294.67,192.81,209.25
4/14/2010,296.61,194.08,210.62
4/15/2010,296.53,194.03,210.56
4/16/2010,291.29,190.6,206.85
4/19/2010,292,191.07,207.35
4/20/2010,292.52,191.4,207.72
4/21/2010,292.11,191.14,207.43
4/22/2010,294.35,192.6,209.02
4/23/2010,298.12,195.07,211.69
4/26/2010,298.34,195.21,211.85
4/27/2010,288.74,188.93,205.04
4/28/2010,291.61,190.81,207.07
4/29/2010,293.96,192.34,208.73
4/30/2010,289.36,189.34,205.47
5/3/2010,289.29,189.29,205.42
5/4/2010,279.09,182.61,198.15
5/5/2010,276.83,181.13,196.53
5/6/2010,268.37,175.57,190.47
5/7/2010,264.84,173.27,187.97
5/10/2010,277.54,181.57,196.98
5/11/2010,274.45,179.56,194.79
5/12/2010,279.98,183.11,198.49
5/13/2010,276.5,180.82,195.98
5/14/2010,269.52,176.26,191.03
5/17/2010,269.11,175.99,190.74
5/18/2010,265.15,173.4,187.93
5/19/2010,264.15,172.74,187.22
5/20/2010,252.49,165.12,178.96
5/21/2010,258.75,169.21,183.4
5/24/2010,254.47,166.42,180.37
5/25/2010,258.47,169.03,183.19
5/26/2010,256.45,167.7,181.74
5/27/2010,266.5,174.27,188.84
5/28/2010,261.97,171.31,185.64
6/1/2010,253.74,165.93,179.81
6/2/2010,261.46,170.97,185.27
6/3/2010,258.59,169.07,183.16
6/4/2010,248.42,162.43,175.96
6/7/2010,244.3,159.73,173.03
6/8/2010,250.38,163.7,177.34
6/9/2010,249.65,163.23,176.83
6/10/2010,258.44,168.97,183.04
6/11/2010,261.58,171.01,185.2
6/14/2010,258.98,169.31,183.36
6/15/2010,265.64,173.67,188.08
6/16/2010,265.45,173.54,187.94
6/17/2010,264.64,173.01,187.37
6/18/2010,265.97,173.88,188.31
6/21/2010,267.16,174.65,189.14
6/22/2010,261.18,170.74,184.91
6/23/2010,261.37,170.87,185.04
6/24/2010,255.13,166.79,180.62
6/25/2010,258.71,169.13,183.16
6/28/2010,256.08,167.36,181.14
6/29/2010,247.11,161.48,174.73
6/30/2010,243.9,159.39,172.46
7/1/2010,242.26,158.32,171.31
7/2/2010,241.44,157.78,170.73
7/6/2010,241.58,157.87,170.83
7/7/2010,251.14,164.1,177.51
7/8/2010,254.91,166.56,180.17
7/9/2010,260.95,170.51,184.44
7/12/2010,258.2,168.72,182.5
7/13/2010,263.99,172.48,186.52
7/14/2010,264.16,172.59,186.64
7/15/2010,263.88,172.41,186.44
7/16/2010,256.19,167.38,181.01
7/19/2010,256.63,167.67,181.31
7/20/2010,264.08,172.54,186.58
7/21/2010,262.91,171.77,185.75
7/22/2010,269.05,175.78,190.09
7/23/2010,274.36,179.25,193.84
7/26/2010,275.79,180.18,194.85
7/27/2010,274.04,179.04,193.61
7/28/2010,272.62,178.11,192.6
7/29/2010,272.66,178.13,192.61
7/30/2010,274,179.01,193.56
8/2/2010,281.27,183.75,198.69
8/3/2010,276.57,180.69,195.38
8/4/2010,278.66,182.05,196.84
8/5/2010,279.6,182.66,197.5
8/6/2010,278.78,182.11,196.87
8/9/2010,280,182.91,197.73
8/10/2010,277.28,181.13,195.81
8/11/2010,268.32,175.21,189.24
8/12/2010,269.6,176.04,190.12
8/13/2010,268.57,175.37,189.39
8/16/2010,269.77,176.15,190.24
8/17/2010,276.02,180.23,194.64
8/18/2010,277.05,180.9,195.35
8/19/2010,271.07,177,191.14
8/20/2010,270.1,176.36,190.45
8/23/2010,267.3,174.53,188.48
8/24/2010,261.11,170.48,184.09
8/25/2010,261.83,170.96,184.61
8/26/2010,261.89,171,184.65
8/27/2010,269.58,176.02,190.07
8/30/2010,265.84,173.57,187.41
8/31/2010,266.74,174.16,188.05
9/1/2010,274.45,179.19,193.48
9/2/2010,277.5,181.16,195.55
9/3/2010,281.01,183.44,197.99
9/7/2010,278.65,181.9,196.32
9/8/2010,280.5,183.1,197.62
9/9/2010,279.73,182.6,197.06
9/10/2010,281.62,183.84,198.4
9/13/2010,285.99,186.69,201.47
9/14/2010,285.8,186.55,201.32
9/15/2010,285.62,186.44,201.19
9/16/2010,286.75,187.18,201.99
9/17/2010,286.86,187.24,202.05
9/20/2010,288.62,188.39,203.28
9/21/2010,287.39,187.59,202.41
9/22/2010,288.42,188.26,203.14
9/23/2010,285.54,186.38,201.11
9/24/2010,292.5,190.92,206.01
9/27/2010,290.41,189.55,204.53
9/28/2010,290.72,189.72,204.59
9/29/2010,288.29,188.11,202.83
9/30/2010,287.41,187.54,202.21
10/1/2010,290.87,189.8,204.64
10/4/2010,286.69,187.07,201.7
10/5/2010,294.68,192.28,207.33
10/6/2010,297.1,193.84,208.94
10/7/2010,294.46,192.11,207.08
10/8/2010,300.41,196,211.27
10/11/2010,299.98,195.72,210.97
10/12/2010,300.76,196.23,211.52
10/13/2010,305.9,199.56,215.05
10/14/2010,303.23,197.82,213.18
10/15/2010,304.25,198.48,213.89
10/18/2010,305.06,199.01,214.46
10/19/2010,298.19,194.53,209.63
10/20/2010,304.06,198.36,213.76
10/21/2010,304.2,198.45,213.86
10/22/2010,302.33,197.23,212.54
10/25/2010,307.56,200.64,216.22
10/26/2010,306.87,200.19,215.73
10/27/2010,304.25,198.48,213.89
10/28/2010,303.91,198.26,213.65
10/29/2010,306.53,199.97,215.5
11/1/2010,306.53,199.97,215.5
11/2/2010,309.35,201.8,217.46
11/3/2010,308.55,201.28,216.88
11/4/2010,318.77,207.95,224.07
11/5/2010,319.83,208.64,224.81
11/8/2010,320.69,209.18,225.36
11/9/2010,315.52,205.81,221.72
11/10/2010,317.28,206.9,222.75
11/11/2010,320.15,208.77,224.77
11/12/2010,313.2,204.23,219.85
11/15/2010,310.52,202.48,217.96
11/16/2010,303.84,198.12,213.27
11/17/2010,303.66,198,213.12
11/18/2010,309.49,201.8,217.21
11/19/2010,311.65,203.2,218.72
11/22/2010,312.16,203.54,219.08
11/23/2010,306.81,200.04,215.3
11/24/2010,312.36,203.66,219.2
11/26/2010,308.5,201.15,216.49
11/29/2010,309.97,202.1,217.5
11/30/2010,309.98,202.1,217.51
12/1/2010,318.58,207.71,223.54
12/2/2010,323.36,210.83,226.89
12/3/2010,326.25,212.69,228.84
12/6/2010,326.38,212.76,228.89
12/7/2010,326.61,212.91,229.05
12/8/2010,323.77,211.06,227.06
12/9/2010,325.09,211.91,227.96
12/10/2010,327.8,213.68,229.87
12/13/2010,329.53,214.81,231.07
12/14/2010,329.65,214.89,231.16
12/15/2010,327.39,213.42,229.57
12/16/2010,330.87,215.68,232.01
12/17/2010,333.33,217.28,233.71
12/20/2010,334.74,218.2,234.69
12/21/2010,338.15,220.42,237.08
12/22/2010,338.13,220.41,237.07
12/23/2010,339.45,221.27,237.99
12/27/2010,339.38,221.22,237.93
12/28/2010,340.36,221.86,238.62
12/29/2010,341.87,222.79,239.51
12/30/2010,341.83,222.75,239.42
12/31/2010,342.1,222.93,239.61
1/3/2011,344.47,224.47,241.27
1/4/2011,342.64,223.28,239.99
1/5/2011,342.78,223.35,240.01
1/6/2011,341.34,222.41,238.99
1/7/2011,341.01,222.19,238.77
1/10/2011,341.43,222.46,239.06
1/11/2011,344.02,224.15,240.87
1/12/2011,347.29,226.24,243.03
1/13/2011,344.47,224.41,241.06
1/14/2011,344.87,224.67,241.34
1/18/2011,347.06,226.1,242.87
1/19/2011,339.27,221.02,237.42
1/20/2011,334.18,217.7,233.85
1/21/2011,333.41,217.21,233.32
1/24/2011,336.81,219.42,235.69
1/25/2011,337.12,219.62,235.91
1/26/2011,344.06,224.14,240.77
1/27/2011,341.6,222.54,239.05
1/28/2011,336.54,219.24,235.51
1/31/2011,341.9,222.74,239.26
2/1/2011,351.59,229.05,246.02
2/2/2011,350.57,228.37,245.28
2/3/2011,351.91,229.24,246.22
2/4/2011,352,229.31,246.29
2/7/2011,353.84,230.5,247.57
2/8/2011,355.01,231.27,248.39
2/9/2011,351.69,229.1,246.06
2/10/2011,352.6,229.69,246.69
2/11/2011,354.62,230.93,247.83
2/14/2011,358.29,233.32,250.39
2/15/2011,354.53,230.87,247.76
2/16/2011,358.82,233.65,250.71
2/17/2011,361.89,235.65,252.85
2/18/2011,358.18,233.24,250.27
2/22/2011,346.85,225.86,242.35
2/23/2011,344.58,224.37,240.73
2/24/2011,342.61,223.08,239.35
2/25/2011,347.44,226.23,242.71
2/28/2011,351.06,228.58,245.23
3/1/2011,343,223.33,239.6
3/2/2011,343.81,223.86,240.16
3/3/2011,350.67,228.3,244.87
3/4/2011,348.18,226.67,243.1
3/7/2011,342.09,222.71,238.85
3/8/2011,345.5,224.93,241.23
3/9/2011,340.38,221.59,237.64
3/10/2011,332.86,216.7,232.4
3/11/2011,337.5,219.7,235.57
3/14/2011,336.73,219.2,235.03
3/15/2011,336.24,218.88,234.68
3/16/2011,329.66,214.59,230.09
3/17/2011,335.37,218.31,234.07
3/18/2011,337.17,219.48,235.33
3/21/2011,343.03,223.29,239.41
3/22/2011,342.32,222.83,238.92
3/23/2011,347.15,225.98,242.29
3/24/2011,348.66,226.96,243.34
3/25/2011,350.49,228.15,244.62
3/28/2011,348.82,227.07,243.46
3/29/2011,352.54,229.44,245.88
3/30/2011,356.16,231.77,248.34
3/31/2011,357.63,232.73,249.36
4/1/2011,358.84,233.52,250.2
4/4/2011,361.33,235.14,251.94
4/5/2011,365.39,237.78,254.77
4/6/2011,362.54,235.9,252.7
4/7/2011,361.87,235.47,252.23
4/8/2011,359.62,234,250.66
4/11/2011,355.2,231.12,247.58
4/12/2011,350.42,228.01,244.25
4/13/2011,348.43,226.68,242.73
4/14/2011,349.45,227.35,243.45
4/15/2011,351.7,228.81,245.01
4/18/2011,347.26,225.92,241.92
4/19/2011,353.38,229.91,246.18
4/20/2011,357.69,232.71,249.19
4/21/2011,361.57,235.23,251.89
4/25/2011,359.17,233.67,250.21
4/26/2011,362.92,236.11,252.82
4/27/2011,363.54,236.51,253.25
4/28/2011,364.53,237.15,253.91
4/29/2011,365.35,237.68,254.48
5/2/2011,363.05,236.19,252.88
5/3/2011,359.49,233.87,250.4
5/4/2011,353.39,229.9,246.16
5/5/2011,349,227.05,243.1
5/6/2011,351.64,228.75,244.88
5/9/2011,357.07,232.28,248.66
5/10/2011,359.56,233.9,250.4
5/11/2011,350.04,227.65,243.55
5/12/2011,350.18,227.73,243.63
5/13/2011,345.52,224.68,240.32
5/16/2011,344.25,223.86,239.43
5/17/2011,340.54,221.44,236.84
5/18/2011,347.72,226.1,241.82
5/19/2011,347.9,226.22,241.94
5/20/2011,344.46,223.99,239.55
5/23/2011,341.06,221.77,237.19
5/24/2011,342.67,222.82,238.3
5/25/2011,347.47,225.94,241.62
5/26/2011,348.04,226.31,242.01
5/27/2011,351.65,228.64,244.5
5/31/2011,355.31,231.03,247.05
6/1/2011,344.46,223.97,239.49
6/2/2011,344.9,224.26,239.8
6/3/2011,340.54,221.4,236.68
6/6/2011,337.34,219.32,234.46
6/7/2011,338.42,220.02,235.21
6/8/2011,335.19,217.92,232.96
6/9/2011,340.49,221.36,236.65
6/10/2011,336.24,218.6,233.69
6/13/2011,334.42,217.41,232.4
6/14/2011,340.81,221.55,236.78
6/15/2011,333,216.47,231.35
6/16/2011,329.87,214.43,229.18
6/17/2011,329.78,214.37,229.1
6/20/2011,332.45,216.1,230.93
6/21/2011,341.05,221.69,236.91
6/22/2011,339.76,220.85,236.02
6/23/2011,339.5,220.68,235.83
6/24/2011,337.55,219.42,234.48
6/27/2011,338.04,219.74,234.82
6/28/2011,344.4,223.81,239.01
6/29/2011,349.8,227.3,242.69
6/30/2011,354.49,230.34,245.93
7/1/2011,357.71,232.43,248.17
7/5/2011,358.11,232.69,248.45
7/6/2011,359.53,233.6,249.35
7/7/2011,364.87,237.06,253.05
7/8/2011,362.4,235.46,251.34
7/11/2011,354.96,230.63,246.18
7/12/2011,353.76,229.84,245.35
7/13/2011,356.88,231.83,247.38
7/14/2011,353.64,229.73,245.14
7/15/2011,357.04,231.93,247.49
7/18/2011,352.84,229.21,244.58
7/19/2011,357.77,232.41,248
7/20/2011,357.69,232.36,247.94
7/21/2011,361.84,235.06,250.82
7/22/2011,360.27,234.04,249.73
7/25/2011,359.38,233.46,249.11
7/26/2011,355.62,231.01,246.51
7/27/2011,347.43,225.69,240.83
7/28/2011,346.73,225.23,240.32
7/29/2011,342.79,222.67,237.59
8/1/2011,341.61,221.91,236.77
8/2/2011,331.6,215.4,229.83
8/3/2011,333.05,216.34,230.82
8/4/2011,310.94,201.98,215.5
8/5/2011,310.23,201.52,215.01
8/8/2011,287.72,186.88,199.35
8/9/2011,304.73,197.93,211.13
8/10/2011,294.69,191.41,204.18
8/11/2011,309.55,200.97,214.16
8/12/2011,311.49,202.23,215.5
8/15/2011,316.29,205.34,218.8
8/16/2011,311.6,202.3,215.56
8/17/2011,312.4,202.81,216.1
8/18/2011,294.28,191.05,203.56
8/19/2011,290.05,188.3,200.64
8/22/2011,289.96,188.25,200.58
8/23/2011,299.89,194.69,207.45
8/24/2011,303.92,197.3,210.21
8/25/2011,300.96,195.38,208.16
8/26/2011,307.26,199.47,212.52
8/29/2011,316.41,205.41,218.85
8/30/2011,319.08,207.14,220.68
8/31/2011,319.92,207.68,221.25
9/1/2011,315.74,204.96,218.36
9/2/2011,308.29,200.11,213.12
9/6/2011,306.36,198.83,211.71
9/7/2011,314.55,204.15,217.36
9/8/2011,310.81,201.72,214.78
9/9/2011,300.94,195.31,207.95
9/12/2011,298.6,193.79,206.34
9/13/2011,303.42,196.91,209.63
9/14/2011,308.21,200.02,212.95
9/15/2011,313.36,203.36,216.5
9/16/2011,314.53,204.11,217.28
9/19/2011,310.04,201.2,214.17
9/20/2011,306.91,199.16,212
9/21/2011,293.09,190.2,202.46
9/22/2011,276.98,179.74,191.33
9/23/2011,276.02,179.12,190.66
9/26/2011,284.56,184.66,196.57
9/27/2011,290.39,188.45,200.59
9/28/2011,277.67,180.13,191.58
9/29/2011,277.83,180.21,191.62
9/30/2011,267.57,173.56,184.55
10/3/2011,260.66,169.08,179.78
10/4/2011,270.18,175.25,186.35
10/5/2011,281.6,182.63,194.14
10/6/2011,288.72,187.25,199.04
10/7/2011,284.3,184.39,196
10/10/2011,296.14,192.06,204.16
10/11/2011,296.64,192.38,204.5
10/12/2011,299.72,194.35,206.5
10/13/2011,298.16,193.33,205.43
10/14/2011,305.76,198.27,210.67
10/17/2011,296.29,192.12,204.14
10/18/2011,303.49,196.79,209.1
10/19/2011,294.44,190.93,202.87
10/20/2011,297.23,192.73,204.79
10/21/2011,304.81,197.65,210.01
10/24/2011,311.92,202.26,214.91
10/25/2011,304.08,197.18,209.51
10/26/2011,309.97,200.99,213.56
10/27/2011,326.46,211.68,224.92
10/28/2011,328.78,213.19,226.53
10/31/2011,315,204.25,217.03
11/1/2011,306.93,199.02,211.47
11/2/2011,313.78,203.46,216.16
11/3/2011,320.25,207.65,220.62
11/4/2011,319.84,207.39,220.34
11/7/2011,322.25,208.95,222
11/8/2011,325.91,211.31,224.47
11/9/2011,310.47,201.29,213.82
11/10/2011,313.69,203.32,215.82
11/11/2011,321.09,208.12,220.91
11/14/2011,318.33,206.31,218.95
11/15/2011,318.64,206.51,219.16
11/16/2011,311.18,201.66,213.99
11/17/2011,302.13,195.8,207.77
11/18/2011,303.38,196.61,208.63
11/21/2011,298.41,193.39,205.21
11/22/2011,296.22,191.97,203.68
11/23/2011,288.01,186.64,198.03
11/25/2011,286.79,185.85,197.2
11/28/2011,297.21,192.6,204.36
11/29/2011,297.79,192.97,204.74
11/30/2011,315.4,204.38,216.84
12/1/2011,313.46,203.13,215.51
12/2/2011,311.14,201.62,213.91
12/5/2011,314.34,203.67,216.03
12/6/2011,316.84,205.27,217.66
12/7/2011,317.07,205.42,217.81
12/8/2011,307.54,199.24,211.27
12/9/2011,311.04,201.51,213.67
12/12/2011,304.17,197.06,208.95
12/13/2011,299.01,193.71,205.38
12/14/2011,295.49,191.43,202.96
12/15/2011,297.37,192.65,204.25
12/16/2011,299.51,194.02,205.68
12/19/2011,293.85,190.35,201.79
12/20/2011,305.37,197.82,209.7
12/21/2011,306.3,198.42,210.34
12/22/2011,309.11,200.24,212.27
12/23/2011,312.1,202.17,214.31
12/27/2011,312.07,202.15,214.29
12/28/2011,305.39,197.76,209.48
12/29/2011,308.85,199.98,211.78
12/30/2011,308.74,199.91,211.71
1/3/2012,317.83,205.8,217.95
1/4/2012,319.87,207.09,219.26
1/5/2012,320.94,207.79,219.99
1/6/2012,320.68,207.62,219.81
1/9/2012,321.41,208.09,220.31
1/10/2012,327.12,211.79,224.23
1/11/2012,330.61,214.01,226.49
1/12/2012,335.58,217.23,229.9
1/13/2012,333.47,215.87,228.45
1/17/2012,335.3,217.05,229.71
1/18/2012,339.1,219.51,232.31
1/19/2012,339.08,219.5,232.3
1/20/2012,338.06,218.84,231.6
1/23/2012,337.87,218.71,231.47
1/24/2012,337.97,218.78,231.54
1/25/2012,343.36,222.27,235.23
1/26/2012,342.76,221.88,234.82
1/27/2012,343.12,222.11,235.07
1/30/2012,343.07,222.08,235.03
1/31/2012,343.25,222.19,235.12
2/1/2012,346.86,224.52,237.58
2/2/2012,345.21,223.45,236.45
2/3/2012,349.95,226.52,239.7
2/6/2012,348.3,225.45,238.56
2/7/2012,347.31,224.81,237.89
2/8/2012,348.01,225.26,238.36
2/9/2012,348.48,225.57,238.69
2/10/2012,342.4,221.62,234.5
2/13/2012,343.51,222.26,234.97
2/14/2012,339.22,219.48,232.03
2/15/2012,339.29,219.52,232.03
2/16/2012,344.98,223.2,235.93
2/17/2012,345.57,223.58,236.33
2/21/2012,347.49,224.82,237.64
2/22/2012,346.55,224.21,237
2/23/2012,347.02,224.51,237.31
2/24/2012,346.99,224.5,237.29
2/27/2012,347.34,224.72,237.52
2/28/2012,348.04,225.17,237.98
2/29/2012,342,221.26,233.84
3/1/2012,345.76,223.69,236.41
3/2/2012,344.66,222.97,235.62
3/5/2012,339.26,219.45,231.85
3/6/2012,331.96,214.73,226.85
3/7/2012,333.16,215.5,227.67
3/8/2012,338.63,219.04,231.41
3/9/2012,338.79,219.14,231.52
3/12/2012,336.78,217.84,230.14
3/13/2012,342.66,221.61,234.03
3/14/2012,341.09,220.59,232.96
3/15/2012,343.67,222.26,234.72
3/16/2012,344.83,223.01,235.51
3/19/2012,346.53,224.11,236.66
3/20/2012,344.6,222.86,235.34
3/21/2012,344.53,222.81,235.29
3/22/2012,339.2,219.37,231.65
3/23/2012,342.51,221.51,233.91
3/26/2012,347.23,224.56,237.14
3/27/2012,346.52,224.1,236.65
3/28/2012,341.58,220.84,233.05
3/29/2012,341.86,221.01,233.18
3/30/2012,343.28,221.92,234.14
4/2/2012,348.02,224.99,237.38
4/3/2012,345.14,223.1,235.32
4/4/2012,340.35,220.01,232.06
4/5/2012,338.45,218.78,230.77
4/9/2012,333.29,215.44,227.25
4/10/2012,326.33,210.94,222.5
4/11/2012,329.64,213.03,224.6
4/12/2012,338.83,218.98,230.86
4/13/2012,335.08,216.55,228.31
4/16/2012,336.22,217.29,229.09
4/17/2012,341.33,220.59,232.56
4/18/2012,340.15,219.83,231.76
4/19/2012,339.1,219.15,231.05
4/20/2012,339.35,219.31,231.22
4/23/2012,334.61,216.25,227.98
4/24/2012,334.51,216.18,227.92
4/25/2012,342.17,221.12,233.09
4/26/2012,341.51,220.69,232.64
4/27/2012,342.74,221.49,233.48
4/30/2012,340.21,219.85,231.75
5/1/2012,342.06,221.05,233
5/2/2012,340.06,219.75,231.63
5/3/2012,336.31,217.33,229.08
5/4/2012,330.79,213.76,225.32
5/7/2012,330.86,213.8,225.34
5/8/2012,329.23,212.73,224.18
5/9/2012,326.61,211.04,222.4
5/10/2012,325.67,210.42,221.74
5/11/2012,324.74,209.76,220.88
5/14/2012,320.15,206.79,217.75
5/15/2012,315.26,203.63,214.42
5/16/2012,311.61,201.27,211.92
5/17/2012,305.11,197.07,207.5
5/18/2012,303.47,196.01,206.38
5/21/2012,312.63,201.93,212.61
5/22/2012,310.73,200.69,211.26
5/23/2012,314.12,202.87,213.56
5/24/2012,316.71,204.55,215.32
5/25/2012,315.29,203.63,214.35
5/29/2012,320.66,207.1,218
5/30/2012,315.2,203.56,214.26
5/31/2012,313.69,202.59,213.23
6/1/2012,307.41,198.53,208.96
6/4/2012,307.79,198.78,209.22
6/5/2012,310.25,200.34,210.8
6/6/2012,318.09,205.4,216.13
6/7/2012,318.7,205.79,216.54
6/8/2012,321.17,207.36,218.12
6/11/2012,315.3,203.57,214.14
6/12/2012,321.01,207.26,218.01
6/13/2012,316.27,204.19,214.76
6/14/2012,318.59,205.68,216.34
6/15/2012,322.71,208.34,219.11
6/18/2012,324.18,209.29,220.11
6/19/2012,330.51,213.37,224.4
6/20/2012,328.91,212.34,223.31
6/21/2012,318.11,205.37,215.98
6/22/2012,319.45,206.23,216.88
6/25/2012,315.63,203.76,214.29
6/26/2012,316.02,204.01,214.55
6/27/2012,319.26,206.03,216.48
6/28/2012,319.57,206.21,216.62
6/29/2012,328.9,212.23,222.94
7/2/2012,327.5,211.33,221.99
7/3/2012,332.11,214.28,225.03
7/5/2012,331.61,213.95,224.69
7/6/2012,327.74,211.46,222.07
7/9/2012,325.42,209.96,220.5
7/10/2012,320.71,206.92,217.3
7/11/2012,319.96,206.39,216.64
7/12/2012,318.17,205.24,215.43
7/13/2012,323.77,208.85,219.22
7/16/2012,322.57,208.07,218.41
7/17/2012,326.54,210.63,221.09
7/18/2012,328.38,211.82,222.34
7/19/2012,332.2,214.29,224.93
7/20/2012,329.75,212.7,223.27
7/23/2012,324.8,209.51,219.92
7/24/2012,319.89,206.35,216.6
7/25/2012,319.72,206.24,216.48
7/26/2012,321.63,207.47,217.77
7/27/2012,327.02,210.94,221.42
7/30/2012,327,210.92,221.38
7/31/2012,324.96,209.6,219.97
8/1/2012,324.88,209.54,219.89
8/2/2012,320.92,206.99,217.21
8/3/2012,326.93,210.87,221.28
8/6/2012,330.44,213.13,223.66
8/7/2012,333.96,215.4,226.04
8/8/2012,334.62,215.81,226.43
8/9/2012,336.3,216.89,227.57
8/10/2012,336.27,216.87,227.54
8/13/2012,334.21,215.45,225.82
8/14/2012,332.49,214.34,224.66
8/15/2012,333.46,214.95,225.28
8/16/2012,338.15,217.98,228.45
8/17/2012,337.73,217.71,228.16
8/20/2012,337.4,217.5,227.95
8/21/2012,337.34,217.46,227.9
8/22/2012,340.62,219.57,230.12
8/23/2012,334.94,215.91,226.28
8/24/2012,334.45,215.6,225.95
8/27/2012,332.32,214.22,224.51
8/28/2012,331.5,213.69,223.96
8/29/2012,332.74,214.48,224.77
8/30/2012,329.42,212.34,222.52
8/31/2012,332.94,214.61,224.9
9/4/2012,328.18,211.52,221.59
9/5/2012,329.71,212.48,222.54
9/6/2012,338.25,217.98,228.3
9/7/2012,344.93,222.29,232.81
9/10/2012,344.15,221.78,232.28
9/11/2012,345.39,222.58,233.12
9/12/2012,344.86,222.23,232.73
9/13/2012,353.7,227.93,238.69
9/14/2012,358.03,230.71,241.58
9/17/2012,352.77,227.31,238.01
9/18/2012,351.79,226.68,237.35
9/19/2012,353.8,227.98,238.7
9/20/2012,353.27,227.64,238.35
9/21/2012,351.92,226.77,237.44
9/24/2012,350.33,225.74,236.36
9/25/2012,344.99,222.3,232.76
9/26/2012,343.47,221.25,231.47
9/27/2012,347.71,223.95,234.26
9/28/2012,345.67,222.64,232.88
10/1/2012,346.75,223.34,233.61
10/2/2012,344.85,222.12,232.33
10/3/2012,343.37,221.13,231.23
10/4/2012,347.66,223.89,234.12
10/5/2012,349.24,224.91,235.18
10/8/2012,348.81,224.64,234.9
10/9/2012,345.16,222.28,232.43
10/10/2012,341.71,220.06,230.12
10/11/2012,343.01,220.86,230.84
10/12/2012,341.39,219.81,229.74
10/15/2012,344.3,221.69,231.7
10/16/2012,352.47,226.95,237.2
10/17/2012,355.48,228.88,239.23
10/18/2012,355.7,229.02,239.37
10/19/2012,348.58,224.44,234.58
10/22/2012,349.84,225.25,235.43
10/23/2012,339.28,218.46,228.33
10/24/2012,339.14,218.36,228.23
10/25/2012,338.2,217.76,227.6
10/26/2012,338.82,218.16,228.02
10/31/2012,338.34,217.84,227.64
11/1/2012,344.96,222.1,232.1
11/2/2012,338.16,217.72,227.52
11/5/2012,340.67,219.33,229.21
11/6/2012,344.27,221.65,231.63
11/7/2012,338.97,218.22,228.02
11/8/2012,334.26,215.2,224.85
11/9/2012,333.74,214.86,224.49
11/12/2012,333.47,214.68,224.31
11/13/2012,332.68,214.09,223.5
11/14/2012,327.08,210.48,219.7
11/15/2012,325.81,209.64,218.78
11/16/2012,326.72,210.23,219.39
11/19/2012,336.08,216.25,225.68
11/20/2012,336.35,216.4,225.79
11/21/2012,336.63,216.59,225.98
11/23/2012,341.45,219.69,229.21
11/26/2012,341.35,219.62,229.14
11/27/2012,340.06,218.79,228.28
11/28/2012,341.52,219.73,229.24
11/29/2012,343.59,221.05,230.62
11/30/2012,344.09,221.38,230.95
12/3/2012,337.78,217.31,226.72
12/4/2012,338.12,217.51,226.85
12/5/2012,334.16,214.94,224.11
12/6/2012,335,215.48,224.67
12/7/2012,337.77,217.26,226.53
12/10/2012,340.03,218.71,228.05
12/11/2012,342.55,220.33,229.74
12/12/2012,341.81,219.85,229.22
12/13/2012,340.37,218.92,228.23
12/14/2012,343.43,220.87,230.25
12/17/2012,346.75,223.01,232.47
12/18/2012,351.01,225.75,235.33
12/19/2012,349.15,224.55,234.07
12/20/2012,352.74,226.8,236.28
12/21/2012,349.87,224.96,234.35
12/24/2012,351.52,226.02,235.46
12/26/2012,353.7,227.42,236.92
12/27/2012,352.35,226.53,235.95
12/28/2012,347.95,223.68,232.93
12/31/2012,354.96,228.19,237.62
1/2/2013,363.46,233.62,243.21
1/3/2013,360.99,232.03,241.55
1/4/2013,365.22,234.76,244.39
1/7/2013,364.49,234.28,243.9
1/8/2013,365.14,234.71,244.34
1/9/2013,367.46,236.19,245.89
1/10/2013,368.94,237.15,246.88
1/11/2013,368.49,236.81,246.42
1/14/2013,368.81,237.02,246.64
1/15/2013,368.98,237.13,246.75
1/16/2013,366.82,235.74,245.31
1/17/2013,369.49,237.45,247.09
1/18/2013,371.54,238.77,248.46
1/22/2013,374.89,240.92,250.7
1/23/2013,373.25,239.87,249.6
1/24/2013,374.14,240.45,250.2
1/25/2013,375.55,241.35,251.14
1/28/2013,371.84,238.97,248.66
1/29/2013,374,240.36,250.11
1/30/2013,371.93,239.02,248.72
1/31/2013,368.68,236.94,246.55
2/1/2013,373.12,239.79,249.52
2/4/2013,369.38,237.38,247.02
2/5/2013,371.44,238.69,248.34
2/6/2013,372.06,239.09,248.74
2/7/2013,369.86,237.67,247.26
2/8/2013,372.14,239.13,248.78
2/11/2013,371.34,238.62,248.25
2/12/2013,371.94,239.01,248.65
2/13/2013,373.32,239.81,249.3
2/14/2013,371.84,238.85,248.28
2/15/2013,371.54,238.66,248.08
2/19/2013,369.96,237.65,247.03
2/20/2013,359.56,230.95,240.03
2/21/2013,356.36,228.86,237.79
2/22/2013,360.8,231.72,240.76
2/25/2013,352.71,226.52,235.36
2/26/2013,356.56,228.99,237.92
2/27/2013,362.59,232.86,241.91
2/28/2013,363.13,233.2,242.27
3/1/2013,363.51,233.44,242.5
3/4/2013,363.87,233.67,242.74
3/5/2013,366.29,235.2,244.26
3/6/2013,369.53,237.28,246.42
3/7/2013,370.52,237.92,247.08
3/8/2013,373.65,239.93,249.17
3/11/2013,375.33,240.97,250.17
3/12/2013,375.76,241.24,250.44
3/13/2013,374.92,240.69,249.86
3/14/2013,377.34,242.25,251.47
3/15/2013,377.61,242.42,251.65
3/18/2013,374.88,240.67,249.83
3/19/2013,373.42,239.73,248.84
3/20/2013,376.09,241.44,250.62
3/21/2013,369.99,237.52,246.55
3/22/2013,370.26,237.7,246.73
3/25/2013,367.52,235.94,244.91
3/26/2013,370.03,237.47,246.31
3/27/2013,370.05,237.46,246.25
3/28/2013,371.96,238.69,247.52
4/1/2013,368.38,236.39,245.14
4/2/2013,364.95,234.19,242.86
4/3/2013,361.72,232.09,240.6
4/4/2013,364.65,233.97,242.55
4/5/2013,363.14,233,241.55
4/8/2013,364.44,233.83,242.41
4/9/2013,368.47,236.42,245.1
4/10/2013,371.03,238.06,246.8
4/11/2013,372.59,239.02,247.68
4/12/2013,367.2,235.56,244.1
4/15/2013,353.02,226.47,234.68
4/16/2013,359.57,230.67,239.02
4/17/2013,354.35,227.32,235.56
4/18/2013,353.39,226.71,234.92
4/19/2013,357.5,229.34,237.65
4/22/2013,360.97,231.56,239.96
4/23/2013,364.06,233.55,242.01
4/24/2013,369.64,237.13,245.72
4/25/2013,373.5,239.61,248.29
4/26/2013,368.35,236.3,244.86
4/29/2013,373.91,239.87,248.56
4/30/2013,374.46,240.2,248.87
5/1/2013,367.9,235.99,244.51
5/2/2013,370.44,237.62,246.2
5/3/2013,377.16,241.93,250.66
5/6/2013,378.07,242.52,251.27
5/7/2013,381.45,244.68,253.51
5/8/2013,384.9,246.89,255.76
5/9/2013,384.33,246.52,255.36
5/10/2013,384.21,246.44,255.28
5/13/2013,381.43,244.59,253.22
5/14/2013,385.87,247.44,256.16
5/15/2013,388.06,248.83,257.57
5/16/2013,386.16,247.61,256.31
5/17/2013,390.83,250.6,259.4
5/20/2013,390.97,250.69,259.48
5/21/2013,390.2,250.2,258.97
5/22/2013,385.36,247.07,255.68
5/23/2013,385,246.84,255.45
5/24/2013,383.93,246.16,254.74
5/28/2013,387.31,248.32,256.98
5/29/2013,386.33,247.69,256.32
5/30/2013,387.35,248.31,256.89
5/31/2013,381.5,244.56,253.01
6/3/2013,383.68,245.96,254.45
6/4/2013,382.99,245.51,253.99
6/5/2013,375.04,240.39,248.62
6/6/2013,377.25,241.81,250.08
6/7/2013,380.46,243.86,252.21
6/10/2013,382.37,245.06,253.38
6/11/2013,377.07,241.66,249.87
6/12/2013,375.18,240.44,248.58
6/13/2013,381.75,244.65,252.94
6/14/2013,379.35,243.1,251.31
6/17/2013,382.19,244.92,253.19
6/18/2013,384.02,246.1,254.41
6/19/2013,381.12,244.24,252.48
6/20/2013,371.07,237.8,245.82
6/21/2013,370.07,237.16,245.17
6/24/2013,363.86,233.18,241.05
6/25/2013,366.34,234.76,242.68
6/26/2013,367.63,235.51,243.26
6/27/2013,367.34,235.3,243
6/28/2013,365.25,233.96,241.61
7/1/2013,368.03,235.74,243.45
7/2/2013,366.94,235.02,242.63
7/3/2013,366.75,234.89,242.5
7/5/2013,369.26,236.5,244.16
7/8/2013,371.33,237.83,245.53
7/9/2013,377.19,241.59,249.41
7/10/2013,376.85,241.37,249.18
7/11/2013,383.24,245.41,253.24
7/12/2013,382.03,244.63,252.44
7/15/2013,382.77,245.11,252.93
7/16/2013,379.71,243.15,250.91
7/17/2013,383.47,245.56,253.39
7/18/2013,383.54,245.6,253.43
7/19/2013,385.41,246.8,254.67
7/22/2013,386.59,247.55,255.45
7/23/2013,387.63,248.22,256.14
7/24/2013,384.04,245.92,253.77
7/25/2013,387.64,248.23,256.15
7/26/2013,386.22,247.32,255.21
7/29/2013,388.2,248.58,256.51
7/30/2013,387.29,247.98,255.85
7/31/2013,385.87,247.07,254.92
8/1/2013,389.14,249.17,257.08
8/2/2013,391.27,250.54,258.49
8/5/2013,390.28,249.9,257.83
8/6/2013,386.54,247.5,255.36
8/7/2013,386.57,247.52,255.37
8/8/2013,392.53,251.33,259.26
8/9/2013,394.78,252.76,260.74
8/12/2013,394.02,252.27,260.23
8/13/2013,395.4,253.07,260.86
8/14/2013,394.79,252.68,260.42
8/15/2013,391.78,250.75,258.43
8/16/2013,388.78,248.82,256.44
8/19/2013,385.54,246.75,254.3
8/20/2013,387.81,248.2,255.79
8/21/2013,385.07,246.44,253.98
8/22/2013,389.52,249.29,256.92
8/23/2013,392.86,251.43,259.12
8/26/2013,392.84,251.42,259.11
8/27/2013,385.75,246.88,254.43
8/28/2013,384.99,246.39,253.92
8/29/2013,386.27,247.21,254.75
8/30/2013,385.8,246.9,254.43
9/3/2013,388.07,248.34,255.86
9/4/2013,391.69,250.63,258.15
9/5/2013,392.67,251.25,258.79
9/6/2013,391.85,250.73,258.25
9/9/2013,397.79,254.53,262.17
9/10/2013,401.3,256.77,264.48
9/11/2013,403.82,258.37,266.1
9/12/2013,399.71,255.74,263.39
9/13/2013,402.48,257.5,265.18
9/16/2013,406.72,260.22,267.98
9/17/2013,405.72,259.58,267.32
9/18/2013,415.05,265.55,273.47
9/19/2013,413.62,264.61,272.43
9/20/2013,408.3,261.21,268.93
9/23/2013,405.8,259.6,267.28
9/24/2013,405.53,259.42,267.08
9/25/2013,406.53,260.05,267.68
9/26/2013,409.26,261.73,269.28
9/27/2013,404.49,258.66,266.06
9/30/2013,402.88,257.63,265.01
10/1/2013,404.75,258.83,266.23
10/2/2013,405.86,259.51,266.85
10/3/2013,402.32,257.24,264.52
10/4/2013,408.05,260.91,268.29
10/7/2013,403.33,257.89,265.19
10/8/2013,396.66,253.62,260.8
10/9/2013,397.43,254.12,261.31
10/10/2013,405.9,259.48,266.71
10/11/2013,408.13,260.91,268.17
10/14/2013,409.42,261.73,269.02
10/15/2013,407.05,260.22,267.47
10/16/2013,411.28,262.92,270.24
10/17/2013,416.56,266.3,273.71
10/18/2013,417.92,267.17,274.61
10/21/2013,417.87,267.13,274.58
10/22/2013,423.82,270.94,278.49
10/23/2013,421.09,269.19,276.69
10/24/2013,423.24,270.57,278.11
10/25/2013,424.27,271.22,278.78
10/28/2013,421.95,269.74,277.26
10/29/2013,423.19,270.54,278.07
10/30/2013,420.7,268.95,276.44
10/31/2013,419.88,268.42,275.9
11/1/2013,418.9,267.79,275.25
11/4/2013,420.68,268.93,276.42
11/5/2013,418.97,267.84,275.3
11/6/2013,421.71,269.57,277.04
11/7/2013,416.23,266.07,273.44
11/8/2013,423.9,270.97,278.47
11/11/2013,423.71,270.85,278.35
11/12/2013,422.46,270.05,277.53
11/13/2013,424.8,271.45,278.73
11/14/2013,428.31,273.69,281.03
11/15/2013,431.03,275.42,282.8
11/18/2013,428.1,273.55,280.88
11/19/2013,427.03,272.87,280.18
11/20/2013,423.6,270.67,277.9
11/21/2013,427.14,272.89,280.08
11/22/2013,429.42,274.35,281.57
11/25/2013,426.43,272.44,279.61
11/26/2013,425.56,271.88,279.03
11/27/2013,425.95,272.12,279.28
11/29/2013,425.34,271.73,278.88
12/2/2013,424.51,271.2,278.32
12/3/2013,419.45,267.94,274.91
12/4/2013,421.58,269.27,276.2
12/5/2013,418.87,267.54,274.43
12/6/2013,424.88,271.38,278.36
12/9/2013,426.96,272.71,279.73
12/10/2013,428.14,273.45,280.48
12/11/2013,420.88,268.82,275.73
12/12/2013,420.2,268.38,275.26
12/13/2013,422.05,269.55,276.43
12/16/2013,423.9,270.73,277.64
12/17/2013,426.09,272.13,279.08
12/18/2013,431.72,275.72,282.75
12/19/2013,432.8,276.41,283.46
12/20/2013,433.87,277.09,284.16
12/23/2013,435.77,278.31,285.41
12/24/2013,440.5,281.32,288.49
12/26/2013,442.99,282.91,290.12
12/27/2013,444.42,283.75,290.79
12/30/2013,444.69,283.9,290.89
12/31/2013,445.83,284.63,291.64
1/2/2014,442.65,282.6,289.56
1/3/2014,441.84,282.08,289.03
1/6/2014,439.19,280.39,287.3
1/7/2014,438.5,279.94,286.84
1/8/2014,441.09,281.56,288.42
1/9/2014,439.26,280.4,287.22
1/10/2014,440.83,281.4,288.25
1/13/2014,434.84,277.53,284.17
1/14/2014,440.92,281.41,288.15
1/15/2014,443.78,283.23,290.01
1/16/2014,444.4,283.63,290.42
1/17/2014,443.45,283.02,289.8
1/21/2014,445.93,284.61,291.42
1/22/2014,441.85,282,288.75
1/23/2014,435.34,277.85,284.5
1/24/2014,423.47,270.27,276.74
1/27/2014,421.91,269.28,275.72
1/28/2014,424.18,270.72,277.2
1/29/2014,426.12,271.97,278.48
1/30/2014,428.02,273.18,279.72
1/31/2014,425.46,271.54,278.04
2/3/2014,415.28,265.05,271.39
2/4/2014,418.89,267.34,273.72
2/5/2014,419.56,267.77,274.15
2/6/2014,425.94,271.84,278.32
2/7/2014,431.82,275.59,282.16
2/10/2014,433.75,276.82,283.41
2/11/2014,439,280.17,286.84
2/12/2014,438.13,279.52,285.96
2/13/2014,442.34,282.2,288.69
2/14/2014,445.4,284.16,290.69
2/18/2014,445.88,284.46,291
2/19/2014,442.71,282.43,288.88
2/20/2014,447.28,285.34,291.86
2/21/2014,446.78,285.02,291.53
2/24/2014,444.5,283.57,290.05
2/25/2014,446.22,284.66,291.16
2/26/2014,449.52,286.76,293.3
2/27/2014,452.81,288.81,295.29
2/28/2014,454.88,290.13,296.64
3/3/2014,453.92,289.51,295.99
3/4/2014,461.06,294.06,300.61
3/5/2014,462.1,294.69,301.18
3/6/2014,463.75,295.74,302.26
3/7/2014,461.72,294.43,300.89
3/10/2014,461.19,294.1,300.54
3/11/2014,456.71,291.23,297.58
3/12/2014,456.46,291.06,297.37
3/13/2014,452.69,288.65,294.92
3/14/2014,453.27,289.02,295.3
3/17/2014,456.85,291.3,297.63
3/18/2014,459.41,292.93,299.29
3/19/2014,455.35,290.35,296.65
3/20/2014,457.49,291.71,298.05
3/21/2014,459.66,293.1,299.46
3/24/2014,455.97,290.74,297.05
3/25/2014,458.26,292.2,298.53
3/26/2014,451.89,288.14,294.38
3/27/2014,450.7,287.29,293.31
3/28/2014,453.77,289.22,295.22
3/31/2014,458.58,292.29,298.35
4/1/2014,461.62,294.23,300.33
4/2/2014,464.72,296.17,302.23
4/3/2014,465.17,296.46,302.52
4/4/2014,459.11,292.59,298.58
4/7/2014,452.56,288.42,294.32
4/8/2014,454.31,289.53,295.46
4/9/2014,461.22,293.94,299.95
4/10/2014,451.92,288.01,293.9
4/11/2014,446.82,284.71,290.42
4/14/2014,450.16,286.84,292.6
4/15/2014,452.68,288.45,294.23
4/16/2014,459.42,292.74,298.61
4/17/2014,460.78,293.61,299.5
4/21/2014,461.19,293.87,299.77
4/22/2014,462.59,294.76,300.68
4/23/2014,462.81,294.9,300.82
4/24/2014,460.72,293.52,299.31
4/25/2014,457.59,291.53,297.27
4/28/2014,455.44,290.16,295.87
4/29/2014,458.79,292.3,298.05
4/30/2014,462.43,294.61,300.42
5/1/2014,459.5,292.75,298.51
5/2/2014,461.64,294.11,299.9
5/5/2014,463.76,295.46,301.28
5/6/2014,461.36,293.92,299.7
5/7/2014,465.27,296.42,302.24
5/8/2014,463.3,295.14,300.9
5/9/2014,463.27,295.12,300.87
5/12/2014,469.23,298.92,304.74
5/13/2014,469.48,299.02,304.69
5/14/2014,469.83,299.22,304.87
5/15/2014,462.93,294.83,300.38
5/16/2014,464.8,296.01,301.59
5/19/2014,466.74,297.25,302.85
5/20/2014,464.14,295.6,301.16
5/21/2014,466.48,297.06,302.6
5/22/2014,467.37,297.63,303.17
5/23/2014,471.35,300.16,305.76
5/27/2014,471.38,300.18,305.78
5/28/2014,471.61,300.33,305.91
5/29/2014,476.43,303.39,309.03
5/30/2014,476.27,303.29,308.93
6/2/2014,478.19,304.5,310.15
6/3/2014,477.09,303.79,309.39
6/4/2014,478.14,304.42,309.95
6/5/2014,480.08,305.66,311.21
6/6/2014,482.59,307.26,312.84
6/9/2014,481.34,306.47,312.03
6/10/2014,481.92,306.83,312.4
6/11/2014,479.18,305.07,310.58
6/12/2014,475.06,302.45,307.91
6/13/2014,476.85,303.58,309.03
6/16/2014,476.11,303.11,308.55
6/17/2014,476.87,303.59,309.04
6/18/2014,482.07,306.9,312.41
6/19/2014,481.02,306.24,311.74
6/20/2014,484.08,308.18,313.72
6/23/2014,484.64,308.54,314.08
6/24/2014,480.37,305.81,311.29
6/25/2014,484.16,308.23,313.75
6/26/2014,483.82,307.92,313.23
6/27/2014,482.1,306.8,312.03
6/30/2014,484.28,308.19,313.44
7/1/2014,485.26,308.78,313.96
7/2/2014,486.02,309.26,314.45
7/3/2014,489.27,311.33,316.56
7/7/2014,485.31,308.81,313.99
7/8/2014,483.88,307.9,313.07
7/9/2014,485.83,309.14,314.33
7/10/2014,483.65,307.76,312.92
7/11/2014,484.42,308.2,313.25
7/14/2014,484.45,308.22,313.27
7/15/2014,483.15,307.39,312.43
7/16/2014,486.61,309.59,314.67
7/17/2014,484.29,308.12,313.17
7/18/2014,487.47,310.13,315.22
7/21/2014,486.07,309.24,314.32
7/22/2014,486.83,309.73,314.82
7/23/2014,488.93,311.06,316.17
7/24/2014,488.08,310.52,315.62
7/25/2014,489.15,311.21,316.32
7/28/2014,490.38,311.99,317.11
7/29/2014,486.74,309.67,314.75
7/30/2014,484.36,308.15,313.2
7/31/2014,475.08,302.25,307.19
8/1/2014,475.31,302.4,307.35
8/4/2014,480.59,305.75,310.75
8/5/2014,476,302.83,307.79
8/6/2014,479.29,304.92,309.9
8/7/2014,475.12,302.25,307.15
8/8/2014,480.2,305.49,310.44
8/11/2014,479.86,305.27,310.22
8/12/2014,481.11,306.07,311.03
8/13/2014,483.6,307.56,312.32
8/14/2014,484.05,307.83,312.57
8/15/2014,485.11,308.5,313.24
8/18/2014,489.82,311.49,316.27
8/19/2014,491.52,312.57,317.37
8/20/2014,492.22,313.02,317.82
8/21/2014,491.39,312.45,317.13
8/22/2014,489.43,311.2,315.87
8/25/2014,491.25,312.36,317.04
8/26/2014,491.82,312.72,317.4
8/27/2014,491.88,312.75,317.43
8/28/2014,492.15,312.91,317.58
8/29/2014,492.96,313.43,318.09
9/2/2014,491.11,312.24,316.86
9/3/2014,492.01,312.81,317.42
9/4/2014,491.61,312.53,317.07
9/5/2014,494.01,314.05,318.62
9/8/2014,491.86,312.68,317.23
9/9/2014,487.86,310.14,314.64
9/10/2014,487.91,310.17,314.67
9/11/2014,487.41,309.84,314.3
9/12/2014,484.83,308.19,312.6
9/15/2014,485.65,308.71,313.13
9/16/2014,488.15,310.3,314.75
9/17/2014,490.92,312.06,316.53
9/18/2014,494.4,314.27,318.77
9/19/2014,494.04,314.04,318.54
9/22/2014,493.54,313.72,318.22
9/23/2014,490.79,311.97,316.43
9/24/2014,495.83,315.17,319.68
9/25/2014,488.61,310.58,315.02
9/26/2014,493.33,313.5,317.78
9/29/2014,491.04,312.02,316.23
9/30/2014,485.37,308.42,312.57
10/1/2014,474.22,301.34,305.4
10/2/2014,472.98,300.55,304.6
10/3/2014,474.44,301.48,305.54
10/6/2014,474.11,301.26,305.32
10/7/2014,465.83,296,299.99
10/8/2014,472.11,299.96,303.91
10/9/2014,460.11,292.33,296.18
10/10/2014,453.38,288.01,291.68
10/13/2014,441.52,280.47,284.05
10/14/2014,442.98,281.4,284.99
10/15/2014,445.88,283.24,286.86
10/16/2014,450.36,286.08,289.73
10/17/2014,456.46,289.96,293.66
10/20/2014,462.96,294.09,297.84
10/21/2014,473.25,300.63,304.46
10/22/2014,469.18,298.04,301.84
10/23/2014,469.28,298.11,301.91
10/24/2014,472.3,300.02,303.85
10/27/2014,462.58,293.85,297.6
10/28/2014,466.89,296.59,300.37
10/29/2014,461.04,292.87,296.6
10/30/2014,464.42,295.02,298.78
10/31/2014,473.13,300.55,304.39
11/3/2014,469.5,298.24,302.05
11/4/2014,464.64,295.16,298.92
11/5/2014,469.07,297.97,301.76
11/6/2014,473.01,300.46,304.24
11/7/2014,475.41,301.98,305.78
11/10/2014,476.64,302.76,306.58
11/11/2014,478.85,304.16,308
11/12/2014,480.2,304.94,308.58
11/13/2014,480.16,304.88,308.45
11/14/2014,481.68,305.85,309.43
11/17/2014,481.61,305.8,309.38
11/18/2014,487.01,309.23,312.85
11/19/2014,486.49,308.89,312.49
11/20/2014,489.09,310.5,314.01
11/21/2014,495.25,314.41,317.97
11/24/2014,492.81,312.86,316.4
11/25/2014,491.02,311.72,315.25
11/26/2014,491.78,312.19,315.69
11/28/2014,479.83,304.61,308.03
12/1/2014,474.99,301.53,304.9
12/2/2014,477.75,303.27,306.63
12/3/2014,484.82,307.73,311.05
12/4/2014,486.31,308.67,312.01
12/5/2014,485.78,308.33,311.67
12/8/2014,477.92,303.34,306.62
12/9/2014,479.13,304.11,307.4
12/10/2014,468.97,297.66,300.86
12/11/2014,469.35,297.89,301.08
12/12/2014,455.75,289.24,292.3
12/15/2014,453.28,287.67,290.71
12/16/2014,450.18,285.7,288.72
12/17/2014,462.65,293.62,296.72
12/18/2014,473.1,300.25,303.42
12/19/2014,478.55,303.71,306.92
12/22/2014,478.8,303.87,307.07
12/23/2014,482.59,306.27,309.51
12/24/2014,481.21,305.4,308.62
12/26/2014,482.85,306.43,309.65
12/29/2014,482.3,305.99,308.98
12/30/2014,481.46,305.44,308.37
12/31/2014,476.64,302.37,305.28
1/2/2015,477.49,302.91,305.82
1/5/2015,464.71,294.81,297.64
1/6/2015,461.47,292.75,295.56
1/7/2015,466.28,295.77,298.52
1/8/2015,477.35,302.79,305.6
1/9/2015,474.94,301.26,304.07
1/12/2015,473.49,300.34,303.13
1/13/2015,468.26,296.97,299.61
1/14/2015,462.69,293.44,296.05
1/15/2015,462.09,293.06,295.67
1/16/2015,469.72,297.9,300.55
1/20/2015,470.22,298.22,300.87
1/21/2015,474.85,301.15,303.83
1/22/2015,481.04,305.08,307.79
1/23/2015,473.35,300.2,302.87
1/26/2015,475.57,301.61,304.29
1/27/2015,472.02,299.35,302.02
1/28/2015,463.54,293.98,296.59
1/29/2015,469.76,297.92,300.58
1/30/2015,467.64,296.58,299.22
2/2/2015,472.05,299.38,302.04
2/3/2015,482.34,305.9,308.6
2/4/2015,479.38,304.01,306.69
2/5/2015,491.09,311.44,314.18
2/6/2015,489.57,310.47,313.21
2/9/2015,489.2,310.24,312.97
2/10/2015,492.8,312.52,315.28
2/11/2015,491.94,311.88,314.41
2/12/2015,500.62,317.37,319.92
2/13/2015,504.87,320.07,322.63
2/17/2015,505.39,320.4,322.97
2/18/2015,506.6,321.15,323.69
2/19/2015,507.96,322.01,324.56
2/20/2015,509.89,323.23,325.79
2/23/2015,509.07,322.72,325.27
2/24/2015,511.14,324.03,326.6
2/25/2015,509.81,323.18,325.72
2/26/2015,506.44,320.98,323.36
2/27/2015,505.26,320.23,322.61
3/2/2015,508.74,322.43,324.82
3/3/2015,505.67,320.47,322.81
3/4/2015,504.01,319.39,321.63
3/5/2015,502,318.11,320.35
3/6/2015,495.38,313.9,316.08
3/9/2015,495.93,314.25,316.42
3/10/2015,488.09,309.28,311.41
3/11/2015,487.8,309.09,311.2
3/12/2015,493.98,313,315.12
3/13/2015,489.11,309.91,312.01
3/16/2015,488.56,309.56,311.66
3/17/2015,482.93,305.99,308.07
3/18/2015,490.54,310.82,312.92
3/19/2015,481.97,305.39,307.46
3/20/2015,485.28,307.48,309.56
3/23/2015,484.91,307.25,309.33
3/24/2015,483.53,306.38,308.45
3/25/2015,478.15,302.96,304.99
3/26/2015,479.04,303.52,305.56
3/27/2015,479.18,303.52,305.34
3/30/2015,485.49,307.49,309.27
3/31/2015,481.35,304.83,306.51
4/1/2015,481.93,305.2,306.88
4/2/2015,482.48,305.55,307.23
4/6/2015,486.39,308.02,309.72
4/7/2015,485.81,307.66,309.35
4/8/2015,486.84,308.31,310.01
4/9/2015,488.47,309.34,311.04
4/10/2015,489.67,310.1,311.81
4/13/2015,487.76,308.88,310.56
4/14/2015,489.81,310.18,311.87
4/15/2015,494.87,313.38,315.09
4/16/2015,493.33,312.41,314.11
4/17/2015,489.2,309.79,311.48
4/20/2015,492.62,311.96,313.66
4/21/2015,488.76,309.52,311.21
4/22/2015,489.98,310.29,311.98
4/23/2015,491.14,311.02,312.72
4/24/2015,495.2,313.59,315.3
4/27/2015,499.58,316.37,318.09
4/28/2015,499.9,316.57,318.3
4/29/2015,500.05,316.67,318.39
4/30/2015,496.19,314.22,315.93
5/1/2015,504.87,319.72,321.46
5/4/2015,503.21,318.67,320.41
5/5/2015,497.6,315.11,316.81
5/6/2015,497.6,315.11,316.81
5/7/2015,500.09,316.66,318.32
5/8/2015,508.11,321.74,323.43
5/11/2015,505.51,320.1,321.78
5/12/2015,500.3,316.79,318.45
5/13/2015,499.51,316.21,317.65
5/14/2015,504.96,319.66,321.12
5/15/2015,507.03,320.97,322.44
5/18/2015,505.22,319.82,321.29
5/19/2015,502.76,318.26,319.72
5/20/2015,501.95,317.75,319.2
5/21/2015,504.19,319.14,320.53
5/22/2015,503.32,318.59,319.97
5/26/2015,497.22,314.73,316.09
5/27/2015,500.57,316.85,318.22
5/28/2015,501.95,317.66,318.9
5/29/2015,498.52,315.49,316.72
6/1/2015,498.71,315.6,316.82
6/2/2015,500.51,316.73,317.92
6/3/2015,501.01,317.01,318.11
6/4/2015,494.55,312.92,314.01
6/5/2015,492.68,311.74,312.82
6/8/2015,491.04,310.7,311.78
6/9/2015,491.47,310.97,312.05
6/10/2015,496.6,314.22,315.31
6/11/2015,497.57,314.81,315.87
6/12/2015,494.65,312.95,313.97
6/15/2015,491.4,310.89,311.9
6/16/2015,494.32,312.75,313.76
6/17/2015,496.3,313.99,315.01
6/18/2015,500.58,316.7,317.73
6/19/2015,497.62,314.83,315.85
6/22/2015,498.87,315.62,316.64
6/23/2015,497.47,314.74,315.76
6/24/2015,491.18,310.75,311.74
6/25/2015,490.7,310.45,311.44
6/26/2015,488.94,309.24,310
6/29/2015,477.42,301.93,302.62
6/30/2015,479.04,302.91,303.52
7/1/2015,481.45,304.44,305.05
7/2/2015,480.45,303.81,304.42
7/6/2015,476.14,301.08,301.69
7/7/2015,474.55,300.08,300.68
7/8/2015,464.26,293.57,294.16
7/9/2015,465.76,294.52,295.11
7/10/2015,472.57,298.82,299.42
7/13/2015,477.57,301.97,302.56
7/14/2015,480.23,303.66,304.24
7/15/2015,476.23,301.13,301.71
7/16/2015,475.11,300.42,301
7/17/2015,471.95,298.42,299
7/20/2015,467.69,295.73,296.3
7/21/2015,465.05,294.06,294.63
7/22/2015,463.08,292.81,293.38
7/23/2015,456.31,288.53,289.09
7/24/2015,446.16,282.12,282.66
7/27/2015,441.29,279.04,279.58
7/28/2015,450.77,285.03,285.58
7/29/2015,454.08,287.12,287.68
7/30/2015,456.37,288.57,289.13
7/31/2015,454.97,287.69,288.24
8/3/2015,451.66,285.59,286.14
8/4/2015,453.52,286.77,287.32
8/5/2015,455.84,288.23,288.77
8/6/2015,454.02,287.07,287.57
8/7/2015,447.61,283.01,283.51
8/10/2015,459.02,290.21,290.68
8/11/2015,450.17,284.61,285.08
8/12/2015,451.81,285.55,285.78
8/13/2015,450.7,284.85,285.08
8/14/2015,452.71,286.12,286.35
8/17/2015,455.45,287.85,288.09
8/18/2015,452.34,285.88,286.11
8/19/2015,446.73,282.34,282.57
8/20/2015,438.76,277.3,277.53
8/21/2015,428.2,270.58,270.68
8/24/2015,410.27,259.25,259.34
8/25/2015,402.9,254.59,254.68
8/26/2015,414.26,261.77,261.86
8/27/2015,429.27,271.25,271.35
8/28/2015,431.99,272.96,273.04
8/31/2015,429.72,271.52,271.59
9/1/2015,416.18,262.95,262.98
9/2/2015,422.18,266.74,266.76
9/3/2015,424.95,268.46,268.4
9/4/2015,416.34,263.02,262.96
9/8/2015,426.91,269.7,269.63
9/9/2015,423.57,267.58,267.52
9/10/2015,424.51,268.17,268.08
9/11/2015,423.94,267.79,267.66
9/14/2015,418.53,264.37,264.24
9/15/2015,422.03,266.58,266.45
9/16/2015,428.12,270.43,270.3
9/17/2015,425.93,269.05,268.91
9/18/2015,417.21,263.54,263.41
9/21/2015,418.43,264.31,264.18
9/22/2015,410.79,259.48,259.36
9/23/2015,402.12,254,253.86
9/24/2015,400.96,253.26,253.12
9/25/2015,400.48,252.96,252.82
9/28/2015,388.01,244.99,244.62
9/29/2015,389.76,246.07,245.64
9/30/2015,398.1,251.33,250.9
10/1/2015,402.32,253.99,253.55
10/2/2015,412.03,260.12,259.67
10/5/2015,422.9,266.99,266.53
10/6/2015,428.31,270.4,269.93
10/7/2015,434.24,274.11,273.54
10/8/2015,440.39,277.99,277.41
10/9/2015,440.15,277.84,277.26
10/12/2015,436.28,275.4,274.82
10/13/2015,434.61,274.33,273.74
10/14/2015,438.45,276.76,276.16
10/15/2015,439.53,277.44,276.84
10/16/2015,439.64,277.51,276.91
10/19/2015,436.24,275.36,274.77
10/20/2015,437.24,275.99,275.4
10/21/2015,433.19,273.44,272.85
10/22/2015,445.1,280.95,280.35
10/23/2015,448.67,283.2,282.59
10/26/2015,445.48,281.19,280.59
10/27/2015,443.32,279.83,279.23
10/28/2015,450.2,284.17,283.56
10/29/2015,450.67,284.47,283.85
10/30/2015,451.91,285.25,284.64
11/2/2015,454.35,286.79,286.17
11/3/2015,456.28,288.01,287.39
11/4/2015,453.36,286.16,285.53
11/5/2015,450.9,284.61,283.98
11/6/2015,452.04,285.31,284.65
11/9/2015,448.99,283.38,282.72
11/10/2015,445.79,281.3,280.5
11/11/2015,446.35,281.66,280.85
11/12/2015,437.45,276,275.12
11/13/2015,442.84,279.4,278.51
11/16/2015,448.48,282.96,282.06
11/17/2015,448.1,282.71,281.77
11/18/2015,455.83,287.58,286.63
11/19/2015,455.4,287.26,286.2
11/20/2015,454.19,286.5,285.43
11/23/2015,454.47,286.67,285.6
11/24/2015,458.08,288.95,287.88
11/25/2015,455.32,287.21,286.14
11/27/2015,454.86,286.91,285.83
11/30/2015,455.66,287.41,286.31
12/1/2015,459.08,289.55,288.41
12/2/2015,453.13,285.79,284.65
12/3/2015,449.15,283.25,282.04
12/4/2015,457.13,288.28,287.05
12/7/2015,449.02,283.17,281.96
12/8/2015,440.31,277.68,276.49
12/9/2015,453.82,286.19,284.97
12/10/2015,450.48,284.07,282.81
12/11/2015,438.53,276.52,275.26
12/14/2015,432.37,272.64,271.39
12/15/2015,434.65,274.07,272.83
12/16/2015,439.29,277,275.74
12/17/2015,430.79,271.64,270.4
12/18/2015,425.17,268.09,266.87
12/21/2015,428.82,270.4,269.17
12/22/2015,434.01,273.67,272.42
12/23/2015,444.31,280.16,278.86
12/24/2015,443.4,279.59,278.29
12/28/2015,440.03,277.46,276.18
12/29/2015,444.58,280.22,278.67
12/30/2015,440.11,277.37,275.78
12/31/2015,436.69,275.22,273.64
1/4/2016,429.41,270.63,269.07
1/5/2016,429.31,270.57,269.01
1/6/2016,418.33,263.61,262
1/7/2016,406.89,256.4,254.83
1/8/2016,402.74,253.78,252.23
1/11/2016,396.32,249.74,248.22
1/12/2016,396.9,250.11,248.58
1/13/2016,387.83,244.39,242.9
1/14/2016,393.12,247.72,246.21
1/15/2016,385.02,242.62,241.14
1/19/2016,380.36,239.68,238.22
1/20/2016,377.72,238.02,236.57
1/21/2016,381.09,240.14,238.68
1/22/2016,387.83,244.39,242.9
1/25/2016,375.17,236.41,234.97
1/26/2016,381.89,240.65,239.18
1/27/2016,378.78,238.68,237.23
1/28/2016,379.57,239.18,237.72
1/29/2016,390.54,246.09,244.59
2/1/2016,392.15,247.11,245.6
2/2/2016,389.42,245.39,243.89
2/3/2016,402.4,253.56,252
2/4/2016,413.49,260.55,258.95
2/5/2016,409.17,257.83,256.24
2/8/2016,398.09,250.84,249.3
2/9/2016,402.67,253.74,252.17
2/10/2016,399.21,251.47,249.73
2/11/2016,390.71,246.09,244.31
2/12/2016,401.84,253.09,251.27
2/16/2016,407.93,256.93,255.08
2/17/2016,416.08,262.04,260.12
2/18/2016,414.26,260.9,258.98
2/19/2016,409.87,258.13,256.24
2/22/2016,417.55,262.97,261.02
2/23/2016,407.61,256.71,254.81
2/24/2016,411.64,259.25,257.33
2/25/2016,417.15,262.66,260.58
2/26/2016,422.81,266.21,264.09
2/29/2016,420.22,264.58,262.46
3/1/2016,431.07,271.39,269.18
3/2/2016,429.21,270.22,268.01
3/3/2016,431.71,271.76,269.45
3/4/2016,436.81,274.97,272.64
3/7/2016,441.93,278.19,275.83
3/8/2016,433.26,272.73,270.41
3/9/2016,436.13,274.54,272.2
3/10/2016,438.45,276,273.65
3/11/2016,446.36,280.95,278.48
3/14/2016,443.45,279.11,276.66
3/15/2016,439.4,276.57,274.14
3/16/2016,447.06,281.39,278.91
3/17/2016,456.91,287.59,285.06
3/18/2016,457.15,287.74,285.21
3/21/2016,454.85,286.29,283.77
3/22/2016,455.12,286.46,283.94
3/23/2016,449.57,282.96,280.46
3/24/2016,449.66,283.02,280.51
3/28/2016,451.85,284.39,281.88
3/29/2016,454.05,285.66,282.88
3/30/2016,456.51,287.19,284.32
3/31/2016,452.48,284.65,281.81
4/1/2016,455.56,286.59,283.74
4/4/2016,451.12,283.8,280.97
4/5/2016,447.91,281.78,278.97
4/6/2016,452.06,284.35,281.42
4/7/2016,446.38,280.78,277.89
4/8/2016,450.65,283.46,280.54
4/11/2016,452.88,284.86,281.93
4/12/2016,458.14,288.17,285.21
4/13/2016,463.69,291.66,288.66
4/14/2016,463.03,291.25,288.25
4/15/2016,464.8,292.36,289.36
4/18/2016,466.95,293.71,290.69
4/19/2016,476.9,299.97,296.89
4/20/2016,475.57,299.13,296.06
4/21/2016,473.33,297.73,294.66
4/22/2016,476.48,299.71,296.62
4/25/2016,473.55,297.87,294.8
4/26/2016,478.91,301.23,298.13
4/27/2016,482.24,303.33,300.21
4/28/2016,477.89,300.59,297.5
4/29/2016,474.87,298.69,295.62
5/2/2016,476.57,299.77,296.68
5/3/2016,468.26,294.54,291.51
5/4/2016,463.93,291.79,288.74
5/5/2016,461.53,290.28,287.24
5/6/2016,465.53,292.78,289.67
5/9/2016,459.7,289.11,286.04
5/10/2016,467.66,294.12,291
5/11/2016,465.68,292.81,289.54
5/12/2016,467.91,294.21,290.93
5/13/2016,463.25,291.28,288.04
5/16/2016,470.7,295.96,292.66
5/17/2016,468.9,294.83,291.55
5/18/2016,461.72,290.31,287.05
5/19/2016,463.46,291.4,288.13
5/20/2016,466.67,293.36,289.96
5/23/2016,472.21,296.85,293.4
5/24/2016,475.34,298.81,295.33
5/25/2016,481.08,302.39,298.79
5/26/2016,475.79,299.07,295.51
5/27/2016,475.98,299.17,295.58
5/31/2016,473.5,297.6,293.99
6/1/2016,474.9,298.47,294.84
6/2/2016,476.91,299.73,296.08
6/3/2016,481.09,302.32,298.56
6/6/2016,485.42,305.05,301.25
6/7/2016,485.51,305.1,301.29
6/8/2016,488.63,307.06,303.23
6/9/2016,485.49,305.08,301.28
6/10/2016,482.15,302.99,299.21
6/13/2016,476.1,299.18,295.42
6/14/2016,472.42,296.86,293.13
6/15/2016,474.24,298,294.26
6/16/2016,475.96,299.09,295.33
6/17/2016,478.3,300.54,296.73
6/20/2016,480.77,302.09,298.26
6/21/2016,479.33,301.19,297.37
6/22/2016,479.95,301.57,297.75
6/23/2016,487.48,306.3,302.4
6/24/2016,466.12,292.88,289.15
6/27/2016,450.32,282.95,279.35
6/28/2016,454.28,285.33,281.43
6/29/2016,462.12,290.22,286.19
6/30/2016,469.27,294.71,290.62
7/1/2016,469.54,294.88,290.79
7/5/2016,460.74,289.36,285.34
7/6/2016,462.6,290.48,286.36
7/7/2016,463.89,291.29,287.16
7/8/2016,475.37,298.5,294.27
7/11/2016,477.65,299.93,295.68
7/12/2016,486.47,305.48,301.14
7/13/2016,487.95,306.4,302.05
7/14/2016,491.99,308.94,304.55
7/15/2016,493.95,310.17,305.77
7/18/2016,497.34,312.3,307.86
7/19/2016,493.9,310.14,305.74
7/20/2016,494.75,310.67,306.26
7/21/2016,491.62,308.7,304.32
7/22/2016,492.6,309.32,304.93
7/25/2016,492.09,309,304.62
7/26/2016,495.63,311.22,306.81
7/27/2016,495.98,311.44,307.02
7/28/2016,495.48,311.13,306.72
7/29/2016,493.18,309.69,305.29
8/1/2016,489.93,307.65,303.28
8/2/2016,488.86,306.97,302.61
8/3/2016,490.08,307.73,303.35
8/4/2016,491.92,308.89,304.49
8/5/2016,493.63,309.96,305.55
8/8/2016,494.65,310.58,306.12
8/9/2016,493.03,309.57,305.12
8/10/2016,493.44,309.81,305.32
8/11/2016,495.86,311.23,306.49
8/12/2016,490.27,307.67,302.87
8/15/2016,495.02,310.65,305.81
8/16/2016,492.69,309.19,304.37
8/17/2016,492.37,308.98,304.14
8/18/2016,495.59,311,306.13
8/19/2016,496.55,311.61,306.72
8/22/2016,496.26,311.41,306.52
8/23/2016,500.16,313.87,308.94
8/24/2016,494.37,310.23,305.36
8/25/2016,496.8,311.76,306.86
8/26/2016,493.8,309.87,305
8/29/2016,498.46,312.8,307.89
8/30/2016,497.43,312.14,307.22
8/31/2016,492.85,309.26,304.38
9/1/2016,494.46,310.27,305.37
9/2/2016,498.57,312.85,307.89
9/6/2016,497.98,312.42,307.35
9/7/2016,497.42,312.07,307.01
9/8/2016,495.22,310.69,305.65
9/9/2016,480.96,301.75,296.85
9/12/2016,485.55,304.62,299.68
9/13/2016,476.36,298.84,293.94
9/14/2016,475.3,298.17,293.29
9/15/2016,478.14,299.96,295.04
9/16/2016,476.39,298.84,293.91
9/19/2016,477.32,299.42,294.48
9/20/2016,475.81,298.48,293.55
9/21/2016,482.94,302.95,297.95
9/22/2016,484.41,303.87,298.83
9/23/2016,481.98,302.34,297.33
9/26/2016,479.42,300.73,295.75
9/27/2016,481.36,301.95,296.95
9/28/2016,486.75,305.22,299.91
9/29/2016,483.22,303.01,297.74
9/30/2016,486.68,305.18,299.87
10/3/2016,486.9,305.32,300
10/4/2016,479.48,300.67,295.43
10/5/2016,482.9,302.77,297.41
10/6/2016,486.7,305.12,299.64
10/7/2016,477.89,299.6,294.22
10/10/2016,480.12,300.99,295.59
10/11/2016,473.94,297.12,291.79
10/12/2016,472.81,296.41,291.09
10/13/2016,470.48,294.95,289.66
10/14/2016,472.19,296.02,290.71
10/17/2016,472.54,296.24,290.93
10/18/2016,476.98,299.03,293.66
10/19/2016,480.43,301.19,295.79
10/20/2016,480.17,301.02,295.62
10/21/2016,479.65,300.7,295.3
10/24/2016,480.82,301.43,296.03
10/25/2016,476.05,298.44,293.09
10/26/2016,475.55,298.13,292.78
10/27/2016,475.24,297.94,292.59
10/28/2016,475.98,298.4,293.05
10/31/2016,476.3,298.6,293.24
11/1/2016,474.12,297.23,291.9
11/2/2016,471.36,295.5,290.2
11/3/2016,471.32,295.48,290.17
11/4/2016,472.91,296.48,291.16
11/7/2016,479.7,300.73,295.33
11/8/2016,481.36,301.76,296.3
11/9/2016,491.59,308.17,302.6
11/10/2016,497.02,311.47,305.6
11/11/2016,490.48,307.37,301.58
11/14/2016,491.51,308.02,302.22
11/15/2016,493.58,309.31,303.49
11/16/2016,493.08,308.99,303.14
11/17/2016,492.92,308.87,302.99
11/18/2016,491.95,308.26,302.39
11/21/2016,498.13,312.13,306.17
11/22/2016,501.27,314.1,308.1
11/23/2016,503.63,315.58,309.55
11/25/2016,505.46,316.67,310.51
11/28/2016,502.96,315.11,308.98
11/29/2016,503.52,315.43,309.24
11/30/2016,508.96,318.83,312.56
12/1/2016,508.9,318.8,312.53
12/2/2016,509.09,318.91,312.64
12/5/2016,513.38,321.56,315.13
12/6/2016,513.77,321.8,315.36
12/7/2016,521.36,326.55,320.02
12/8/2016,524.96,328.81,322.23
12/9/2016,524.67,328.62,322.05
12/12/2016,522.52,327.28,320.73
12/13/2016,521.45,326.59,320.01
12/14/2016,515.19,322.67,316.17
12/15/2016,518.86,324.96,318.42
12/16/2016,516.86,323.7,317.14
12/19/2016,516.19,323.28,316.73
12/20/2016,516.62,323.55,316.99
12/21/2016,517.09,323.84,317.28
12/22/2016,514.61,322.29,315.76
12/23/2016,515.84,322.96,316.19
12/27/2016,518.23,324.46,317.66
12/28/2016,513.11,321.23,314.44
12/29/2016,513.37,321.36,314.49
12/30/2016,509.57,318.98,312.16
1/3/2017,513.16,321.22,314.36
1/4/2017,520.5,325.78,318.72
1/5/2017,519.13,324.92,317.88
1/6/2017,519.12,324.92,317.88
1/9/2017,519.18,324.95,317.91
1/10/2017,519.52,325.17,318.12
1/11/2017,523.88,327.9,320.79
1/12/2017,522.78,327.2,320.11
1/13/2017,521.67,326.51,319.43
1/17/2017,519.9,325.4,318.35
1/18/2017,522.97,327.32,320.23
1/19/2017,519.71,325.29,318.24
1/20/2017,524.23,328.11,321
1/23/2017,525.35,328.81,321.69
1/24/2017,538.66,337.14,329.84
1/25/2017,542.51,339.55,332.2
1/26/2017,543.8,340.36,332.99
1/27/2017,542.26,339.4,332.04
1/30/2017,536.6,335.85,328.58
1/31/2017,533.19,333.72,326.49
2/1/2017,536.22,335.62,328.35
2/2/2017,533.39,333.85,326.62
2/3/2017,534.35,334.45,327.2
2/6/2017,532.96,333.58,326.35
2/7/2017,528.76,330.95,323.78
2/8/2017,530.05,331.73,324.51
2/9/2017,529.86,331.62,324.39
2/10/2017,534.71,334.65,327.36
2/13/2017,538.65,337.03,329.48
2/14/2017,539.14,337.33,329.78
2/15/2017,538.45,336.87,329.25
2/16/2017,538.15,336.69,329.07
2/17/2017,536.69,335.78,328.18
2/21/2017,538.71,337.03,329.41
2/22/2017,540.22,337.98,330.32
2/23/2017,537.2,336.07,328.43
2/24/2017,538.48,336.87,329.22
2/27/2017,536.62,335.7,328.05
2/28/2017,536.84,335.82,328.13
3/1/2017,546.66,341.96,334.11
3/2/2017,541.19,338.49,330.59
3/3/2017,540.71,338.15,330.17
3/6/2017,537.14,335.91,327.99
3/7/2017,534.13,334.02,326.13
3/8/2017,534.49,334.25,326.36
3/9/2017,532.28,332.87,325.01
3/10/2017,534.51,334.26,326.37
3/13/2017,536.22,335.31,327.35
3/14/2017,531.84,332.58,324.68
3/15/2017,540.23,337.82,329.8
3/16/2017,536.82,335.69,327.72
3/17/2017,539.64,337.44,329.38
3/20/2017,541.73,338.74,330.66
3/21/2017,532.69,333.08,325.14
3/22/2017,534.12,333.98,326.01
3/23/2017,536.55,335.49,327.47
3/24/2017,531.53,332.35,324.4
3/27/2017,533.31,333.47,325.49
3/28/2017,539.17,337.13,329.06
3/29/2017,539.71,337.35,329.02
3/30/2017,539.82,337.39,328.97
3/31/2017,539.43,337.14,328.73
4/3/2017,537.31,335.82,327.44
4/4/2017,539.46,337.16,328.75
4/5/2017,538.97,336.81,328.32
4/6/2017,541.62,338.47,329.93
4/7/2017,541.3,338.27,329.74
4/10/2017,541.31,338.27,329.74
4/11/2017,540.08,337.51,328.99
4/12/2017,533.51,333.4,324.99
4/13/2017,528.22,330.09,321.77
4/17/2017,532.17,332.56,324.17
4/18/2017,531.53,332.16,323.78
4/19/2017,531.98,332.45,324.06
4/20/2017,537.6,335.96,327.48
4/21/2017,537.41,335.84,327.37
4/24/2017,543.77,339.81,331.24
4/25/2017,552.42,345.22,336.51
4/26/2017,552.03,344.97,336.27
4/27/2017,550.87,344.25,335.56
4/28/2017,546.94,341.8,333.17
5/1/2017,546.28,341.38,332.77
5/2/2017,547.47,342.12,333.49
5/3/2017,542.12,338.76,330.17
5/4/2017,543.06,339.35,330.75
5/5/2017,550.82,344.2,335.48
5/8/2017,545.98,341.15,332.47
5/9/2017,542.1,338.73,330.1
5/10/2017,544.04,339.95,331.29
5/11/2017,542.97,339.21,330.41
5/12/2017,542.03,338.62,329.84
5/15/2017,546.6,341.47,332.62
5/16/2017,546.58,341.46,332.6
5/17/2017,534.96,334.19,325.5
5/18/2017,534.93,334.17,325.48
5/19/2017,539.76,337.19,328.42
5/22/2017,539.97,337.32,328.53
5/23/2017,540.78,337.82,329.02
5/24/2017,544.67,340.22,331.28
5/25/2017,543.63,339.57,330.64
5/26/2017,545.18,340.54,331.59
5/30/2017,544.62,340.16,331.18
5/31/2017,546.4,341.27,332.25
6/1/2017,552.65,345.13,335.88
6/2/2017,554.68,346.39,337.11
6/5/2017,552.36,344.9,335.55
6/6/2017,553.06,345.33,335.96
6/7/2017,553.63,345.68,336.31
6/8/2017,555.49,346.84,337.43
6/9/2017,562.89,351.46,341.93
6/12/2017,559.92,349.61,340.13
6/13/2017,567.35,354.23,344.57
6/14/2017,561.35,350.49,340.93
6/15/2017,556.31,347.34,337.87
6/16/2017,558.67,348.79,339.25
6/19/2017,563.37,351.73,342.11
6/20/2017,560.2,349.75,340.18
6/21/2017,553.92,345.83,336.36
6/22/2017,554.93,346.45,336.95
6/23/2017,556.85,347.65,338.12
6/26/2017,558.67,348.78,339.22
6/27/2017,554.97,346.48,336.97
6/28/2017,560.07,349.54,339.69
6/29/2017,553.96,345.69,335.87
6/30/2017,556.52,347.29,337.42
7/3/2017,561.57,350.44,340.48
7/5/2017,559.47,349.09,339.07
7/6/2017,557.16,347.65,337.67
7/7/2017,560.03,349.44,339.41
7/10/2017,563.52,351.61,341.53
7/11/2017,562.69,351.1,341.02
7/12/2017,569.12,355.11,344.92
7/13/2017,568.55,354.76,344.58
7/14/2017,571.4,356.53,346.31
7/17/2017,572.37,357.14,346.89
7/18/2017,569.84,355.56,345.36
7/19/2017,576.08,359.45,349.14
7/20/2017,571.28,356.46,346.23
7/21/2017,571.3,356.47,346.24
7/24/2017,570.52,355.98,345.77
7/25/2017,577.11,360.1,349.77
7/26/2017,573.44,357.8,347.54
7/27/2017,571.63,356.53,345.97
7/28/2017,569.58,355.25,344.73
7/31/2017,565.1,352.46,342.02
8/1/2017,566.05,353.05,342.59
8/2/2017,566.44,353.29,342.83
8/3/2017,562.37,350.75,340.36
8/4/2017,565.09,352.45,342.01
8/7/2017,565.35,352.62,342.17
8/8/2017,560.47,349.55,339.15
8/9/2017,561.36,350.09,339.63
8/10/2017,554.49,345.8,335.48
8/11/2017,553.57,345.19,334.78
8/14/2017,558.79,348.44,337.93
8/15/2017,559.02,348.58,338.07
8/16/2017,564.25,351.83,341.19
8/17/2017,555.55,346.41,335.93
8/18/2017,555.99,346.68,336.2
8/21/2017,556.61,347.06,336.56
8/22/2017,563.32,351.25,340.61
8/23/2017,562.43,350.69,340.08
8/24/2017,561.63,350.2,339.59
8/25/2017,563.13,351.13,340.5
8/28/2017,564.43,351.94,341.28
8/29/2017,561.29,349.98,339.38
8/30/2017,565.42,352.55,341.85
8/31/2017,570.11,355.47,344.67
9/1/2017,574.04,357.86,346.85
9/5/2017,565.88,352.77,341.92
9/6/2017,567.49,353.76,342.87
9/7/2017,568.11,354.11,343.11
9/8/2017,567.98,354.03,343.03
9/11/2017,575.86,358.94,347.8
9/12/2017,580.57,361.88,350.64
9/13/2017,580.37,361.74,350.49
9/14/2017,582.23,362.87,351.52
9/15/2017,582.07,362.78,351.43
9/18/2017,585.5,364.9,353.45
9/19/2017,588.61,366.83,355.32
9/20/2017,591,368.33,356.77
9/21/2017,589.55,367.42,355.89
9/22/2017,587.91,366.39,354.87
9/25/2017,588.43,366.71,355.18
9/26/2017,586.07,365.24,353.76
9/27/2017,585.92,365.15,353.67
9/28/2017,590.18,367.78,356.16
9/29/2017,590.17,367.77,356.15
10/2/2017,596.62,371.79,360.05
10/3/2017,599.19,373.4,361.6
10/4/2017,599.08,373.33,361.53
10/5/2017,602.83,375.62,363.66
10/6/2017,601.86,374.98,362.96
10/9/2017,601.89,375,362.98
10/10/2017,601.88,375,362.98
10/11/2017,602.23,375.21,363.18
10/12/2017,603.36,375.91,363.87
10/13/2017,606.23,377.71,365.6
10/16/2017,605.63,377.33,365.23
10/17/2017,604.12,376.39,364.33
10/18/2017,602.82,375.58,363.54
10/19/2017,604.84,376.84,364.76
10/20/2017,610.13,380.14,367.95
10/23/2017,608.89,379.36,367.2
10/24/2017,612.51,381.62,369.38
10/25/2017,609.41,379.69,367.52
10/26/2017,617.7,384.85,372.52
10/27/2017,614.34,382.76,370.49
10/30/2017,611.88,381.23,369.01
10/31/2017,613.01,381.93,369.69
11/1/2017,616.71,384.23,371.92
11/2/2017,612.03,381.32,369.1
11/3/2017,611.17,380.78,368.57
11/6/2017,608.43,379.08,366.93
11/7/2017,609.64,379.83,367.65
11/8/2017,609.74,379.89,367.72
11/9/2017,604.63,376.67,364.51
11/10/2017,603.75,376.12,363.98
11/13/2017,606.95,378.12,365.91
11/14/2017,601.12,374.28,361.75
11/15/2017,597.54,372.06,359.6
11/16/2017,605.24,376.84,364.2
11/17/2017,605.92,377.26,364.61
11/20/2017,607.02,377.95,365.27
11/21/2017,609.95,379.77,367.01
11/22/2017,608.54,378.89,366.16
11/24/2017,611.29,380.6,367.82
11/27/2017,607.59,378.3,365.59
11/28/2017,614.7,382.72,369.87
11/29/2017,615.54,383.24,370.37
11/30/2017,619.05,385.42,372.44
12/1/2017,613.78,382.14,369.27
12/4/2017,620.12,386.03,372.92
12/5/2017,617.03,384.1,371.04
12/6/2017,613.33,381.76,368.69
12/7/2017,617.64,384.43,371.25
12/8/2017,617.49,384.34,371.16
12/11/2017,618.19,384.78,371.58
12/12/2017,618.3,384.84,371.65
12/13/2017,619.81,385.78,372.56
12/14/2017,613.11,381.61,368.51
12/15/2017,616.44,383.67,370.47
12/18/2017,625.65,389.38,375.94
12/19/2017,625.11,389.04,375.61
12/20/2017,625.4,389.23,375.79
12/21/2017,627.52,390.55,377.07
12/22/2017,629.9,392.01,378.46
12/26/2017,629.39,391.7,378.16
12/27/2017,630.27,392.24,378.68
12/28/2017,632.88,393.84,380.15
12/29/2017,631.07,392.68,378.94
1/2/2018,640.54,398.57,384.63
1/3/2018,645.31,401.53,387.49
1/4/2018,650.92,404.98,390.73
1/5/2018,656.68,408.57,394.19
1/8/2018,657.31,408.96,394.56
1/9/2018,655.95,408.11,393.75
1/10/2018,652.16,405.76,391.48
1/11/2018,660.49,410.94,396.47
1/12/2018,661.74,411.71,397.22
1/16/2018,654.04,406.93,392.6
1/17/2018,657.25,408.92,394.53
1/18/2018,656.8,408.64,394.26
1/19/2018,660.74,411.09,396.62
1/22/2018,659.36,410.24,395.8
1/23/2018,659.19,410.13,395.69
1/24/2018,661.6,411.63,397.14
1/25/2018,666.28,414.54,399.95
1/26/2018,669.01,416.24,401.59
1/29/2018,661.41,411.51,397.03
1/30/2018,656.6,408.52,394.14
1/31/2018,657.2,408.89,394.5
2/1/2018,648.13,403.25,389.06
2/2/2018,631.29,392.77,378.94
2/5/2018,609.87,379.44,366.09
2/6/2018,627.02,390.11,376.38
2/7/2018,621.62,386.75,373.14
2/8/2018,599.48,372.98,359.85
2/9/2018,609.76,379.37,366.02
2/12/2018,622.51,387.31,373.67
2/13/2018,620.75,386.22,372.62
2/14/2018,628.89,391.27,377.5
2/15/2018,633.45,394.06,380.08
2/16/2018,631.4,392.79,378.85
2/20/2018,628.58,391,377.05
2/21/2018,626.17,389.5,375.6
2/22/2018,630.53,392.21,378.2
2/23/2018,639.57,397.82,383.58
2/26/2018,642.59,399.7,385.39
2/27/2018,633.9,394.13,379.68
2/28/2018,622.65,387.13,372.92
3/1/2018,616.21,383.13,369.05
3/2/2018,614.96,382.29,368.11
3/5/2018,623.33,387.49,373.12
3/6/2018,630.35,391.81,377.17
3/7/2018,627.85,390.24,375.63
3/8/2018,628.74,390.79,376.16
3/9/2018,640.35,398.01,383.11
3/12/2018,638.45,396.83,381.97
3/13/2018,635.82,395.2,380.4
3/14/2018,627.6,390.05,375.38
3/15/2018,619.59,385.08,370.59
3/16/2018,619.96,385.31,370.81
3/19/2018,610.69,379.53,365.21
3/20/2018,610.16,379.2,364.89
3/21/2018,616.93,383.4,368.94
3/22/2018,598.64,372.04,358
3/23/2018,587.04,364.82,351.03
3/26/2018,598.71,372.07,358.02
3/27/2018,592.79,368.39,354.48
3/28/2018,585.06,363.57,349.77
3/29/2018,596.26,370.48,356.34
4/2/2018,583.34,362.45,348.61
4/3/2018,591.77,367.69,353.65
4/4/2018,595.62,370.09,355.95
4/5/2018,606.96,377.09,362.6
4/6/2018,592.22,367.93,353.79
4/9/2018,595.28,369.83,355.62
4/10/2018,607.66,377.52,363.01
4/11/2018,602.9,374.57,360.17
4/12/2018,609.42,378.61,364.03
4/13/2018,608.79,378.21,363.65
4/16/2018,617.2,383.44,368.68
4/17/2018,624.14,387.75,372.82
4/18/2018,628.68,390.57,375.54
4/19/2018,621.95,386.39,371.51
4/20/2018,618.18,384.05,369.26
4/23/2018,616.33,382.9,368.15
4/24/2018,599.74,372.59,358.25
4/25/2018,602.96,374.59,360.17
4/26/2018,606.43,376.75,362.24
4/27/2018,605.02,375.88,361.4
4/30/2018,597.16,370.99,356.71
5/1/2018,597.1,370.95,356.67
5/2/2018,595.68,370.07,355.82
5/3/2018,597.81,371.38,357.04
5/4/2018,605.45,376.12,361.6
5/7/2018,605.63,376.24,361.71
5/8/2018,604.13,375.3,360.81
5/9/2018,612.76,380.65,365.9
5/10/2018,617.53,383.6,368.75
5/11/2018,617.3,383.46,368.61
5/14/2018,619.75,384.98,370.04
5/15/2018,617.95,383.86,368.96
5/16/2018,625.05,388.27,373.2
5/17/2018,626.43,389.11,373.98
5/18/2018,627.33,389.67,374.52
5/21/2018,630.82,391.83,376.6
5/22/2018,625.07,388.26,373.17
5/23/2018,623.96,387.57,372.49
5/24/2018,621.49,386,370.91
5/25/2018,618.33,384.04,369.02
5/29/2018,607.39,377.24,362.49
5/30/2018,614.76,381.66,366.39
5/31/2018,609.52,378.4,363.22
6/1/2018,618.91,384.23,368.82
6/4/2018,622.43,386.41,370.91
6/5/2018,627.19,389.36,373.73
6/6/2018,639.2,396.76,380.7
6/7/2018,635.75,394.62,378.65
6/8/2018,637.73,395.79,379.64
6/11/2018,638.35,396.17,380
6/12/2018,639.31,396.77,380.57
6/13/2018,632.38,392.47,376.45
6/14/2018,633.17,392.92,376.8
6/15/2018,629.2,390.46,374.44
6/18/2018,627.64,389.47,373.45
6/19/2018,616.25,382.4,366.67
6/20/2018,613.85,380.91,365.24
6/21/2018,607.74,377.12,361.61
6/22/2018,616.16,382.34,366.59
6/25/2018,607.17,376.76,361.24
6/26/2018,609.38,378.13,362.55
6/27/2018,607.16,376.75,361.23
6/28/2018,609.97,378.47,362.82
6/29/2018,611.62,379.45,363.65
7/2/2018,608.81,377.7,361.98
7/3/2018,606.83,376.47,360.8
7/5/2018,612.68,380.1,364.28
7/6/2018,615.59,381.91,366.01
7/9/2018,621.39,385.51,369.46
7/10/2018,626.58,388.73,372.55
7/11/2018,616.03,382.18,366.27
7/12/2018,617.44,383.04,367.07
7/13/2018,617.41,383.02,367.05
7/16/2018,612.49,379.97,364.13
7/17/2018,620.57,384.98,368.93
7/18/2018,620.67,385.05,368.99
7/19/2018,616.9,382.7,366.75
7/20/2018,614.37,381.14,365.25
7/23/2018,611.28,379.22,363.41
7/24/2018,619.2,384.14,368.12
7/25/2018,624.02,387.12,370.98
7/26/2018,627.79,389.47,373.23
7/27/2018,625.56,388.08,371.89
7/30/2018,624.13,387.19,371.05
7/31/2018,629.74,390.67,374.38
8/1/2018,623.61,386.87,370.74
8/2/2018,619.14,384.1,368.08
8/3/2018,624.73,387.52,371.26
8/6/2018,625.36,387.91,371.64
8/7/2018,626.96,388.91,372.59
8/8/2018,625.06,387.72,371.45
8/9/2018,628.39,389.75,373.3
8/10/2018,619.4,384.17,367.96
8/13/2018,612.96,380.18,364.13
8/14/2018,617.91,383.2,366.91
8/15/2018,608.33,377.26,361.22
8/16/2018,612.16,379.62,363.45
8/17/2018,616.67,382.42,366.13
8/20/2018,621.08,385.15,368.75
8/21/2018,623.52,386.65,370.17
8/22/2018,620.73,384.92,368.52
8/23/2018,616.41,382.25,365.95
8/24/2018,623.91,386.89,370.4
8/27/2018,633.08,392.58,375.85
8/28/2018,630.9,391.23,374.55
8/29/2018,635.51,394.09,377.29
8/30/2018,628.44,389.53,372.56
8/31/2018,626.89,388.56,371.6
9/4/2018,622.19,385.58,368.59
9/5/2018,625.99,387.93,370.84
9/6/2018,627.13,388.63,371.5
9/7/2018,623.77,386.56,369.51
9/10/2018,624.32,386.89,369.83
9/11/2018,625.5,387.63,370.53
9/12/2018,625.63,387.7,370.57
9/13/2018,627.87,389.04,371.77
9/14/2018,627.59,388.87,371.61
9/17/2018,629.54,390.06,372.7
9/18/2018,629.85,390.25,372.89
9/19/2018,636.9,394.62,377.06
9/20/2018,643.62,398.78,381.03
9/21/2018,642.21,397.9,380.16
9/24/2018,633.16,392.29,374.81
9/25/2018,630.16,390.43,373.03
9/26/2018,623.68,386.42,369.2
9/27/2018,617.75,382.71,365.6
9/28/2018,613.82,380.23,363.12
10/1/2018,620.22,384.2,366.91
10/2/2018,622.99,385.92,368.55
10/3/2018,618.26,382.99,365.75
10/4/2018,615.68,381.38,364.22
10/5/2018,610.7,378.3,361.28
10/8/2018,610.65,378.27,361.25
10/9/2018,589.9,365.42,348.98
10/10/2018,574.95,356.16,340.13
10/11/2018,568.07,351.9,336.06
10/12/2018,570.51,353.39,337.46
10/15/2018,567.76,351.69,335.84
10/16/2018,578.06,358.07,341.93
10/17/2018,573.28,355.11,339.1
10/18/2018,566.74,351.06,335.23
10/19/2018,562.84,348.64,332.92
10/22/2018,557.64,345.42,329.85
10/23/2018,551.22,341.44,326.05
10/24/2018,533.85,330.68,315.78
10/25/2018,541.2,335.24,320.13
10/26/2018,537.68,333.06,318.04
10/29/2018,536.17,332.12,317.15
10/30/2018,548.28,339.63,324.31
10/31/2018,555.68,344.2,328.69
11/1/2018,572.43,354.58,338.6
11/2/2018,570.7,353.51,337.57
11/5/2018,572.91,354.88,338.88
11/6/2018,581.55,360.23,343.99
11/7/2018,592.63,367.09,350.54
11/8/2018,589.63,365.2,348.64
11/9/2018,581.54,360.18,343.86
11/12/2018,572.89,354.82,338.74
11/13/2018,571.25,353.81,337.77
11/14/2018,570.28,353.16,337.05
11/15/2018,578.57,358.28,341.9
11/16/2018,584.05,361.68,345.15
11/19/2018,575.88,356.62,340.32
11/20/2018,565.21,350,333.99
11/21/2018,569.97,352.95,336.8
11/23/2018,563.72,349.08,333.11
11/26/2018,570.46,353.25,337.09
11/27/2018,563.34,348.85,332.89
11/28/2018,571.66,354,337.8
11/29/2018,575.64,356.31,339.66
11/30/2018,578.16,357.86,341.11
12/3/2018,588.27,364.11,347.07
12/4/2018,570.19,352.92,336.38
12/6/2018,562.54,348.16,331.81
12/7/2018,548.55,339.45,323.38
12/10/2018,550.17,340.45,324.34
12/11/2018,548.13,339.19,323.13
12/12/2018,553.35,342.42,326.21
12/13/2018,547.11,338.55,322.51
12/14/2018,542.77,335.83,319.86
12/17/2018,533.16,329.79,313.88
12/18/2018,536.17,331.65,315.65
12/19/2018,529.25,327.37,311.57
12/20/2018,522.47,323.18,307.59
12/21/2018,517.53,320.12,304.67
12/24/2018,503.77,311.61,296.58
12/26/2018,527.04,326,310.28
12/27/2018,536.91,332.08,316.01
12/28/2018,533.77,330.12,314.1
12/31/2018,538.28,332.87,316.62
1/2/2019,540.72,334.37,318.05
1/3/2019,525.77,325.13,309.26
1/4/2019,546.32,337.84,321.35
1/7/2019,548.09,338.93,322.39
1/8/2019,553.65,342.37,325.66
1/9/2019,554.09,342.64,325.92
1/10/2019,558.92,345.63,328.76
1/11/2019,556.69,344.25,327.44
1/14/2019,552.46,341.62,324.92
1/15/2019,548.89,339.42,322.82
1/16/2019,551.14,340.81,324.14
1/17/2019,560.41,346.54,329.6
1/18/2019,569.6,352.22,335
1/22/2019,561.81,347.41,330.42
1/23/2019,558.18,345.16,328.28
1/24/2019,555.06,343.23,326.45
1/25/2019,565.7,349.81,332.71
1/28/2019,565.25,349.53,332.44
1/29/2019,570.95,353.06,335.79
1/30/2019,576.75,356.64,339.2
1/31/2019,567.86,351.15,333.98
2/1/2019,570.43,352.74,335.49
2/4/2019,569.15,351.94,334.73
2/5/2019,573.69,354.75,337.41
2/6/2019,569.81,352.35,335.12
2/7/2019,561.9,347.46,330.47
2/8/2019,561.61,347.28,330.3
2/11/2019,562.66,347.93,330.92
2/12/2019,575.3,355.75,338.35
2/13/2019,575.88,356.11,338.7
2/14/2019,572.89,354.23,336.83
2/15/2019,580.74,359.07,341.41
2/19/2019,584.11,361.15,343.39
2/20/2019,594.14,367.32,349.18
2/21/2019,591.88,365.89,347.76
2/22/2019,594.36,367.41,349.17
2/25/2019,598.23,369.8,351.44
2/26/2019,594.67,367.6,349.35
2/27/2019,593.97,367.02,348.46
2/28/2019,586.49,362.39,344.05
3/1/2019,585.88,361.95,343.5
3/4/2019,588.49,363.57,345.03
3/5/2019,585.55,361.74,343.29
3/6/2019,586.78,362.48,343.96
3/7/2019,582.04,359.47,340.9
3/8/2019,583.23,360.21,341.6
3/11/2019,591.49,365.3,346.43
3/12/2019,593.46,366.52,347.59
3/13/2019,596.58,368.45,349.42
3/14/2019,592.04,365.61,346.65
3/15/2019,593.24,366.35,347.35
3/18/2019,594.27,366.97,347.89
3/19/2019,593.39,366.43,347.38
3/20/2019,593.11,366.25,347.21
3/21/2019,599.3,370.07,350.83
3/22/2019,581.42,359.02,340.33
3/25/2019,580.49,358.44,339.78
3/26/2019,583.8,360.49,341.72
3/27/2019,583.28,360.17,341.42
3/28/2019,589.01,363.67,344.67
3/29/2019,593.7,366.53,347.27
4/1/2019,602.6,372.02,352.48
4/2/2019,605.03,373.52,353.9
4/3/2019,613.06,378.48,358.6
4/4/2019,619.23,382.29,362.21
4/5/2019,618.94,382.11,362.03
4/8/2019,619.23,382.29,362.21
4/9/2019,614.39,379.3,359.38
4/10/2019,614.21,379.19,359.27
4/11/2019,613.85,378.97,359.06
4/12/2019,621.98,383.97,363.77
4/15/2019,619.11,382.2,362.09
4/16/2019,622.03,384,363.8
4/17/2019,618.25,381.67,361.59
4/18/2019,618.95,382.1,362
4/22/2019,614.78,379.53,359.56
4/23/2019,617.48,381.19,361.14
4/24/2019,613.99,379.04,359.1
4/25/2019,606.05,374.14,354.45
4/26/2019,611.1,377.24,357.37
4/29/2019,609.98,376.55,356.71
4/30/2019,615.32,379.85,359.84
5/1/2019,604.03,372.88,353.23
5/2/2019,601.04,370.98,351.31
5/3/2019,606.99,374.65,354.79
5/6/2019,598.61,369.47,349.89
5/7/2019,587.72,362.75,343.52
5/8/2019,587.12,362.38,343.17
5/9/2019,582.6,359.56,340.41
5/10/2019,590.02,364.13,344.74
5/13/2019,577.18,356.21,337.24
5/14/2019,581.95,359.14,339.99
5/15/2019,580.57,358.29,339.18
5/16/2019,588.43,363.12,343.72
5/17/2019,585.49,361.31,342.01
5/20/2019,576.96,356.05,337.02
5/21/2019,585.67,361.42,342.11
5/22/2019,581.82,359.04,339.86
5/23/2019,572.95,353.57,334.66
5/24/2019,576,355.41,336.33
5/28/2019,570.71,352.15,333.24
5/29/2019,570.38,351.94,333.05
5/30/2019,571.54,352.57,333.44
5/31/2019,565.02,348.45,329.32
6/3/2019,584.34,360.36,340.58
6/4/2019,600.51,370.33,349.98
6/5/2019,605.33,373.27,352.72
6/6/2019,612.18,377.49,356.7
6/7/2019,616.78,380.28,359.2
6/10/2019,617.67,380.83,359.72
6/11/2019,617.25,380.57,359.48
6/12/2019,619.19,381.76,360.6
6/13/2019,622.85,384,362.68
6/14/2019,620.02,382.24,360.98
6/17/2019,614.31,378.7,357.59
6/18/2019,619,381.59,360.33
6/19/2019,616.12,379.82,358.65
6/20/2019,623.57,384.41,362.98
6/21/2019,621.62,383.2,361.81
6/24/2019,624.4,384.91,363.43
6/25/2019,624.39,384.9,363.43
6/26/2019,623.25,384.2,362.76
6/27/2019,625.58,385.6,364.02
6/28/2019,631.18,389.01,367.14
7/1/2019,635.51,391.68,369.66
7/2/2019,634.63,391.14,369.15
7/3/2019,637.85,393.12,371.02
7/5/2019,634.47,391.04,369.06
7/8/2019,627.77,386.91,365.16
7/9/2019,621.41,382.99,361.46
7/10/2019,620.24,382.27,360.78
7/11/2019,622.9,383.91,362.33
7/12/2019,629.35,387.87,366.04
7/15/2019,630.45,388.55,366.68
7/16/2019,631.63,389.28,367.37
7/17/2019,626.05,385.84,364.12
7/18/2019,628.74,387.49,365.68
7/19/2019,630.3,388.46,366.59
7/22/2019,628.69,387.47,365.66
7/23/2019,641.17,395.16,372.92
7/24/2019,641.04,395.08,372.84
7/25/2019,636.15,392.05,369.95
7/26/2019,636.41,392.21,370.11
7/29/2019,634.29,390.91,368.87
7/30/2019,638.33,393.34,371.05
7/31/2019,628.85,387.5,365.54
8/1/2019,625.3,385.31,363.47
8/2/2019,617.71,380.64,359.06
8/5/2019,606.45,373.69,352.51
8/6/2019,606.94,374,352.8
8/7/2019,614.96,378.94,357.46
8/8/2019,626.68,386.14,364.21
8/9/2019,622.37,383.47,361.64
8/12/2019,612.29,377.25,355.78
8/13/2019,619.5,381.69,359.97
8/14/2019,599.57,369.37,348.25
8/15/2019,599.59,369.37,348.22
8/16/2019,610.14,375.87,354.34
8/19/2019,614.86,378.78,357.08
8/20/2019,607.42,374.19,352.74
8/21/2019,610.63,376.16,354.6
8/22/2019,606.36,373.53,352.12
8/23/2019,591.57,364.42,343.54
8/26/2019,593.32,365.5,344.55
8/27/2019,593.88,365.84,344.88
8/28/2019,599.03,369.01,347.86
8/29/2019,606.5,373.53,351.92
8/30/2019,611.08,376.25,354.28
9/3/2019,606.02,373.08,351.16
9/4/2019,612.58,377.11,354.95
9/5/2019,613.85,377.89,355.68
9/6/2019,616.79,379.7,357.38
9/9/2019,613.68,377.79,355.58
9/10/2019,619.9,381.58,359.08
9/11/2019,625.98,385.31,362.54
9/12/2019,630.61,388.14,365.16
9/13/2019,637.86,392.58,369.31
9/16/2019,627.6,386.25,363.3
9/17/2019,632.03,388.97,365.87
9/18/2019,632.55,389.29,366.17
9/19/2019,633.5,389.88,366.72
9/20/2019,632.54,389.27,366.12
9/23/2019,631,388.33,365.23
9/24/2019,624.91,384.58,361.71
9/25/2019,628.4,386.73,363.73
9/26/2019,627.2,385.97,362.97
9/27/2019,625.63,384.99,362.03
9/30/2019,630.41,387.89,364.66
10/1/2019,615.92,378.98,356.28
10/2/2019,604.37,371.87,349.6
10/3/2019,606.96,373.46,351.1
10/4/2019,610.12,375.4,352.92
10/7/2019,608.21,374.23,351.82
10/8/2019,597.73,367.78,345.75
10/9/2019,603.85,371.55,349.29
10/10/2019,609.77,375.19,352.72
10/11/2019,621.48,382.38,359.46
10/14/2019,616.86,379.54,356.78
10/15/2019,621.02,382.1,359.19
10/16/2019,622.9,383.26,360.28
10/17/2019,624.09,383.99,360.97
10/18/2019,623.46,383.6,360.6
10/21/2019,621.28,382.26,359.34
10/22/2019,618.75,380.71,357.88
10/23/2019,622.84,383.22,360.24
10/24/2019,625.12,384.62,361.56
10/25/2019,631.7,388.66,365.33
10/28/2019,633.52,389.78,366.38
10/29/2019,637.76,392.39,368.83
10/30/2019,637.67,392.33,368.78
10/31/2019,630.67,388.02,364.73
11/1/2019,639.84,393.67,370.03
11/4/2019,644.85,396.75,372.93
11/5/2019,646.48,397.75,373.87
11/6/2019,645.89,397.39,373.53
11/7/2019,650.06,399.95,375.94
11/8/2019,652.73,401.57,377.42
11/11/2019,651.99,401.12,376.99
11/12/2019,654.7,402.79,378.56
11/13/2019,651.57,400.87,376.75
11/14/2019,655.11,402.98,378.6
11/15/2019,654.62,402.68,378.32
11/18/2019,653.31,401.84,377.47
11/19/2019,651.2,400.55,376.26
11/20/2019,643.51,395.81,371.81
11/21/2019,642.72,395.33,371.36
11/22/2019,643.72,395.94,371.93
11/25/2019,647.72,398.4,374.24
11/26/2019,651.28,400.56,376.2
11/27/2019,653.38,401.71,376.96
11/29/2019,650.73,400.02,375.24
12/2/2019,645.03,396.43,371.7
12/3/2019,640.78,393.81,369.22
12/4/2019,640.65,393.71,369.07
12/5/2019,644.88,396.3,371.5
12/6/2019,651.47,400.35,375.29
12/9/2019,650.65,399.85,374.82
12/10/2019,646.83,397.5,372.62
12/11/2019,651.43,400.33,375.27
12/12/2019,660.82,406.09,380.66
12/13/2019,655.54,402.83,377.56
12/16/2019,658.71,404.76,379.33
12/17/2019,659.92,405.5,380.02
12/18/2019,658.33,404.52,379.11
12/19/2019,660.58,405.89,380.36
12/20/2019,663.54,407.72,382.07
12/23/2019,666.28,409.4,383.65
12/24/2019,666.74,409.68,383.91
12/26/2019,669.54,411.39,385.48
12/27/2019,667.84,410.34,384.5
12/30/2019,665.34,408.78,382.97
12/31/2019,670.6,411.96,385.85
1/2/2020,662.28,406.85,381.07
1/3/2020,651.53,400.25,374.88
1/6/2020,648.6,398.45,373.19
1/7/2020,647.23,397.61,372.41
1/8/2020,650.43,399.57,374.25
1/9/2020,652.57,400.89,375.48
1/10/2020,649.81,399.19,373.89
1/13/2020,658.64,404.61,378.97
1/14/2020,656.18,403.09,377.51
1/15/2020,660.37,405.66,379.93
1/16/2020,664.18,408,382.12
1/17/2020,667.41,409.99,383.98
1/21/2020,660.3,405.62,379.89
1/22/2020,657.72,404.04,378.4
1/23/2020,656.82,403.48,377.88
1/24/2020,652.29,400.7,375.28
1/27/2020,638.6,392.29,367.4
1/28/2020,644.85,396.13,371
1/29/2020,647.2,397.57,372.35
1/30/2020,643.4,395.24,370.16
1/31/2020,629.2,386.52,361.99
2/3/2020,642.63,394.77,369.72
2/4/2020,653.84,401.65,376.17
2/5/2020,666.03,409.14,383.18
2/6/2020,665.48,408.8,382.87
2/7/2020,655.76,402.83,377.27
2/10/2020,655.85,402.89,377.33
2/11/2020,659.23,404.96,379.27
2/12/2020,662.69,407.09,381.26
2/13/2020,660.35,405.62,379.81
2/14/2020,660.79,405.88,380.03
2/18/2020,659.29,404.96,379.17
2/19/2020,660.6,405.76,379.92
2/20/2020,661.79,406.43,380.43
2/21/2020,659.15,404.81,378.91
2/24/2020,640.3,393.24,368.08
2/25/2020,612.82,376.35,352.25
2/26/2020,610.72,375.06,351.05
2/27/2020,582.99,357.9,334.7
2/28/2020,576.39,353.78,330.67
