Date,kitchen,laundry,water_and_ac
2006-12-16,0.0,546.0,4926.0
2006-12-17,2033.0,4187.0,13341.0
2006-12-18,1063.0,2621.0,14018.0
2006-12-19,839.0,7602.0,6197.0
2006-12-20,0.0,2648.0,14063.0
2006-12-21,1765.0,2623.0,10421.0
2006-12-22,3151.0,350.0,11131.0
2006-12-23,2669.0,425.0,14726.0
2006-12-24,1703.0,5082.0,6891.0
2006-12-25,6620.0,1962.0,5795.0
2006-12-26,1086.0,2533.0,14979.0
2006-12-27,0.0,314.0,6976.0
2006-12-28,2207.0,4419.0,9176.0
2006-12-29,1252.0,5162.0,11329.0
2006-12-30,3072.0,7891.0,12480.0
2006-12-31,0.0,347.0,6502.0
2007-01-01,0.0,352.0,5880.0
2007-01-02,1170.0,386.0,13145.0
2007-01-03,0.0,316.0,1980.0
2007-01-04,4629.0,5401.0,19509.0
2007-01-05,4005.0,995.0,8546.0
2007-01-06,0.0,483.0,7664.0
2007-01-07,969.0,736.0,4690.0
2007-01-08,1583.0,0.0,9812.0
2007-01-09,2497.0,569.0,9733.0
2007-01-10,1507.0,6622.0,5960.0
2007-01-11,0.0,293.0,1991.0
2007-01-12,9356.0,353.0,17847.0
2007-01-13,7806.0,2975.0,11341.0
2007-01-14,1777.0,4215.0,12975.0
2007-01-15,1099.0,2239.0,15163.0
2007-01-16,2063.0,644.0,6583.0
2007-01-17,3500.0,5737.0,16064.0
2007-01-18,0.0,336.0,13491.0
2007-01-19,2103.0,330.0,7172.0
2007-01-20,4324.0,5222.0,11440.0
2007-01-21,10346.0,5567.0,11599.0
2007-01-22,1054.0,2983.0,11361.0
2007-01-23,0.0,1064.0,5061.0
2007-01-24,3464.0,2480.0,11744.0
2007-01-25,1158.0,262.0,11239.0
2007-01-26,1163.0,261.0,8238.0
2007-01-27,1170.0,3896.0,12374.0
2007-01-28,3466.0,3997.0,12045.0
2007-01-29,1123.0,294.0,15254.0
2007-01-30,1123.0,1424.0,8149.0
2007-01-31,0.0,5950.0,15052.0
2007-02-01,0.0,348.0,6562.0
2007-02-02,0.0,356.0,11338.0
2007-02-03,0.0,340.0,1969.0
2007-02-04,1755.0,970.0,16641.0
2007-02-05,7.0,1490.0,3754.0
2007-02-06,3971.0,1250.0,7633.0
2007-02-07,1018.0,5281.0,3445.0
2007-02-08,482.0,0.0,6869.0
2007-02-09,3613.0,1617.0,8806.0
2007-02-10,508.0,8022.0,12815.0
2007-02-11,1346.0,2115.0,12245.0
2007-02-12,2090.0,6915.0,10636.0
2007-02-13,0.0,2828.0,6256.0
2007-02-14,3295.0,3793.0,11579.0
2007-02-15,0.0,2363.0,14028.0
2007-02-16,1148.0,859.0,8689.0
2007-02-17,1765.0,2226.0,7157.0
2007-02-18,6107.0,8003.0,13129.0
2007-02-19,1634.0,2900.0,13085.0
2007-02-20,2058.0,5191.0,9713.0
2007-02-21,3527.0,2332.0,11548.0
2007-02-22,1409.0,4129.0,12251.0
2007-02-23,0.0,503.0,10786.0
2007-02-24,0.0,363.0,3562.0
2007-02-25,0.0,329.0,1660.0
2007-02-26,0.0,331.0,2830.0
2007-02-27,0.0,314.0,1924.0
2007-02-28,0.0,340.0,1973.0
2007-03-01,0.0,344.0,4765.0
2007-03-02,4746.0,4573.0,17834.0
2007-03-03,0.0,347.0,4597.0
2007-03-04,3630.0,1042.0,7637.0
2007-03-05,1906.0,1725.0,7836.0
2007-03-06,4985.0,7529.0,8334.0
2007-03-07,467.0,3214.0,4695.0
2007-03-08,958.0,0.0,9139.0
2007-03-09,621.0,2515.0,5323.0
2007-03-10,979.0,5024.0,3692.0
2007-03-11,0.0,282.0,1936.0
2007-03-12,1141.0,299.0,10428.0
2007-03-13,1350.0,3859.0,5323.0
2007-03-14,3485.0,480.0,8607.0
2007-03-15,0.0,3263.0,11036.0
2007-03-16,1106.0,4604.0,5370.0
2007-03-17,2208.0,359.0,12275.0
2007-03-18,6564.0,7369.0,5856.0
2007-03-19,1648.0,2686.0,14118.0
2007-03-20,3745.0,2837.0,11255.0
2007-03-21,1865.0,4133.0,12335.0
2007-03-22,353.0,736.0,10462.0
2007-03-23,1127.0,777.0,8369.0
2007-03-24,3707.0,5797.0,16382.0
2007-03-25,4630.0,3600.0,9358.0
2007-03-26,1088.0,344.0,9096.0
2007-03-27,0.0,3019.0,3697.0
2007-03-28,1122.0,8527.0,13888.0
2007-03-29,1162.0,460.0,10724.0
2007-03-30,1094.0,468.0,8217.0
2007-03-31,2620.0,7707.0,17682.0
2007-04-01,1051.0,7597.0,10896.0
2007-04-02,3391.0,4597.0,14472.0
2007-04-03,1476.0,8711.0,9408.0
2007-04-04,3434.0,420.0,14748.0
2007-04-05,2259.0,538.0,3990.0
2007-04-06,1585.0,836.0,4533.0
2007-04-07,2329.0,2218.0,5632.0
2007-04-08,552.0,398.0,7966.0
2007-04-09,2928.0,3501.0,9821.0
2007-04-10,2400.0,444.0,9710.0
2007-04-11,0.0,4387.0,7068.0
2007-04-12,1012.0,5828.0,8561.0
2007-04-13,0.0,558.0,1988.0
2007-04-14,0.0,578.0,2008.0
2007-04-15,0.0,1026.0,2893.0
2007-04-16,952.0,1305.0,4656.0
2007-04-17,1532.0,389.0,6199.0
2007-04-18,1579.0,355.0,3430.0
2007-04-19,733.0,1605.0,5748.0
2007-04-20,1069.0,360.0,3499.0
2007-04-21,6575.0,463.0,11129.0
2007-04-22,4264.0,2287.0,11102.0
2007-04-23,1402.0,506.0,6005.0
2007-04-24,1125.0,527.0,6680.0
2007-04-25,0.0,1469.0,8812.0
2007-04-26,1324.0,1845.0,7163.0
2007-04-27,1772.0,545.0,4756.0
2007-04-28,0.0,18.0,0.0
2007-04-29,0.0,0.0,0.0
2007-04-30,1214.0,500.0,1131.0
2007-05-01,1483.0,379.0,7602.0
2007-05-02,896.0,2564.0,7849.0
2007-05-03,5727.0,12109.0,10026.0
2007-05-04,1086.0,4277.0,10523.0
2007-05-05,2913.0,2493.0,11303.0
2007-05-06,4484.0,1027.0,6448.0
2007-05-07,2922.0,770.0,3973.0
2007-05-08,169.0,0.0,6647.0
2007-05-09,0.0,4144.0,6705.0
2007-05-10,0.0,351.0,9425.0
2007-05-11,1265.0,397.0,6583.0
2007-05-12,3422.0,295.0,10919.0
2007-05-13,3612.0,2414.0,8958.0
2007-05-14,3176.0,2417.0,5517.0
2007-05-15,0.0,408.0,5318.0
2007-05-16,2213.0,5756.0,9077.0
2007-05-17,1014.0,2073.0,7687.0
2007-05-18,3270.0,3913.0,8116.0
2007-05-19,4683.0,530.0,7022.0
2007-05-20,5420.0,1733.0,7611.0
2007-05-21,0.0,468.0,9060.0
2007-05-22,931.0,3966.0,3984.0
2007-05-23,956.0,3792.0,8119.0
2007-05-24,955.0,4116.0,4746.0
2007-05-25,8060.0,586.0,6539.0
2007-05-26,2373.0,2754.0,8628.0
2007-05-27,4366.0,5534.0,10444.0
2007-05-28,4554.0,473.0,9586.0
2007-05-29,0.0,1907.0,4332.0
2007-05-30,2250.0,5948.0,7804.0
2007-05-31,935.0,477.0,3552.0
2007-06-01,1336.0,402.0,5678.0
2007-06-02,1185.0,405.0,4517.0
2007-06-03,0.0,1740.0,4700.0
2007-06-04,0.0,5466.0,9166.0
2007-06-05,3215.0,949.0,10095.0
2007-06-06,3329.0,829.0,11663.0
2007-06-07,2826.0,3563.0,4005.0
2007-06-08,1096.0,0.0,7985.0
2007-06-09,0.0,3888.0,3461.0
2007-06-10,4840.0,347.0,9666.0
2007-06-11,1105.0,5515.0,10690.0
2007-06-12,4751.0,318.0,11908.0
2007-06-13,957.0,857.0,5216.0
2007-06-14,3322.0,2147.0,7054.0
2007-06-15,2269.0,4011.0,4547.0
2007-06-16,3289.0,4498.0,11108.0
2007-06-17,4124.0,5038.0,8734.0
2007-06-18,0.0,529.0,4241.0
2007-06-19,973.0,535.0,4357.0
2007-06-20,1761.0,2588.0,5106.0
2007-06-21,932.0,2400.0,3711.0
2007-06-22,0.0,951.0,3482.0
2007-06-23,0.0,786.0,2402.0
2007-06-24,0.0,791.0,3449.0
2007-06-25,1985.0,3621.0,4816.0
2007-06-26,971.0,1334.0,5231.0
2007-06-27,2603.0,6451.0,7270.0
2007-06-28,0.0,4368.0,9541.0
2007-06-29,4363.0,667.0,6797.0
2007-06-30,3049.0,792.0,8376.0
2007-07-01,1987.0,8177.0,12810.0
2007-07-02,3299.0,3513.0,11986.0
2007-07-03,1076.0,4761.0,15513.0
2007-07-04,1127.0,3111.0,5923.0
2007-07-05,946.0,4935.0,9433.0
2007-07-06,985.0,699.0,3959.0
2007-07-07,997.0,3047.0,10177.0
2007-07-08,437.0,2168.0,9042.0
2007-07-09,3632.0,551.0,9388.0
2007-07-10,2498.0,8255.0,10886.0
2007-07-11,5042.0,301.0,6374.0
2007-07-12,459.0,3710.0,10263.0
2007-07-13,0.0,633.0,4427.0
2007-07-14,3775.0,1968.0,6604.0
2007-07-15,862.0,632.0,5585.0
2007-07-16,830.0,695.0,4176.0
2007-07-17,848.0,694.0,3335.0
2007-07-18,909.0,671.0,4628.0
2007-07-19,1068.0,703.0,3130.0
2007-07-20,2111.0,2418.0,4765.0
2007-07-21,428.0,512.0,7756.0
2007-07-22,7091.0,2136.0,5563.0
2007-07-23,1747.0,1288.0,3847.0
2007-07-24,0.0,1607.0,5599.0
2007-07-25,0.0,151.0,2333.0
2007-07-26,975.0,3633.0,4346.0
2007-07-27,1837.0,49.0,7157.0
2007-07-28,907.0,10265.0,6559.0
2007-07-29,0.0,0.0,1288.0
2007-07-30,0.0,0.0,2528.0
2007-07-31,3277.0,0.0,3575.0
2007-08-01,0.0,467.0,17547.0
2007-08-02,2226.0,366.0,10157.0
2007-08-03,2180.0,3385.0,6655.0
2007-08-04,0.0,485.0,3545.0
2007-08-05,4581.0,2011.0,8777.0
2007-08-06,2799.0,11440.0,11380.0
2007-08-07,1825.0,2831.0,5277.0
2007-08-08,1055.0,1111.0,9660.0
2007-08-09,3339.0,1801.0,9164.0
2007-08-10,0.0,420.0,5082.0
2007-08-11,1715.0,314.0,6500.0
2007-08-12,1133.0,2354.0,12283.0
2007-08-13,93.0,476.0,11101.0
2007-08-14,951.0,685.0,6256.0
2007-08-15,338.0,508.0,9787.0
2007-08-16,962.0,0.0,7476.0
2007-08-17,244.0,0.0,7769.0
2007-08-18,0.0,0.0,1830.0
2007-08-19,1025.0,8912.0,5989.0
2007-08-20,1032.0,6965.0,7383.0
2007-08-21,0.0,38.0,3296.0
2007-08-22,3048.0,1836.0,7241.0
2007-08-23,2502.0,259.0,5342.0
2007-08-24,1891.0,3782.0,9944.0
2007-08-25,4149.0,2191.0,5678.0
2007-08-26,1541.0,3645.0,5658.0
2007-08-27,2305.0,1229.0,6344.0
2007-08-28,1038.0,2468.0,5483.0
2007-08-29,957.0,562.0,4932.0
2007-08-30,3822.0,2580.0,4221.0
2007-08-31,1200.0,666.0,8738.0
2007-09-01,1688.0,4267.0,9790.0
2007-09-02,0.0,3045.0,9770.0
2007-09-03,1093.0,345.0,8631.0
2007-09-04,2667.0,514.0,3801.0
2007-09-05,3018.0,5631.0,9474.0
2007-09-06,852.0,596.0,6590.0
2007-09-07,923.0,594.0,9386.0
2007-09-08,182.0,4515.0,6646.0
2007-09-09,2184.0,4438.0,9233.0
2007-09-10,2034.0,2147.0,9290.0
2007-09-11,0.0,4573.0,15375.0
2007-09-12,4176.0,2428.0,8728.0
2007-09-13,1175.0,2523.0,3853.0
2007-09-14,901.0,676.0,5804.0
2007-09-15,0.0,1449.0,6464.0
2007-09-16,3118.0,3064.0,9310.0
2007-09-17,6651.0,926.0,6279.0
2007-09-18,1888.0,2029.0,5425.0
2007-09-19,0.0,2743.0,7937.0
2007-09-20,1056.0,489.0,9996.0
2007-09-21,3130.0,2745.0,6316.0
2007-09-22,944.0,1311.0,7688.0
2007-09-23,2831.0,1929.0,7382.0
2007-09-24,929.0,3935.0,7955.0
2007-09-25,916.0,2253.0,9820.0
2007-09-26,1058.0,9415.0,5661.0
2007-09-27,1066.0,643.0,7324.0
2007-09-28,996.0,3722.0,9952.0
2007-09-29,4085.0,7457.0,8190.0
2007-09-30,1405.0,582.0,10225.0
2007-10-01,771.0,4456.0,11012.0
2007-10-02,5071.0,2831.0,14405.0
2007-10-03,4130.0,5422.0,10979.0
2007-10-04,209.0,742.0,2572.0
2007-10-05,946.0,534.0,3261.0
2007-10-06,4202.0,1924.0,5983.0
2007-10-07,67.0,2227.0,4631.0
2007-10-08,336.0,2651.0,8287.0
2007-10-09,935.0,595.0,5613.0
2007-10-10,1863.0,2117.0,3345.0
2007-10-11,3697.0,304.0,13767.0
2007-10-12,1102.0,278.0,8281.0
2007-10-13,969.0,3799.0,8463.0
2007-10-14,2930.0,7494.0,7126.0
2007-10-15,1061.0,339.0,7654.0
2007-10-16,0.0,7871.0,9876.0
2007-10-17,1065.0,453.0,8968.0
2007-10-18,1162.0,317.0,9864.0
2007-10-19,1299.0,3124.0,11648.0
2007-10-20,2363.0,296.0,13225.0
2007-10-21,3712.0,4357.0,7313.0
2007-10-22,0.0,299.0,13027.0
2007-10-23,1067.0,5186.0,10680.0
2007-10-24,4459.0,364.0,9115.0
2007-10-25,1478.0,2433.0,7385.0
2007-10-26,0.0,348.0,5766.0
2007-10-27,1374.0,4856.0,8949.0
2007-10-28,0.0,283.0,1765.0
2007-10-29,0.0,269.0,2749.0
2007-10-30,0.0,1935.0,4256.0
2007-10-31,0.0,4700.0,8915.0
2007-11-01,1378.0,2170.0,12415.0
2007-11-02,2430.0,4765.0,13114.0
2007-11-03,4810.0,3420.0,9500.0
2007-11-04,0.0,1112.0,6421.0
2007-11-05,926.0,491.0,6471.0
2007-11-06,0.0,487.0,5328.0
2007-11-07,1015.0,647.0,5284.0
2007-11-08,1180.0,910.0,10339.0
2007-11-09,943.0,550.0,5792.0
2007-11-10,2630.0,414.0,7806.0
2007-11-11,3445.0,320.0,6024.0
2007-11-12,1050.0,3817.0,12740.0
2007-11-13,978.0,4933.0,11076.0
2007-11-14,1055.0,295.0,16345.0
2007-11-15,1606.0,571.0,7503.0
2007-11-16,1991.0,4660.0,13564.0
2007-11-17,2588.0,2199.0,14990.0
2007-11-18,5201.0,2097.0,7066.0
2007-11-19,1089.0,253.0,10750.0
2007-11-20,1015.0,3954.0,11026.0
2007-11-21,1139.0,549.0,9455.0
2007-11-22,2867.0,297.0,9001.0
2007-11-23,2168.0,6181.0,13685.0
2007-11-24,1573.0,4131.0,13451.0
2007-11-25,3556.0,279.0,5678.0
2007-11-26,1088.0,288.0,8926.0
2007-11-27,1063.0,11020.0,15111.0
2007-11-28,1182.0,769.0,7810.0
2007-11-29,2031.0,283.0,8818.0
2007-11-30,0.0,7941.0,13601.0
2007-12-01,0.0,439.0,8276.0
2007-12-02,2227.0,399.0,11517.0
2007-12-03,1403.0,2841.0,12353.0
2007-12-04,0.0,541.0,1818.0
2007-12-05,2247.0,1075.0,10408.0
2007-12-06,1882.0,475.0,3898.0
2007-12-07,1029.0,2550.0,6419.0
2007-12-08,1123.0,1156.0,8582.0
2007-12-09,0.0,3217.0,7755.0
2007-12-10,1020.0,5028.0,11659.0
2007-12-11,1018.0,4165.0,13281.0
2007-12-12,1152.0,254.0,7759.0
2007-12-13,1103.0,1448.0,8911.0
2007-12-14,980.0,3849.0,12941.0
2007-12-15,1706.0,3687.0,14313.0
2007-12-16,3410.0,2281.0,12929.0
2007-12-17,1636.0,243.0,10567.0
2007-12-18,1123.0,5810.0,11093.0
2007-12-19,1233.0,2658.0,11679.0
2007-12-20,1859.0,276.0,13592.0
2007-12-21,1191.0,200.0,12251.0
2007-12-22,3819.0,4550.0,12673.0
2007-12-23,1971.0,3091.0,11962.0
2007-12-24,2985.0,2316.0,14350.0
2007-12-25,4588.0,3368.0,9084.0
2007-12-26,1109.0,2773.0,9480.0
2007-12-27,4122.0,1490.0,7960.0
2007-12-28,1980.0,8554.0,15823.0
2007-12-29,4836.0,2434.0,14906.0
2007-12-30,3595.0,3597.0,13485.0
2007-12-31,0.0,3457.0,14071.0
2008-01-01,2461.0,2739.0,12355.0
2008-01-02,336.0,280.0,7241.0
2008-01-03,0.0,1287.0,2724.0
2008-01-04,1079.0,6657.0,14515.0
2008-01-05,0.0,530.0,2586.0
2008-01-06,1906.0,545.0,11307.0
2008-01-07,3465.0,587.0,8390.0
2008-01-08,586.0,1150.0,5091.0
2008-01-09,950.0,521.0,10183.0
2008-01-10,2249.0,5800.0,10808.0
2008-01-11,0.0,344.0,1939.0
2008-01-12,1085.0,309.0,9013.0
2008-01-13,6505.0,340.0,9362.0
2008-01-14,5918.0,339.0,9738.0
2008-01-15,782.0,6883.0,14512.0
2008-01-16,1162.0,3430.0,9391.0
2008-01-17,1007.0,350.0,8657.0
2008-01-18,1034.0,846.0,14983.0
2008-01-19,2521.0,6054.0,8015.0
2008-01-20,1775.0,380.0,4940.0
2008-01-21,0.0,376.0,10447.0
2008-01-22,4670.0,7640.0,7552.0
2008-01-23,1116.0,387.0,13359.0
2008-01-24,1107.0,320.0,5935.0
2008-01-25,0.0,2421.0,11409.0
2008-01-26,4925.0,311.0,15606.0
2008-01-27,3725.0,3818.0,7367.0
2008-01-28,1142.0,280.0,12792.0
2008-01-29,1487.0,6199.0,11077.0
2008-01-30,0.0,261.0,7261.0
2008-01-31,1165.0,267.0,9437.0
2008-02-01,0.0,3094.0,8987.0
2008-02-02,6247.0,2764.0,15188.0
2008-02-03,0.0,5244.0,2565.0
2008-02-04,1106.0,3674.0,7989.0
2008-02-05,3114.0,584.0,8687.0
2008-02-06,960.0,558.0,6341.0
2008-02-07,962.0,650.0,7002.0
2008-02-08,0.0,504.0,3803.0
2008-02-09,4273.0,1206.0,6648.0
2008-02-10,0.0,367.0,9060.0
2008-02-11,0.0,346.0,2824.0
2008-02-12,0.0,304.0,11343.0
2008-02-13,2530.0,3615.0,7568.0
2008-02-14,1300.0,291.0,9299.0
2008-02-15,1109.0,1723.0,13417.0
2008-02-16,1076.0,2360.0,11599.0
2008-02-17,3182.0,2257.0,6049.0
2008-02-18,0.0,251.0,10345.0
2008-02-19,1881.0,4711.0,11200.0
2008-02-20,3655.0,5516.0,7704.0
2008-02-21,0.0,307.0,8523.0
2008-02-22,1167.0,1985.0,10101.0
2008-02-23,1684.0,2250.0,10040.0
2008-02-24,754.0,332.0,11447.0
2008-02-25,0.0,321.0,1856.0
2008-02-26,0.0,295.0,2013.0
2008-02-27,0.0,326.0,2969.0
2008-02-28,0.0,281.0,2028.0
2008-02-29,0.0,3773.0,8062.0
2008-03-01,1130.0,846.0,6671.0
2008-03-02,2319.0,4435.0,8452.0
2008-03-03,0.0,2207.0,1755.0
2008-03-04,0.0,422.0,6901.0
2008-03-05,996.0,541.0,6535.0
2008-03-06,2897.0,2608.0,9265.0
2008-03-07,958.0,2569.0,7410.0
2008-03-08,0.0,499.0,3926.0
2008-03-09,1326.0,1902.0,10213.0
2008-03-10,4801.0,349.0,9432.0
2008-03-11,963.0,347.0,1892.0
2008-03-12,1137.0,302.0,9664.0
2008-03-13,3263.0,3590.0,5464.0
2008-03-14,980.0,3881.0,14476.0
2008-03-15,2550.0,502.0,5910.0
2008-03-16,2394.0,566.0,11286.0
2008-03-17,236.0,6651.0,9346.0
2008-03-18,1156.0,4019.0,12544.0
2008-03-19,2110.0,411.0,6154.0
2008-03-20,1107.0,478.0,6670.0
2008-03-21,2171.0,4778.0,13275.0
2008-03-22,3322.0,588.0,12405.0
2008-03-23,6279.0,2112.0,13878.0
2008-03-24,1131.0,5988.0,7008.0
2008-03-25,2246.0,3677.0,13494.0
2008-03-26,2547.0,3831.0,7547.0
2008-03-27,0.0,356.0,9022.0
2008-03-28,2325.0,3605.0,11581.0
2008-03-29,5153.0,375.0,17240.0
2008-03-30,5045.0,1315.0,9769.0
2008-03-31,1091.0,411.0,9387.0
2008-04-01,1241.0,5326.0,11752.0
2008-04-02,1161.0,252.0,9531.0
2008-04-03,1249.0,2443.0,9415.0
2008-04-04,2133.0,775.0,13246.0
2008-04-05,2196.0,2872.0,5464.0
2008-04-06,1550.0,7682.0,6508.0
2008-04-07,0.0,589.0,8302.0
2008-04-08,596.0,4677.0,4410.0
2008-04-09,2225.0,404.0,9408.0
2008-04-10,3462.0,629.0,12573.0
2008-04-11,0.0,6214.0,4106.0
2008-04-12,1085.0,281.0,11314.0
2008-04-13,2554.0,5942.0,13007.0
2008-04-14,0.0,425.0,11197.0
2008-04-15,1174.0,3998.0,9874.0
2008-04-16,838.0,403.0,11322.0
2008-04-17,1719.0,417.0,8638.0
2008-04-18,2174.0,3832.0,10921.0
2008-04-19,4319.0,2457.0,14722.0
2008-04-20,1030.0,4544.0,10401.0
2008-04-21,0.0,2673.0,6788.0
2008-04-22,971.0,5093.0,10603.0
2008-04-23,1380.0,492.0,8406.0
2008-04-24,1263.0,522.0,5296.0
2008-04-25,824.0,2004.0,9400.0
2008-04-26,0.0,634.0,3586.0
2008-04-27,693.0,588.0,5488.0
2008-04-28,0.0,621.0,2786.0
2008-04-29,1402.0,5411.0,10481.0
2008-04-30,1057.0,590.0,6653.0
2008-05-01,2113.0,286.0,14591.0
2008-05-02,1098.0,7803.0,13717.0
2008-05-03,1145.0,9797.0,5529.0
2008-05-04,2929.0,874.0,13644.0
2008-05-05,1008.0,378.0,10197.0
2008-05-06,1747.0,506.0,8781.0
2008-05-07,1875.0,6754.0,8365.0
2008-05-08,635.0,509.0,7118.0
2008-05-09,379.0,431.0,6943.0
2008-05-10,990.0,3257.0,6071.0
2008-05-11,7597.0,10409.0,8362.0
2008-05-12,831.0,310.0,9852.0
2008-05-13,823.0,4089.0,8370.0
2008-05-14,2467.0,3436.0,9716.0
2008-05-15,868.0,570.0,6820.0
2008-05-16,2228.0,2565.0,8955.0
2008-05-17,2158.0,935.0,12472.0
2008-05-18,1775.0,5355.0,8626.0
2008-05-19,1014.0,558.0,7503.0
2008-05-20,1352.0,2431.0,11977.0
2008-05-21,1989.0,474.0,9251.0
2008-05-22,996.0,440.0,6475.0
2008-05-23,0.0,1390.0,14734.0
2008-05-24,1027.0,569.0,12833.0
2008-05-25,4307.0,8811.0,6016.0
2008-05-26,985.0,666.0,9284.0
2008-05-27,0.0,5352.0,11478.0
2008-05-28,3138.0,512.0,6709.0
2008-05-29,1004.0,507.0,8703.0
2008-05-30,0.0,3019.0,11298.0
2008-05-31,1764.0,2328.0,11858.0
2008-06-01,1966.0,2445.0,7824.0
2008-06-02,2114.0,356.0,8428.0
2008-06-03,1082.0,372.0,6965.0
2008-06-04,1124.0,2615.0,7552.0
2008-06-05,1354.0,5410.0,12200.0
2008-06-06,1009.0,506.0,7871.0
2008-06-07,4258.0,5230.0,7536.0
2008-06-08,0.0,513.0,2215.0
2008-06-09,2948.0,6500.0,13400.0
2008-06-10,990.0,286.0,9562.0
2008-06-11,1033.0,430.0,6734.0
2008-06-12,4005.0,5749.0,9048.0
2008-06-13,2809.0,7358.0,10531.0
2008-06-14,1862.0,1011.0,10681.0
2008-06-15,6471.0,6802.0,11589.0
2008-06-16,1980.0,464.0,10012.0
2008-06-17,1080.0,432.0,10094.0
2008-06-18,7549.0,3040.0,12687.0
2008-06-19,3411.0,1514.0,10911.0
2008-06-20,2948.0,2935.0,12417.0
2008-06-21,940.0,5823.0,12828.0
2008-06-22,4705.0,1175.0,10652.0
2008-06-23,2600.0,581.0,10124.0
2008-06-24,2779.0,3489.0,14271.0
2008-06-25,2773.0,569.0,9402.0
2008-06-26,921.0,572.0,8971.0
2008-06-27,4159.0,2372.0,10163.0
2008-06-28,0.0,2000.0,7932.0
2008-06-29,955.0,535.0,3896.0
2008-06-30,0.0,521.0,6819.0
2008-07-01,1288.0,282.0,10294.0
2008-07-02,0.0,295.0,8089.0
2008-07-03,1235.0,3471.0,9033.0
2008-07-04,2420.0,672.0,9466.0
2008-07-05,1030.0,423.0,6649.0
2008-07-06,2379.0,2611.0,14593.0
2008-07-07,2171.0,592.0,7149.0
2008-07-08,0.0,526.0,2357.0
2008-07-09,3612.0,1707.0,5976.0
2008-07-10,1016.0,419.0,9476.0
2008-07-11,1032.0,389.0,10421.0
2008-07-12,3294.0,310.0,13627.0
2008-07-13,1671.0,3164.0,7056.0
2008-07-14,2564.0,1995.0,6436.0
2008-07-15,968.0,552.0,8585.0
2008-07-16,1537.0,2799.0,4978.0
2008-07-17,1122.0,723.0,8280.0
2008-07-18,1143.0,552.0,9260.0
2008-07-19,2941.0,3146.0,7676.0
2008-07-20,1943.0,1076.0,5457.0
2008-07-21,1698.0,431.0,9189.0
2008-07-22,0.0,430.0,4886.0
2008-07-23,1233.0,454.0,6325.0
2008-07-24,837.0,476.0,8344.0
2008-07-25,1168.0,492.0,6731.0
2008-07-26,0.0,948.0,6243.0
2008-07-27,1063.0,858.0,8385.0
2008-07-28,0.0,509.0,5963.0
2008-07-29,1571.0,530.0,5802.0
2008-07-30,2548.0,773.0,6278.0
2008-07-31,1533.0,2808.0,7588.0
2008-08-01,2197.0,3511.0,9793.0
2008-08-02,940.0,1921.0,9563.0
2008-08-03,6286.0,346.0,8435.0
2008-08-04,2752.0,10713.0,17519.0
2008-08-05,3667.0,702.0,12717.0
2008-08-06,2536.0,3161.0,9732.0
2008-08-07,991.0,503.0,7592.0
2008-08-08,0.0,481.0,1980.0
2008-08-09,747.0,2293.0,9559.0
2008-08-10,1044.0,5126.0,11650.0
2008-08-11,1114.0,3271.0,6069.0
2008-08-12,1117.0,296.0,13256.0
2008-08-13,0.0,451.0,1789.0
2008-08-14,0.0,441.0,1641.0
2008-08-15,0.0,439.0,1691.0
2008-08-16,0.0,442.0,1688.0
2008-08-17,0.0,445.0,1710.0
2008-08-18,0.0,440.0,1719.0
2008-08-19,0.0,442.0,1697.0
2008-08-20,0.0,437.0,1626.0
2008-08-21,0.0,432.0,1577.0
2008-08-22,0.0,438.0,1614.0
2008-08-23,0.0,419.0,1485.0
2008-08-24,0.0,404.0,1523.0
2008-08-25,0.0,422.0,1436.0
2008-08-26,0.0,420.0,1533.0
2008-08-27,0.0,399.0,1539.0
2008-08-28,0.0,432.0,1631.0
2008-08-29,0.0,430.0,1599.0
2008-08-30,0.0,435.0,1619.0
2008-08-31,2056.0,3733.0,12117.0
2008-09-01,1162.0,284.0,8963.0
2008-09-02,2050.0,2838.0,10293.0
2008-09-03,2607.0,333.0,4155.0
2008-09-04,0.0,376.0,9003.0
2008-09-05,2229.0,423.0,11904.0
2008-09-06,1967.0,2085.0,7921.0
2008-09-07,951.0,499.0,7352.0
2008-09-08,0.0,489.0,1902.0
2008-09-09,236.0,453.0,7728.0
2008-09-10,1032.0,3064.0,11652.0
2008-09-11,6301.0,661.0,14348.0
2008-09-12,1985.0,2553.0,12886.0
2008-09-13,930.0,5433.0,11807.0
2008-09-14,4673.0,445.0,6538.0
2008-09-15,960.0,364.0,10322.0
2008-09-16,0.0,368.0,8249.0
2008-09-17,1910.0,3727.0,9371.0
2008-09-18,4202.0,357.0,7991.0
2008-09-19,1569.0,351.0,12367.0
2008-09-20,0.0,370.0,12477.0
2008-09-21,4010.0,2381.0,8347.0
2008-09-22,1014.0,2448.0,10227.0
2008-09-23,0.0,2168.0,7920.0
2008-09-24,2019.0,4730.0,10548.0
2008-09-25,1012.0,751.0,8485.0
2008-09-26,1221.0,370.0,10890.0
2008-09-27,4347.0,2584.0,12688.0
2008-09-28,1920.0,385.0,11242.0
2008-09-29,1014.0,363.0,10677.0
2008-09-30,998.0,360.0,7415.0
2008-10-01,1307.0,285.0,9992.0
2008-10-02,2562.0,2955.0,10128.0
2008-10-03,2009.0,368.0,8660.0
2008-10-04,3261.0,457.0,6527.0
2008-10-05,6950.0,612.0,11714.0
2008-10-06,907.0,585.0,8992.0
2008-10-07,982.0,552.0,8186.0
2008-10-08,0.0,464.0,1905.0
2008-10-09,1009.0,399.0,10281.0
2008-10-10,0.0,389.0,12046.0
2008-10-11,1023.0,355.0,10285.0
2008-10-12,1128.0,4144.0,10889.0
2008-10-13,1037.0,535.0,9483.0
2008-10-14,1177.0,442.0,9939.0
2008-10-15,1998.0,7042.0,9984.0
2008-10-16,951.0,429.0,8438.0
2008-10-17,2036.0,3187.0,9639.0
2008-10-18,799.0,1655.0,12146.0
2008-10-19,698.0,8010.0,4600.0
2008-10-20,844.0,2648.0,10475.0
2008-10-21,857.0,2663.0,11331.0
2008-10-22,662.0,2542.0,8487.0
2008-10-23,815.0,1435.0,10587.0
2008-10-24,7893.0,2277.0,10284.0
2008-10-25,737.0,394.0,13433.0
2008-10-26,0.0,360.0,2013.0
2008-10-27,0.0,402.0,1967.0
2008-10-28,2263.0,362.0,5090.0
2008-10-29,1037.0,345.0,4015.0
2008-10-30,0.0,345.0,2619.0
2008-10-31,0.0,312.0,10483.0
2008-11-01,1261.0,290.0,7997.0
2008-11-02,1018.0,297.0,8930.0
2008-11-03,1271.0,3901.0,12936.0
2008-11-04,1802.0,491.0,14522.0
2008-11-05,563.0,1340.0,6930.0
2008-11-06,977.0,842.0,7566.0
2008-11-07,724.0,558.0,9251.0
2008-11-08,0.0,489.0,1880.0
2008-11-09,1005.0,417.0,7644.0
2008-11-10,2144.0,2335.0,11373.0
2008-11-11,2475.0,2288.0,14651.0
2008-11-12,1160.0,273.0,7979.0
2008-11-13,0.0,338.0,6315.0
2008-11-14,2092.0,325.0,9929.0
2008-11-15,3952.0,3799.0,15635.0
2008-11-16,4791.0,1829.0,8945.0
2008-11-17,0.0,378.0,10590.0
2008-11-18,1079.0,369.0,11204.0
2008-11-19,1737.0,3026.0,8704.0
2008-11-20,1034.0,347.0,7732.0
2008-11-21,1039.0,348.0,10396.0
2008-11-22,1093.0,882.0,8320.0
2008-11-23,3631.0,8823.0,10272.0
2008-11-24,1063.0,510.0,13378.0
2008-11-25,3010.0,345.0,10471.0
2008-11-26,909.0,304.0,10002.0
2008-11-27,2491.0,330.0,12440.0
2008-11-28,1113.0,295.0,11361.0
2008-11-29,5268.0,2392.0,12386.0
2008-11-30,1161.0,3481.0,11474.0
2008-12-01,5594.0,2621.0,11116.0
2008-12-02,2009.0,1856.0,12138.0
2008-12-03,1120.0,2374.0,11042.0
2008-12-04,7076.0,2499.0,15225.0
2008-12-05,2082.0,1085.0,11959.0
2008-12-06,1951.0,567.0,7246.0
2008-12-07,4436.0,2617.0,7231.0
2008-12-08,0.0,462.0,1844.0
2008-12-09,1867.0,402.0,8738.0
2008-12-10,2561.0,5822.0,7171.0
2008-12-11,1066.0,2712.0,9430.0
2008-12-12,1157.0,255.0,12154.0
2008-12-13,2186.0,261.0,9271.0
2008-12-14,3742.0,2497.0,5415.0
2008-12-15,1178.0,252.0,9668.0
2008-12-16,0.0,253.0,11334.0
2008-12-17,4251.0,284.0,10813.0
2008-12-18,1125.0,258.0,11293.0
2008-12-19,1538.0,296.0,11773.0
2008-12-20,1132.0,6479.0,12819.0
2008-12-21,1099.0,9189.0,14816.0
2008-12-22,2157.0,391.0,10433.0
2008-12-23,2666.0,2115.0,8326.0
2008-12-24,0.0,364.0,9981.0
2008-12-25,0.0,285.0,3598.0
2008-12-26,1121.0,279.0,7796.0
2008-12-27,0.0,244.0,12209.0
2008-12-28,1953.0,217.0,5291.0
2008-12-29,0.0,218.0,2480.0
2008-12-30,0.0,245.0,7145.0
2008-12-31,2975.0,246.0,11860.0
2009-01-01,765.0,3845.0,2803.0
2009-01-02,3330.0,622.0,7494.0
2009-01-03,11178.0,2740.0,8834.0
2009-01-04,2807.0,2364.0,7309.0
2009-01-05,1067.0,1052.0,11709.0
2009-01-06,2789.0,461.0,11361.0
2009-01-07,989.0,590.0,9747.0
2009-01-08,0.0,844.0,6248.0
2009-01-09,0.0,697.0,6073.0
2009-01-10,950.0,602.0,9433.0
2009-01-11,1970.0,470.0,12215.0
2009-01-12,0.0,354.0,10821.0
2009-01-13,1140.0,329.0,16194.0
2009-01-14,2277.0,332.0,10301.0
2009-01-15,2731.0,390.0,9561.0
2009-01-16,5811.0,3158.0,15220.0
2009-01-17,2477.0,3154.0,15322.0
2009-01-18,5649.0,6701.0,12727.0
2009-01-19,1118.0,376.0,10279.0
2009-01-20,0.0,282.0,13727.0
2009-01-21,1148.0,2159.0,9830.0
2009-01-22,0.0,341.0,8246.0
2009-01-23,2078.0,295.0,12146.0
2009-01-24,5096.0,4492.0,8322.0
2009-01-25,3971.0,5960.0,11213.0
2009-01-26,1121.0,348.0,9821.0
2009-01-27,896.0,278.0,6608.0
2009-01-28,2301.0,6949.0,14285.0
2009-01-29,0.0,294.0,8996.0
2009-01-30,1622.0,280.0,12147.0
2009-01-31,8278.0,6575.0,15309.0
2009-02-01,2417.0,6018.0,11841.0
2009-02-02,1159.0,232.0,10915.0
2009-02-03,1560.0,310.0,6684.0
2009-02-04,1128.0,324.0,13500.0
2009-02-05,1430.0,374.0,9760.0
2009-02-06,0.0,506.0,7892.0
2009-02-07,637.0,603.0,8032.0
2009-02-08,0.0,637.0,3539.0
2009-02-09,947.0,659.0,9921.0
2009-02-10,0.0,570.0,10142.0
2009-02-11,1881.0,471.0,7490.0
2009-02-12,1143.0,7052.0,12851.0
2009-02-13,1100.0,254.0,11554.0
2009-02-14,2280.0,3256.0,18509.0
2009-02-15,2465.0,226.0,5234.0
2009-02-16,0.0,261.0,7037.0
2009-02-17,0.0,266.0,3925.0
2009-02-18,0.0,297.0,5471.0
2009-02-19,1046.0,262.0,1796.0
2009-02-20,2897.0,293.0,8768.0
2009-02-21,2111.0,262.0,3983.0
2009-02-22,3816.0,8576.0,7133.0
2009-02-23,1212.0,3744.0,12471.0
2009-02-24,0.0,1602.0,14512.0
2009-02-25,1092.0,274.0,7359.0
2009-02-26,0.0,268.0,6841.0
2009-02-27,1154.0,246.0,14831.0
2009-02-28,1145.0,5358.0,8006.0
2009-03-01,6440.0,328.0,10439.0
2009-03-02,703.0,878.0,14984.0
2009-03-03,1159.0,268.0,13024.0
2009-03-04,0.0,326.0,8556.0
2009-03-05,3207.0,2593.0,7226.0
2009-03-06,940.0,1370.0,11577.0
2009-03-07,856.0,642.0,7371.0
2009-03-08,0.0,605.0,3811.0
2009-03-09,3319.0,3099.0,5011.0
2009-03-10,3644.0,920.0,14480.0
2009-03-11,2009.0,3951.0,9025.0
2009-03-12,1039.0,402.0,9906.0
2009-03-13,1082.0,311.0,10466.0
2009-03-14,2196.0,280.0,18036.0
2009-03-15,3478.0,5152.0,8353.0
2009-03-16,0.0,306.0,9273.0
2009-03-17,1110.0,3952.0,12320.0
2009-03-18,1123.0,375.0,12101.0
2009-03-19,0.0,314.0,9458.0
2009-03-20,1083.0,308.0,10618.0
2009-03-21,5420.0,682.0,10266.0
2009-03-22,2017.0,3778.0,9015.0
2009-03-23,1078.0,310.0,5999.0
2009-03-24,1710.0,352.0,10149.0
2009-03-25,2780.0,3315.0,10287.0
2009-03-26,0.0,312.0,8596.0
2009-03-27,1103.0,526.0,9947.0
2009-03-28,4527.0,327.0,12225.0
2009-03-29,1611.0,4024.0,9502.0
2009-03-30,1085.0,295.0,9901.0
2009-03-31,2202.0,2711.0,12958.0
2009-04-01,1457.0,5251.0,3245.0
2009-04-02,871.0,6961.0,15960.0
2009-04-03,2214.0,2570.0,8393.0
2009-04-04,2699.0,4172.0,16251.0
2009-04-05,1007.0,411.0,11374.0
2009-04-06,1906.0,455.0,6905.0
2009-04-07,2084.0,2329.0,6791.0
2009-04-08,0.0,607.0,3871.0
2009-04-09,0.0,636.0,8095.0
2009-04-10,3189.0,3499.0,8980.0
2009-04-11,1075.0,4008.0,12246.0
2009-04-12,1158.0,352.0,9134.0
2009-04-13,1006.0,5648.0,6209.0
2009-04-14,888.0,2341.0,9478.0
2009-04-15,1880.0,463.0,5278.0
2009-04-16,2896.0,397.0,9809.0
2009-04-17,0.0,5224.0,7655.0
2009-04-18,1028.0,2613.0,10699.0
2009-04-19,2201.0,376.0,8088.0
2009-04-20,0.0,2644.0,10476.0
2009-04-21,1925.0,375.0,7380.0
2009-04-22,1024.0,1203.0,13265.0
2009-04-23,1068.0,395.0,5511.0
2009-04-24,0.0,383.0,9677.0
2009-04-25,2007.0,3901.0,13225.0
2009-04-26,3053.0,3017.0,10561.0
2009-04-27,995.0,376.0,7021.0
2009-04-28,2068.0,371.0,11469.0
2009-04-29,1043.0,2492.0,9372.0
2009-04-30,1027.0,363.0,15305.0
2009-05-01,1247.0,322.0,8650.0
2009-05-02,1104.0,264.0,12987.0
2009-05-03,0.0,271.0,9094.0
2009-05-04,3832.0,357.0,6503.0
2009-05-05,1049.0,5539.0,10166.0
2009-05-06,0.0,456.0,12515.0
2009-05-07,3215.0,1438.0,8014.0
2009-05-08,0.0,620.0,4042.0
2009-05-09,2988.0,2248.0,10433.0
2009-05-10,984.0,542.0,7983.0
2009-05-11,1105.0,532.0,9868.0
2009-05-12,3822.0,351.0,13324.0
2009-05-13,1419.0,553.0,7127.0
2009-05-14,0.0,4065.0,11499.0
2009-05-15,1382.0,494.0,12195.0
2009-05-16,1705.0,4820.0,12265.0
2009-05-17,2555.0,1926.0,7168.0
2009-05-18,763.0,374.0,8971.0
2009-05-19,3253.0,792.0,10981.0
2009-05-20,1061.0,1889.0,9470.0
2009-05-21,1553.0,1278.0,12563.0
2009-05-22,982.0,1207.0,8078.0
2009-05-23,480.0,1844.0,12579.0
2009-05-24,45.0,446.0,10256.0
2009-05-25,920.0,966.0,9930.0
2009-05-26,1191.0,860.0,10100.0
2009-05-27,1052.0,2355.0,11076.0
2009-05-28,1502.0,421.0,9049.0
2009-05-29,1005.0,434.0,10112.0
2009-05-30,2787.0,1707.0,11557.0
2009-05-31,1466.0,458.0,5720.0
2009-06-01,0.0,254.0,12462.0
2009-06-02,1165.0,273.0,11716.0
2009-06-03,1144.0,265.0,12056.0
2009-06-04,799.0,333.0,10141.0
2009-06-05,1038.0,1797.0,9058.0
2009-06-06,1769.0,2732.0,10611.0
2009-06-07,429.0,755.0,7142.0
2009-06-08,0.0,659.0,4193.0
2009-06-09,995.0,588.0,9031.0
2009-06-10,1.0,543.0,8806.0
2009-06-11,0.0,442.0,11326.0
2009-06-12,2850.0,4175.0,12420.0
2009-06-13,0.0,5.0,79.0
2009-06-14,0.0,0.0,0.0
2009-06-15,916.0,348.0,5662.0
2009-06-16,2983.0,1221.0,13691.0
2009-06-17,975.0,611.0,7193.0
2009-06-18,0.0,461.0,11223.0
2009-06-19,969.0,475.0,7737.0
2009-06-20,0.0,2657.0,9159.0
2009-06-21,1039.0,412.0,6002.0
2009-06-22,0.0,449.0,11148.0
2009-06-23,1010.0,1261.0,8186.0
2009-06-24,3059.0,1239.0,14275.0
2009-06-25,0.0,495.0,6224.0
2009-06-26,1826.0,538.0,9952.0
2009-06-27,2663.0,2432.0,13468.0
2009-06-28,0.0,1421.0,6742.0
2009-06-29,1794.0,598.0,6462.0
2009-06-30,582.0,1034.0,8989.0
2009-07-01,2687.0,3820.0,9979.0
2009-07-02,6822.0,4483.0,17873.0
2009-07-03,1055.0,811.0,12113.0
2009-07-04,1103.0,338.0,9121.0
2009-07-05,0.0,374.0,7992.0
2009-07-06,2077.0,1641.0,6034.0
2009-07-07,1292.0,3619.0,5704.0
2009-07-08,0.0,668.0,4232.0
2009-07-09,2196.0,577.0,8299.0
2009-07-10,734.0,4334.0,9908.0
2009-07-11,2187.0,408.0,10014.0
2009-07-12,1132.0,358.0,10291.0
2009-07-13,0.0,594.0,3881.0
2009-07-14,2303.0,618.0,6155.0
2009-07-15,878.0,932.0,5820.0
2009-07-16,0.0,1724.0,3902.0
2009-07-17,0.0,626.0,6670.0
2009-07-18,0.0,663.0,5389.0
2009-07-19,0.0,598.0,5058.0
2009-07-20,914.0,784.0,4948.0
2009-07-21,0.0,981.0,7795.0
2009-07-22,0.0,681.0,3965.0
2009-07-23,926.0,622.0,9064.0
2009-07-24,0.0,630.0,4128.0
2009-07-25,0.0,577.0,3716.0
2009-07-26,0.0,1019.0,3799.0
2009-07-27,0.0,2062.0,5202.0
2009-07-28,0.0,4899.0,4353.0
2009-07-29,869.0,749.0,7549.0
2009-07-30,0.0,2304.0,4040.0
2009-07-31,865.0,3423.0,6302.0
2009-08-01,2773.0,299.0,10075.0
2009-08-02,5341.0,259.0,15174.0
2009-08-03,7253.0,5260.0,12691.0
2009-08-04,2131.0,2827.0,7968.0
2009-08-05,2226.0,848.0,15426.0
2009-08-06,1024.0,432.0,8551.0
2009-08-07,0.0,3514.0,9308.0
2009-08-08,0.0,646.0,4093.0
2009-08-09,1002.0,577.0,8533.0
2009-08-10,2091.0,619.0,11568.0
2009-08-11,4941.0,2075.0,14871.0
2009-08-12,1108.0,350.0,15376.0
2009-08-13,1215.0,3702.0,1709.0
2009-08-14,429.0,850.0,4647.0
2009-08-15,3437.0,1852.0,8922.0
2009-08-16,1604.0,1094.0,5691.0
2009-08-17,1.0,813.0,6261.0
2009-08-18,2306.0,1440.0,6324.0
2009-08-19,896.0,812.0,6044.0
2009-08-20,0.0,883.0,6138.0
2009-08-21,3043.0,887.0,7527.0
2009-08-22,4544.0,3203.0,8549.0
2009-08-23,949.0,819.0,6994.0
2009-08-24,2279.0,737.0,8247.0
2009-08-25,1140.0,755.0,6291.0
2009-08-26,2131.0,1516.0,7860.0
2009-08-27,0.0,664.0,4283.0
2009-08-28,1778.0,1125.0,7485.0
2009-08-29,905.0,1483.0,11707.0
2009-08-30,2653.0,1363.0,10648.0
2009-08-31,960.0,678.0,9974.0
2009-09-01,1802.0,272.0,9285.0
2009-09-02,1063.0,228.0,9375.0
2009-09-03,2001.0,369.0,10336.0
2009-09-04,2682.0,366.0,13482.0
2009-09-05,2090.0,382.0,6605.0
2009-09-06,1000.0,414.0,10695.0
2009-09-07,0.0,656.0,4783.0
2009-09-08,1984.0,2380.0,5154.0
2009-09-09,964.0,3832.0,10671.0
2009-09-10,0.0,559.0,10718.0
2009-09-11,1125.0,430.0,7621.0
2009-09-12,2054.0,3355.0,7971.0
2009-09-13,4146.0,612.0,10170.0
2009-09-14,2843.0,603.0,9091.0
2009-09-15,1769.0,560.0,8644.0
2009-09-16,1035.0,3470.0,13384.0
2009-09-17,0.0,563.0,9710.0
2009-09-18,1993.0,652.0,9151.0
2009-09-19,1607.0,4050.0,14845.0
2009-09-20,4532.0,2466.0,11935.0
2009-09-21,921.0,604.0,10844.0
2009-09-22,937.0,597.0,8502.0
2009-09-23,2085.0,978.0,12884.0
2009-09-24,1051.0,621.0,10374.0
2009-09-25,0.0,594.0,9694.0
2009-09-26,1943.0,571.0,14581.0
2009-09-27,1817.0,4571.0,8554.0
2009-09-28,0.0,603.0,10797.0
2009-09-29,1031.0,603.0,7322.0
2009-09-30,970.0,8080.0,9196.0
2009-10-01,2828.0,4288.0,12539.0
2009-10-02,1128.0,263.0,12339.0
2009-10-03,0.0,281.0,11610.0
2009-10-04,2057.0,2822.0,13828.0
2009-10-05,4300.0,6670.0,8692.0
2009-10-06,1032.0,4745.0,9889.0
2009-10-07,988.0,2624.0,7492.0
2009-10-08,0.0,3719.0,6012.0
2009-10-09,928.0,600.0,6508.0
2009-10-10,4510.0,570.0,14811.0
2009-10-11,1118.0,432.0,11788.0
2009-10-12,2823.0,349.0,15399.0
2009-10-13,983.0,530.0,9530.0
2009-10-14,2001.0,3131.0,10013.0
2009-10-15,1629.0,463.0,9641.0
2009-10-16,0.0,482.0,11136.0
2009-10-17,5490.0,4364.0,18326.0
2009-10-18,712.0,499.0,11144.0
2009-10-19,1104.0,457.0,8227.0
2009-10-20,760.0,450.0,11005.0
2009-10-21,2031.0,5916.0,8569.0
2009-10-22,0.0,492.0,11074.0
2009-10-23,3180.0,495.0,11696.0
2009-10-24,6202.0,518.0,15941.0
2009-10-25,3010.0,6181.0,13691.0
2009-10-26,475.0,468.0,5788.0
2009-10-27,579.0,449.0,8367.0
2009-10-28,1044.0,463.0,9318.0
2009-10-29,765.0,4125.0,5677.0
2009-10-30,1779.0,2005.0,8828.0
2009-10-31,1773.0,2514.0,14637.0
2009-11-01,4521.0,5301.0,5887.0
2009-11-02,2985.0,10477.0,12195.0
2009-11-03,3476.0,7288.0,10737.0
2009-11-04,3661.0,4286.0,18233.0
2009-11-05,1035.0,457.0,11009.0
2009-11-06,0.0,472.0,10610.0
2009-11-07,981.0,683.0,7756.0
2009-11-08,857.0,1467.0,6577.0
2009-11-09,0.0,631.0,11693.0
2009-11-10,4111.0,6454.0,8648.0
2009-11-11,2338.0,5105.0,11214.0
2009-11-12,1546.0,385.0,11251.0
2009-11-13,1856.0,407.0,9178.0
2009-11-14,4169.0,2411.0,18868.0
2009-11-15,991.0,5278.0,9446.0
2009-11-16,2021.0,545.0,9354.0
2009-11-17,0.0,453.0,11616.0
2009-11-18,6012.0,7655.0,13787.0
2009-11-19,0.0,481.0,10936.0
2009-11-20,843.0,407.0,12816.0
2009-11-21,5694.0,1997.0,12553.0
2009-11-22,6774.0,411.0,16097.0
2009-11-23,0.0,402.0,8230.0
2009-11-24,2491.0,4579.0,9086.0
2009-11-25,745.0,5083.0,10596.0
2009-11-26,2262.0,407.0,10069.0
2009-11-27,0.0,396.0,11599.0
2009-11-28,3199.0,386.0,14350.0
2009-11-29,1073.0,3061.0,7828.0
2009-11-30,1080.0,361.0,12039.0
2009-12-01,0.0,261.0,12147.0
2009-12-02,1109.0,299.0,17724.0
2009-12-03,0.0,364.0,13655.0
2009-12-04,7498.0,1504.0,12470.0
2009-12-05,0.0,2713.0,11335.0
2009-12-06,1009.0,460.0,7137.0
2009-12-07,0.0,589.0,4060.0
2009-12-08,912.0,689.0,4991.0
2009-12-09,9583.0,1202.0,12601.0
2009-12-10,997.0,515.0,9420.0
2009-12-11,1486.0,429.0,9403.0
2009-12-12,1087.0,4120.0,8198.0
2009-12-13,3984.0,417.0,13178.0
2009-12-14,1090.0,2280.0,10742.0
2009-12-15,1111.0,392.0,14084.0
2009-12-16,1143.0,2943.0,8104.0
2009-12-17,0.0,308.0,14395.0
2009-12-18,1195.0,304.0,11466.0
2009-12-19,1165.0,2662.0,13681.0
2009-12-20,1237.0,313.0,7795.0
2009-12-21,3293.0,282.0,11473.0
2009-12-22,0.0,285.0,15829.0
2009-12-23,1143.0,284.0,11205.0
2009-12-24,5184.0,5575.0,15198.0
2009-12-25,3371.0,3895.0,14288.0
2009-12-26,1186.0,4294.0,16047.0
2009-12-27,4218.0,318.0,12450.0
2009-12-28,2175.0,2063.0,14934.0
2009-12-29,1260.0,346.0,10205.0
2009-12-30,5284.0,4539.0,12484.0
2009-12-31,0.0,387.0,19409.0
2010-01-01,2304.0,327.0,3558.0
2010-01-02,1111.0,367.0,14623.0
2010-01-03,1785.0,471.0,7115.0
2010-01-04,1780.0,517.0,14393.0
2010-01-05,1984.0,4885.0,6751.0
2010-01-06,970.0,400.0,11858.0
2010-01-07,877.0,921.0,7438.0
2010-01-08,0.0,558.0,4263.0
2010-01-09,1947.0,1194.0,13990.0
2010-01-10,1752.0,724.0,11307.0
2010-01-11,0.0,634.0,8746.0
2010-01-13,0.0,0.0,0.0
2010-01-14,1890.0,84.0,1893.0
2010-01-15,1957.0,2952.0,13546.0
2010-01-16,2605.0,2415.0,13652.0
2010-01-17,1992.0,298.0,15044.0
2010-01-18,617.0,295.0,12981.0
2010-01-19,2044.0,653.0,19311.0
2010-01-20,2317.0,3341.0,14563.0
2010-01-21,894.0,449.0,16451.0
2010-01-22,699.0,352.0,14512.0
2010-01-23,3154.0,4086.0,16021.0
2010-01-24,3496.0,2760.0,11046.0
2010-01-25,1368.0,455.0,16136.0
2010-01-26,526.0,395.0,16243.0
2010-01-27,2044.0,6403.0,18154.0
2010-01-28,2032.0,504.0,14987.0
2010-01-29,1488.0,851.0,18061.0
2010-01-30,3240.0,7544.0,17891.0
2010-01-31,1715.0,1380.0,12569.0
2010-02-01,801.0,298.0,6424.0
2010-02-02,0.0,382.0,21536.0
2010-02-03,0.0,424.0,3605.0
2010-02-04,0.0,483.0,13074.0
2010-02-05,1858.0,7966.0,14454.0
2010-02-06,0.0,656.0,8454.0
2010-02-07,822.0,932.0,6337.0
2010-02-08,0.0,536.0,4191.0
2010-02-09,929.0,500.0,11785.0
2010-02-10,3972.0,741.0,13532.0
2010-02-11,0.0,574.0,5784.0
2010-02-13,1838.0,5292.0,18710.0
2010-02-14,1223.0,318.0,13190.0
2010-02-15,3468.0,332.0,16065.0
2010-02-16,1945.0,317.0,12820.0
2010-02-17,2294.0,6636.0,10101.0
2010-02-18,965.0,385.0,14884.0
2010-02-19,2124.0,397.0,14543.0
2010-02-20,3748.0,382.0,14470.0
2010-02-21,5905.0,8142.0,17083.0
2010-02-22,1393.0,2167.0,10159.0
2010-02-23,0.0,3001.0,8806.0
2010-02-24,2260.0,1682.0,14315.0
2010-02-25,0.0,474.0,15120.0
2010-02-26,1146.0,2454.0,14821.0
2010-02-27,3743.0,441.0,14358.0
2010-02-28,0.0,487.0,2952.0
2010-03-01,3842.0,4920.0,10074.0
2010-03-02,2234.0,8423.0,21130.0
2010-03-03,0.0,425.0,7221.0
2010-03-04,1778.0,648.0,17694.0
2010-03-05,980.0,534.0,11825.0
2010-03-06,2916.0,451.0,12304.0
2010-03-07,0.0,968.0,6151.0
2010-03-08,0.0,527.0,4096.0
2010-03-09,940.0,523.0,9747.0
2010-03-10,5000.0,2564.0,7738.0
2010-03-11,1021.0,1108.0,6529.0
2010-03-13,2848.0,5534.0,17973.0
2010-03-14,3464.0,918.0,7101.0
2010-03-15,778.0,436.0,15053.0
2010-03-16,0.0,457.0,10083.0
2010-03-17,1136.0,5851.0,13105.0
2010-03-18,1147.0,570.0,10845.0
2010-03-19,0.0,596.0,12591.0
2010-03-20,0.0,25.0,969.0
2010-03-21,1670.0,2807.0,3680.0
2010-03-22,1142.0,557.0,13859.0
2010-03-23,2892.0,1153.0,13107.0
2010-03-24,1075.0,5832.0,12817.0
2010-03-25,0.0,611.0,13797.0
2010-03-26,1078.0,682.0,12547.0
2010-03-27,1067.0,3080.0,12483.0
2010-03-28,1083.0,7895.0,7118.0
2010-03-29,0.0,636.0,15420.0
2010-03-30,1760.0,571.0,13765.0
2010-03-31,1067.0,6313.0,12041.0
2010-04-01,0.0,292.0,10812.0
2010-04-02,1074.0,532.0,23743.0
2010-04-03,0.0,436.0,2928.0
2010-04-04,1097.0,831.0,12687.0
2010-04-05,0.0,1018.0,12007.0
2010-04-06,1695.0,397.0,12517.0
2010-04-07,860.0,804.0,6597.0
2010-04-08,0.0,532.0,4116.0
2010-04-09,2605.0,734.0,13241.0
2010-04-10,1709.0,722.0,8252.0
2010-04-11,6029.0,11193.0,10286.0
2010-04-13,1097.0,646.0,13033.0
2010-04-14,1132.0,5871.0,9194.0
2010-04-15,2526.0,658.0,15667.0
2010-04-16,2837.0,592.0,12623.0
2010-04-17,553.0,3124.0,12571.0
2010-04-18,1104.0,618.0,12550.0
2010-04-19,1230.0,4255.0,13474.0
2010-04-20,1388.0,719.0,16668.0
2010-04-21,0.0,635.0,12902.0
2010-04-22,1062.0,653.0,12492.0
2010-04-23,0.0,623.0,10981.0
2010-04-24,4445.0,1483.0,8223.0
2010-04-25,0.0,2350.0,7595.0
2010-04-26,1038.0,460.0,7635.0
2010-04-27,0.0,545.0,8539.0
2010-04-28,0.0,578.0,6035.0
2010-04-29,12.0,679.0,8102.0
2010-04-30,2695.0,659.0,6969.0
2010-05-01,1785.0,293.0,16468.0
2010-05-02,902.0,474.0,18008.0
2010-05-03,1108.0,351.0,5918.0
2010-05-04,1755.0,1436.0,5503.0
2010-05-05,2969.0,2194.0,12183.0
2010-05-06,10932.0,1253.0,12223.0
2010-05-07,841.0,837.0,6913.0
2010-05-08,0.0,517.0,4013.0
2010-05-09,1609.0,2732.0,7471.0
2010-05-10,0.0,3012.0,12037.0
2010-05-11,0.0,790.0,12610.0
2010-05-13,2123.0,1477.0,10527.0
2010-05-14,1045.0,334.0,16764.0
2010-05-15,3347.0,336.0,13670.0
2010-05-16,3361.0,3922.0,11888.0
2010-05-17,1014.0,367.0,15344.0
2010-05-18,0.0,370.0,11677.0
2010-05-19,2122.0,659.0,9864.0
2010-05-20,0.0,369.0,10101.0
2010-05-21,1073.0,381.0,10113.0
2010-05-22,2278.0,2441.0,17454.0
2010-05-23,864.0,416.0,9541.0
2010-05-24,1875.0,2467.0,7746.0
2010-05-25,474.0,451.0,10439.0
2010-05-26,914.0,4500.0,8530.0
2010-05-27,932.0,443.0,10669.0
2010-05-28,1020.0,413.0,11616.0
2010-05-29,4057.0,400.0,16635.0
2010-05-30,2405.0,2976.0,9708.0
2010-05-31,1710.0,2171.0,10461.0
2010-06-01,1731.0,3256.0,11359.0
2010-06-02,4324.0,2209.0,17857.0
2010-06-03,0.0,419.0,3970.0
2010-06-04,1154.0,613.0,12476.0
2010-06-05,0.0,301.0,10280.0
2010-06-06,7609.0,574.0,11365.0
2010-06-07,0.0,771.0,8451.0
2010-06-08,0.0,507.0,3947.0
2010-06-09,3164.0,532.0,10174.0
2010-06-10,1016.0,527.0,8055.0
2010-06-11,3255.0,680.0,9803.0
2010-06-13,4922.0,2516.0,9096.0
2010-06-14,958.0,473.0,10336.0
2010-06-15,0.0,488.0,10144.0
2010-06-16,1875.0,4999.0,10336.0
2010-06-17,0.0,488.0,8510.0
2010-06-18,977.0,454.0,11977.0
2010-06-19,2385.0,1803.0,9554.0
2010-06-20,1021.0,4195.0,12337.0
2010-06-21,3824.0,3525.0,11179.0
2010-06-22,968.0,6176.0,9230.0
2010-06-23,5740.0,1500.0,10188.0
2010-06-24,973.0,883.0,8090.0
2010-06-25,0.0,689.0,10466.0
2010-06-26,921.0,1221.0,7939.0
2010-06-27,2665.0,764.0,7690.0
2010-06-28,0.0,809.0,12516.0
2010-06-29,1746.0,1978.0,8263.0
2010-06-30,398.0,806.0,5214.0
2010-07-01,1198.0,255.0,12936.0
2010-07-02,2736.0,3837.0,5546.0
2010-07-03,0.0,4674.0,3679.0
2010-07-04,1077.0,3440.0,11362.0
2010-07-05,1053.0,332.0,13602.0
2010-07-06,1821.0,488.0,6737.0
2010-07-07,879.0,760.0,5762.0
2010-07-08,0.0,520.0,3968.0
2010-07-09,1929.0,922.0,11829.0
2010-07-10,2159.0,543.0,12666.0
2010-07-11,1026.0,621.0,6943.0
2010-07-13,2273.0,2826.0,7894.0
2010-07-14,1064.0,598.0,7575.0
2010-07-15,1071.0,2179.0,8203.0
2010-07-16,0.0,568.0,3854.0
2010-07-17,0.0,541.0,6094.0
2010-07-18,0.0,498.0,3943.0
2010-07-19,0.0,549.0,6105.0
2010-07-20,9.0,550.0,5178.0
2010-07-21,2030.0,585.0,6178.0
2010-07-22,0.0,2151.0,5604.0
2010-07-23,897.0,2106.0,8295.0
2010-07-24,0.0,2096.0,3892.0
2010-07-25,0.0,3732.0,7549.0
2010-07-26,0.0,2246.0,4147.0
2010-07-27,907.0,523.0,4042.0
2010-07-28,801.0,544.0,7232.0
2010-07-29,0.0,537.0,4158.0
2010-07-30,0.0,534.0,4087.0
2010-07-31,0.0,548.0,4272.0
2010-08-01,0.0,994.0,12531.0
2010-08-02,1161.0,431.0,19764.0
2010-08-03,4214.0,7645.0,15971.0
2010-08-04,145.0,669.0,13322.0
2010-08-05,3569.0,2435.0,10158.0
2010-08-06,1513.0,821.0,11374.0
2010-08-07,857.0,1350.0,8459.0
2010-08-08,0.0,526.0,3958.0
2010-08-09,1.0,495.0,7478.0
2010-08-10,964.0,710.0,9927.0
2010-08-11,1087.0,555.0,13038.0
2010-08-13,0.0,508.0,4097.0
2010-08-14,0.0,512.0,4471.0
2010-08-15,0.0,4361.0,5282.0
2010-08-16,1530.0,463.0,7328.0
2010-08-17,940.0,741.0,5488.0
2010-08-18,0.0,0.0,0.0
2010-08-19,0.0,0.0,0.0
2010-08-20,0.0,0.0,0.0
2010-08-21,0.0,0.0,0.0
2010-08-22,0.0,54.0,300.0
2010-08-23,0.0,565.0,6106.0
2010-08-24,0.0,541.0,5712.0
2010-08-25,969.0,522.0,8959.0
2010-08-26,0.0,538.0,5078.0
2010-08-27,930.0,7583.0,12707.0
2010-08-28,2086.0,549.0,12983.0
2010-08-29,3005.0,534.0,13095.0
2010-08-30,940.0,1470.0,11790.0
2010-08-31,2099.0,1723.0,7958.0
2010-09-01,2781.0,4855.0,14734.0
2010-09-02,1214.0,410.0,19769.0
2010-09-03,846.0,397.0,10893.0
2010-09-04,1088.0,566.0,10595.0
2010-09-05,2888.0,2636.0,9945.0
2010-09-06,2774.0,4269.0,8255.0
2010-09-07,0.0,625.0,5356.0
2010-09-08,0.0,515.0,4042.0
2010-09-09,1813.0,2128.0,7016.0
2010-09-10,959.0,1585.0,13132.0
2010-09-11,2097.0,583.0,12500.0
2010-09-13,1301.0,798.0,6710.0
2010-09-14,1874.0,2705.0,10270.0
2010-09-15,0.0,898.0,6018.0
2010-09-16,1038.0,739.0,10310.0
2010-09-17,1954.0,5496.0,9727.0
2010-09-18,982.0,754.0,11779.0
2010-09-19,0.0,1307.0,5156.0
2010-09-20,3323.0,766.0,13262.0
2010-09-21,0.0,679.0,7969.0
2010-09-22,2472.0,1167.0,11768.0
2010-09-23,1021.0,755.0,12002.0
2010-09-24,1739.0,773.0,8666.0
2010-09-25,0.0,150.0,896.0
2010-09-26,0.0,0.0,0.0
2010-09-27,0.0,0.0,0.0
2010-09-28,944.0,181.0,902.0
2010-09-29,1579.0,648.0,13047.0
2010-09-30,0.0,771.0,7988.0
2010-10-01,3564.0,2032.0,14108.0
2010-10-02,1219.0,2976.0,12214.0
2010-10-03,1167.0,375.0,14916.0
2010-10-04,1044.0,960.0,8933.0
2010-10-05,0.0,403.0,12893.0
2010-10-06,0.0,474.0,10870.0
2010-10-07,907.0,1240.0,8921.0
2010-10-08,0.0,525.0,4141.0
2010-10-09,966.0,654.0,10773.0
2010-10-10,3325.0,773.0,10297.0
2010-10-11,1026.0,5858.0,13308.0
2010-10-13,1988.0,611.0,16593.0
2010-10-14,2583.0,2441.0,14239.0
2010-10-15,712.0,827.0,10786.0
2010-10-16,0.0,645.0,7656.0
2010-10-17,995.0,666.0,4681.0
2010-10-18,2234.0,10218.0,16382.0
2010-10-19,1025.0,4110.0,9461.0
2010-10-20,2154.0,690.0,10330.0
2010-10-21,755.0,691.0,6757.0
2010-10-22,1106.0,478.0,12697.0
2010-10-23,3737.0,3883.0,13465.0
2010-10-24,1982.0,7541.0,13237.0
2010-10-25,0.0,541.0,6748.0
2010-10-26,0.0,2488.0,4989.0
2010-10-27,0.0,2058.0,8269.0
2010-10-28,1103.0,2627.0,9087.0
2010-10-29,1075.0,726.0,3911.0
2010-10-30,2353.0,614.0,15303.0
2010-10-31,1430.0,678.0,5589.0
2010-11-01,1251.0,340.0,10279.0
2010-11-02,0.0,330.0,9916.0
2010-11-03,2071.0,320.0,15706.0
2010-11-04,5499.0,554.0,8850.0
2010-11-05,1156.0,345.0,11418.0
2010-11-06,3439.0,468.0,11728.0
2010-11-07,848.0,594.0,7781.0
2010-11-08,0.0,542.0,4118.0
2010-11-09,930.0,1427.0,8996.0
2010-11-10,1007.0,5006.0,8734.0
2010-11-11,3424.0,2216.0,6259.0
2010-11-13,1051.0,589.0,13853.0
2010-11-14,5344.0,549.0,8758.0
2010-11-15,1075.0,4222.0,8918.0
2010-11-16,0.0,478.0,7949.0
2010-11-17,1153.0,491.0,8915.0
2010-11-18,2175.0,489.0,9449.0
2010-11-19,0.0,483.0,11914.0
2010-11-20,4367.0,2947.0,11433.0
2010-11-21,0.0,506.0,4778.0
2010-11-22,4855.0,2110.0,10136.0
2010-11-23,1871.0,458.0,7611.0
2010-11-24,1096.0,2848.0,12224.0
2010-11-25,1076.0,426.0,5072.0
2010-11-26,1080.0,385.0,9989.0
2010-12-01,552.0,3489.0,9569.0
2010-12-02,1241.0,312.0,15211.0
2010-12-03,1691.0,411.0,14076.0
2010-12-04,660.0,611.0,11949.0
2010-12-05,1036.0,4434.0,16362.0
2010-12-06,2705.0,3657.0,16184.0
2010-12-07,1724.0,646.0,6444.0
2010-12-08,0.0,514.0,3982.0
2010-12-09,1805.0,2080.0,8891.0
2010-12-10,1104.0,780.0,9812.0
2010-12-11,2054.0,489.0,10308.0
