date,tr,snp100
1/29/2010,822.86,495.09
2/1/2010,833.24,501.33
2/2/2010,843.59,507.57
2/3/2010,840.06,505.19
2/4/2010,814.91,490.07
2/5/2010,817.02,491.34
2/8/2010,809.95,486.85
2/9/2010,820.27,493.04
2/10/2010,819.1,492.29
2/11/2010,826.33,496.58
2/12/2010,823.76,494.9
2/16/2010,837.98,503.35
2/17/2010,841.32,505.27
2/18/2010,846.72,508.45
2/19/2010,847.11,508.57
2/22/2010,846.62,508.28
2/23/2010,836.98,502.49
2/24/2010,845.45,507.53
2/25/2010,841.99,505.3
2/26/2010,843.29,506.06
3/1/2010,850.42,510.33
3/2/2010,851.98,511.27
3/3/2010,852.92,511.77
3/4/2010,856.81,514.1
3/5/2010,867.39,520.45
3/8/2010,867.46,520.43
3/9/2010,869.16,521.42
3/10/2010,872.68,523.47
3/11/2010,876.9,525.75
3/12/2010,876.51,525.52
3/15/2010,877.99,526.39
3/16/2010,883.96,529.97
3/17/2010,888.2,532.51
3/18/2010,889.06,533.03
3/19/2010,884.9,530.53
3/22/2010,888.64,532.76
3/23/2010,895.8,536.97
3/24/2010,891.58,534.44
3/25/2010,891.64,534.47
3/26/2010,892.2,534.81
3/29/2010,896.11,537.09
3/30/2010,895.75,536.81
3/31/2010,892.59,534.91
4/1/2010,898.45,538.4
4/5/2010,903.82,541.59
4/6/2010,905.3,542.48
4/7/2010,901.06,539.59
4/8/2010,905.12,542.02
4/9/2010,910.87,545.46
4/12/2010,912.97,546.7
4/13/2010,913.36,546.88
4/14/2010,923.62,553.02
4/15/2010,925.03,553.87
4/16/2010,909.68,544.68
4/19/2010,915.24,547.99
4/20/2010,920.4,551.08
4/21/2010,918.68,550.05
4/22/2010,917.6,549.36
4/23/2010,923.11,552.66
4/26/2010,918.98,550.18
4/27/2010,898.85,538.13
4/28/2010,905.63,542.05
4/29/2010,916.9,548.76
4/30/2010,902.72,540.28
5/3/2010,914.03,547.05
5/4/2010,893.56,534.79
5/5/2010,888.43,531.47
5/6/2010,859.03,513.8
5/7/2010,847.25,506.75
5/10/2010,881.81,527.41
5/11/2010,878.97,525.55
5/12/2010,889.58,531.75
5/13/2010,878.88,525.32
5/14/2010,863.62,516.19
5/17/2010,864.04,516.33
5/18/2010,852.31,509.19
5/19/2010,849.08,507.23
5/20/2010,816.88,487.93
5/21/2010,827.55,494.31
5/24/2010,817.18,488.11
5/25/2010,816.95,487.97
5/26/2010,810.58,484.12
5/27/2010,835.99,499.08
5/28/2010,825.94,493.06
6/1/2010,814.57,486.24
6/2/2010,834.46,498.04
6/3/2010,836.36,499.16
6/4/2010,809.99,483.42
6/7/2010,799,476.87
6/8/2010,808.17,482.3
6/9/2010,802.01,478.61
6/10/2010,823.47,491.42
6/11/2010,826.56,493.02
6/14/2010,823.95,491.45
6/15/2010,842.65,502.59
6/16/2010,842.65,502.6
6/17/2010,844.38,503.54
6/18/2010,846.32,504.7
6/21/2010,843.23,502.86
6/22/2010,832.22,496.19
6/23/2010,829.21,494.4
6/24/2010,816.25,486.67
6/25/2010,816.16,486.62
6/28/2010,815.54,486.18
6/29/2010,792.4,472.39
6/30/2010,784.57,467.65
7/1/2010,781.44,465.75
7/2/2010,778.28,463.84
7/6/2010,783.78,467.12
7/7/2010,807.64,481
7/8/2010,815.43,485.64
7/9/2010,820.69,488.78
7/12/2010,822.91,490.08
7/13/2010,834.64,497
7/14/2010,835.42,497.47
7/15/2010,836.51,498.12
7/16/2010,813.19,484.21
7/19/2010,817.5,486.76
7/20/2010,825.69,491.63
7/21/2010,816.36,485.96
7/22/2010,834.38,496.67
7/23/2010,839.69,499.83
7/26/2010,848.22,504.91
7/27/2010,849.88,505.89
7/28/2010,845.01,502.97
7/29/2010,841.9,501.02
7/30/2010,841.12,500.56
8/2/2010,859.74,511.63
8/3/2010,856.74,509.85
8/4/2010,860.81,512.02
8/5/2010,859.49,511.24
8/6/2010,856.65,509.46
8/9/2010,860.65,511.84
8/10/2010,855.89,509
8/11/2010,833.59,495.48
8/12/2010,828.8,492.57
8/13/2010,825.49,490.59
8/16/2010,825.73,490.73
8/17/2010,834.41,495.68
8/18/2010,835.86,496.45
8/19/2010,822.04,488.24
8/20/2010,818.03,485.86
8/23/2010,815.5,484.36
8/24/2010,803.85,477.44
8/25/2010,805.97,478.67
8/26/2010,799.42,474.77
8/27/2010,811.75,481.95
8/30/2010,800.81,475.35
8/31/2010,801.49,475.73
9/1/2010,824.04,489.04
9/2/2010,829.9,492.5
9/3/2010,840.81,498.96
9/7/2010,831.9,493.68
9/8/2010,837.21,496.78
9/9/2010,842.3,499.8
9/10/2010,846.47,502.26
9/13/2010,855.85,507.57
9/14/2010,854.32,506.66
9/15/2010,857.53,508.56
9/16/2010,858.32,508.93
9/17/2010,858.51,509.04
9/20/2010,870.87,516.36
9/21/2010,869.47,515.53
9/22/2010,866.77,513.83
9/23/2010,859.39,509.46
9/24/2010,876.07,519.34
9/27/2010,871.25,516.49
9/28/2010,873.92,518.01
9/29/2010,871.14,516.31
9/30/2010,868.35,514.66
10/1/2010,872.69,517.22
10/4/2010,866.18,513.31
10/5/2010,883.65,523.66
10/6/2010,885.63,524.47
10/7/2010,883.81,523.39
10/8/2010,888.68,526.27
10/11/2010,888.6,526.22
10/12/2010,892.51,528.54
10/13/2010,898.23,531.86
10/14/2010,895.11,530.02
10/15/2010,896.4,530.78
10/18/2010,903.95,535.23
10/19/2010,890.01,526.98
10/20/2010,899.42,532.44
10/21/2010,901.24,533.47
10/22/2010,902.46,534.19
10/25/2010,903.62,534.88
10/26/2010,904.45,535.37
10/27/2010,901.42,533.49
10/28/2010,902.82,534.27
10/29/2010,900.8,533.08
11/1/2010,902.12,533.85
11/2/2010,908.35,537.54
11/3/2010,913.08,540.21
11/4/2010,931.13,550.78
11/5/2010,934.47,552.7
11/8/2010,932.85,551.66
11/9/2010,926.58,547.76
11/10/2010,930.08,549.72
11/11/2010,924.53,546.44
11/12/2010,914.03,540.22
11/15/2010,913.01,539.62
11/16/2010,899.5,531.42
11/17/2010,898.62,530.81
11/18/2010,912.55,539.04
11/19/2010,914.16,539.99
11/22/2010,911.12,538.17
11/23/2010,898.39,530.65
11/24/2010,910.51,537.8
11/26/2010,903.63,533.59
11/29/2010,903.65,533.43
11/30/2010,897.46,529.73
12/1/2010,917.03,541.2
12/2/2010,927.75,547.52
12/3/2010,929.98,548.82
12/6/2010,929.11,548.31
12/7/2010,929.9,548.78
12/8/2010,934.77,551.56
12/9/2010,938.9,553.94
12/10/2010,944.55,557.27
12/13/2010,945.67,557.81
12/14/2010,947.08,558.64
12/15/2010,943,556.23
12/16/2010,948.36,559.4
12/17/2010,948.52,559.49
12/20/2010,950.32,560.54
12/21/2010,955.82,563.69
12/22/2010,959.88,565.96
12/23/2010,959.09,565.43
12/27/2010,959.46,565.65
12/28/2010,960.91,566.5
12/29/2010,961.49,566.78
12/30/2010,959.51,565.62
12/31/2010,960,565.9
1/3/2011,970.78,572.23
1/4/2011,972.51,573.23
1/5/2011,977.36,576
1/6/2011,975.74,574.73
1/7/2011,973.44,573.38
1/10/2011,971.29,572.1
1/11/2011,974.23,573.84
1/12/2011,983.44,579.17
1/13/2011,981.01,577.74
1/14/2011,988.83,582.32
1/18/2011,988.89,582.34
1/19/2011,980.83,577.47
1/20/2011,980.83,577.47
1/21/2011,984.4,579.55
1/24/2011,990.18,582.96
1/25/2011,990.77,583.3
1/26/2011,993.44,584.88
1/27/2011,994.93,585.72
1/28/2011,977.81,575.64
1/31/2011,983.9,579.23
2/1/2011,1001.41,589.54
2/2/2011,998.69,587.78
2/3/2011,1001.14,589.1
2/4/2011,1002.14,589.69
2/7/2011,1008.92,593.68
2/8/2011,1013.79,596.27
2/9/2011,1011.44,594.86
2/10/2011,1009.49,593.67
2/11/2011,1014.58,596.6
2/14/2011,1017.67,598.26
2/15/2011,1014.77,596.46
2/16/2011,1020.66,599.82
2/17/2011,1023.35,601.32
2/18/2011,1025.33,602.49
2/22/2011,1006.4,591.37
2/23/2011,1001.66,588.56
2/24/2011,999.74,587.29
2/25/2011,1008.52,592.25
2/28/2011,1014.89,595.96
3/1/2011,999.96,587.2
3/2/2011,1000.85,587.65
3/3/2011,1017.51,597.41
3/4/2011,1009.21,592.54
3/7/2011,1001.65,588.1
3/8/2011,1010.75,593.37
3/9/2011,1009.92,592.8
3/10/2011,991.05,581.73
3/11/2011,997.63,585.34
3/14/2011,991.88,581.93
3/15/2011,980.41,575.2
3/16/2011,958.78,562.51
3/17/2011,972.77,570.72
3/18/2011,976.54,572.93
3/21/2011,991.37,581.63
3/22/2011,988.21,579.68
3/23/2011,991.32,581.5
3/24/2011,999.62,586.37
3/25/2011,1002.21,587.89
3/28/2011,1000.79,587.05
3/29/2011,1007.39,590.82
3/30/2011,1013.43,594.32
3/31/2011,1010.7,592.72
4/1/2011,1014.62,595.02
4/4/2011,1015.35,595.33
4/5/2011,1014.92,595.08
4/6/2011,1018.46,596.79
4/7/2011,1017.46,596.2
4/8/2011,1014.42,594.43
4/11/2011,1011.85,592.9
4/12/2011,1004.03,588.32
4/13/2011,1003.12,587.7
4/14/2011,1002.47,587.32
4/15/2011,1004.58,588.56
4/18/2011,994.25,582.5
4/19/2011,1000.08,585.89
4/20/2011,1012.28,593.02
4/21/2011,1017.07,595.8
4/25/2011,1016.03,595.19
4/26/2011,1025.29,600.62
4/27/2011,1032.44,604.67
4/28/2011,1035.91,606.66
4/29/2011,1038.75,608.33
5/2/2011,1036.6,607.06
5/3/2011,1035.25,606.28
5/4/2011,1028.52,602.2
5/5/2011,1016.88,595.38
5/6/2011,1020.35,597.32
5/9/2011,1023.55,599.19
5/10/2011,1030.49,603.24
5/11/2011,1019.73,596.49
5/12/2011,1023.84,598.83
5/13/2011,1015.93,594.2
5/16/2011,1009.22,590.26
5/17/2011,1010.03,590.51
5/18/2011,1017.92,595.02
5/19/2011,1020.02,596.17
5/20/2011,1011.77,591.35
5/23/2011,1000.6,584.82
5/24/2011,1000.5,584.76
5/25/2011,1003.36,586.41
5/26/2011,1006.25,587.93
5/27/2011,1010.74,590.43
5/31/2011,1022.53,597.32
6/1/2011,1000.29,584.26
6/2/2011,998.54,583.23
6/3/2011,990.48,578.5
6/6/2011,980.71,572.8
6/7/2011,977.72,571.05
6/8/2011,975.82,569.89
6/9/2011,982.87,574
6/10/2011,970.07,566.53
6/13/2011,972.6,567.74
6/14/2011,983.06,573.81
6/15/2011,966.48,564.13
6/16/2011,969.28,565.64
6/17/2011,971.67,567.04
6/20/2011,976.04,569.59
6/21/2011,987.77,576.34
6/22/2011,981.15,572.46
6/23/2011,978.16,570.73
6/24/2011,965.98,563.62
6/27/2011,975.54,569.2
6/28/2011,987.54,576.11
6/29/2011,996.13,581.05
6/30/2011,1006.86,587.31
7/1/2011,1020.68,595.25
7/5/2011,1020.06,594.86
7/6/2011,1021.84,595.56
7/7/2011,1032.57,601.81
7/8/2011,1026.08,598.03
7/11/2011,1009.16,588.15
7/12/2011,1004.26,585.3
7/13/2011,1008.29,587.57
7/14/2011,1003.43,584.74
7/15/2011,1008.55,587.72
7/18/2011,1002.33,584.06
7/19/2011,1018.4,593.42
7/20/2011,1019,593.64
7/21/2011,1033.29,601.89
7/22/2011,1034.4,602.51
7/25/2011,1029.07,599.41
7/26/2011,1024.73,596.88
7/27/2011,1006.39,586.18
7/28/2011,1003.19,584.27
7/29/2011,995.37,579.72
8/1/2011,993.54,578.65
8/2/2011,970.15,565.03
8/3/2011,975,567.57
8/4/2011,930.81,541.84
8/5/2011,931.91,542.48
8/8/2011,873.91,508.63
8/9/2011,912.55,531.1
8/10/2011,870.95,506.61
8/11/2011,908.98,528.67
8/12/2011,913.63,531.37
8/15/2011,933.32,542.82
8/16/2011,925.31,538.03
8/17/2011,927.79,539.25
8/18/2011,889.78,517.11
8/19/2011,875.84,509.01
8/22/2011,875.26,508.67
8/23/2011,904.18,525.48
8/24/2011,915.53,532.04
8/25/2011,903.11,524.82
8/26/2011,914.84,531.51
8/29/2011,938.31,545.11
8/30/2011,939.72,545.77
8/31/2011,943.7,548.01
9/1/2011,933.32,541.98
9/2/2011,910.8,528.88
9/6/2011,903.81,524.83
9/7/2011,927.73,538.67
9/8/2011,918.58,533.35
9/9/2011,894.8,519.54
9/12/2011,901.16,523.2
9/13/2011,908.17,527.02
9/14/2011,919.78,533.76
9/15/2011,936.14,543.13
9/16/2011,941.83,546.43
9/19/2011,933.24,541.44
9/20/2011,932.16,540.81
9/21/2011,907.22,526.34
9/22/2011,878.3,509.56
9/23/2011,883.61,512.53
9/26/2011,904.66,524.74
9/27/2011,913.42,529.82
9/28/2011,897.51,520.51
9/29/2011,906.44,525.69
9/30/2011,885.21,513.37
10/3/2011,862.37,500.09
10/4/2011,879.44,509.88
10/5/2011,894.55,518.27
10/6/2011,909.24,526.73
10/7/2011,903.44,523.36
10/10/2011,933.68,540.88
10/11/2011,934.42,541.31
10/12/2011,943.75,546.63
10/13/2011,940.91,544.92
10/14/2011,957.63,554.6
10/17/2011,939.53,544.1
10/18/2011,957.63,554.59
10/19/2011,945.41,547.38
10/20/2011,949.69,549.83
10/21/2011,964.66,558.47
10/24/2011,974.62,564.24
10/25/2011,956.85,553.95
10/26/2011,966.32,559.44
10/27/2011,997.24,577.3
10/28/2011,997.36,577.38
10/31/2011,973.17,563.37
11/1/2011,946.46,547.9
11/2/2011,960.64,556.05
11/3/2011,978.58,566.31
11/4/2011,971.08,561.97
11/7/2011,978.51,566.21
11/8/2011,991.11,573.03
11/9/2011,956.65,553.05
11/10/2011,964.79,557.69
11/11/2011,982.26,567.79
11/14/2011,973.52,562.72
11/15/2011,978.22,565.3
11/16/2011,962.77,556.18
11/17/2011,948.75,548.07
11/18/2011,948.27,547.8
11/21/2011,930.04,537.24
11/22/2011,926.83,535.36
11/23/2011,907.22,524.03
11/25/2011,904.4,522.27
11/28/2011,930.35,537.21
11/29/2011,933.79,538.95
11/30/2011,973.79,561.96
12/1/2011,972.38,561.13
12/2/2011,973.63,561.85
12/5/2011,983.26,567.4
12/6/2011,985.05,568.43
12/7/2011,988.5,570.31
12/8/2011,969.18,559.17
12/9/2011,984.79,568.17
12/12/2011,970.68,560.01
12/13/2011,964.57,556.38
12/14/2011,954.27,550.35
12/15/2011,956.91,551.87
12/16/2011,959.93,553.61
12/19/2011,949.39,547.54
12/20/2011,976.65,563.13
12/21/2011,978.31,564.09
12/22/2011,986.38,568.53
12/23/2011,995.86,574
12/27/2011,995.01,573.51
12/28/2011,983.8,566.96
12/29/2011,994.54,573.15
12/30/2011,990.5,570.79
1/3/2012,1007.51,580.56
1/4/2012,1009.06,581.29
1/5/2012,1010.93,582.36
1/6/2012,1008.31,580.53
1/9/2012,1010.69,581.88
1/10/2012,1017.65,585.89
1/11/2012,1018.02,586.02
1/12/2012,1019.72,587
1/13/2012,1014.98,584.28
1/17/2012,1018.42,586.26
1/18/2012,1029.57,592.52
1/19/2012,1033.79,594.93
1/20/2012,1035.61,595.95
1/23/2012,1035.53,595.89
1/24/2012,1033,594.44
1/25/2012,1041.93,599.58
1/26/2012,1036.82,596.62
1/27/2012,1034.7,595.37
1/30/2012,1033.21,594.51
1/31/2012,1032.03,593.83
2/1/2012,1039.67,598.02
2/2/2012,1040.63,598.54
2/3/2012,1055.3,606.89
2/6/2012,1056.93,607.83
2/7/2012,1058.87,608.93
2/8/2012,1061.92,610.38
2/9/2012,1063.17,611.1
2/10/2012,1056.25,607.12
2/13/2012,1064.11,611.54
2/14/2012,1063.06,610.82
2/15/2012,1056.36,606.73
2/16/2012,1067.9,613.24
2/17/2012,1071.13,615.06
2/21/2012,1074.06,616.75
2/22/2012,1070.21,614.53
2/23/2012,1074.27,616.69
2/24/2012,1076.19,617.67
2/27/2012,1078.34,618.86
2/28/2012,1083.84,621.92
2/29/2012,1079.71,619.45
3/1/2012,1086.24,623.16
3/2/2012,1083.73,621.72
3/5/2012,1079.88,619.51
3/6/2012,1064.35,610.56
3/7/2012,1071.2,614.43
3/8/2012,1080.94,619.95
3/9/2012,1083.27,621.3
3/12/2012,1084.94,622.22
3/13/2012,1105.77,633.89
3/14/2012,1105.73,633.86
3/15/2012,1111.74,637.31
3/16/2012,1112.69,637.85
3/19/2012,1118.38,641.11
3/20/2012,1116.24,639.89
3/21/2012,1112.79,637.9
3/22/2012,1105.66,633.77
3/23/2012,1108.8,635.57
3/26/2012,1124.18,644.38
3/27/2012,1120.91,642.41
3/28/2012,1116.83,639.98
3/29/2012,1114.21,638.47
3/30/2012,1118.05,640.68
4/2/2012,1126.19,645.29
4/3/2012,1121.96,642.65
4/4/2012,1110.68,636.19
4/5/2012,1110.62,635.84
4/9/2012,1099.18,629.27
4/10/2012,1081.48,619.14
4/11/2012,1088.74,623.16
4/12/2012,1102.77,631.19
4/13/2012,1087.83,622.64
4/16/2012,1087.18,622.27
4/17/2012,1104.9,632.41
4/18/2012,1100.4,629.83
4/19/2012,1092.53,625.29
4/20/2012,1093.99,626.1
4/23/2012,1085.84,621.42
4/24/2012,1090.6,624.15
4/25/2012,1106.03,632.86
4/26/2012,1112.96,636.79
4/27/2012,1115.07,637.99
4/30/2012,1110.65,635.45
5/1/2012,1116.58,638.84
5/2/2012,1114.01,637.27
5/3/2012,1106.71,632.97
5/4/2012,1088.81,622.73
5/7/2012,1089.93,623.36
5/8/2012,1085.86,620.94
5/9/2012,1077.86,616.13
5/10/2012,1081.65,618.05
5/11/2012,1077.09,615.34
5/14/2012,1065.35,608.6
5/15/2012,1059.85,605.32
5/16/2012,1057.09,603.5
5/17/2012,1043.89,595.89
5/18/2012,1036.4,591.61
5/21/2012,1050.81,599.84
5/22/2012,1051.11,600
5/23/2012,1052.07,600.55
5/24/2012,1053.81,601.4
5/25/2012,1049.92,599.18
5/29/2012,1061.41,605.65
5/30/2012,1048.59,598.17
5/31/2012,1047.17,597.29
6/1/2012,1023.56,583.83
6/4/2012,1024.35,584.27
6/5/2012,1028.09,586.4
6/6/2012,1052.27,600.13
6/7/2012,1053.09,600.6
6/8/2012,1061.89,605.62
6/11/2012,1049.85,598.73
6/12/2012,1062.12,605.72
6/13/2012,1056.85,602.44
6/14/2012,1068.38,609
6/15/2012,1078.62,614.84
6/18/2012,1079.41,615.29
6/19/2012,1089.27,620.91
6/20/2012,1088.12,620.24
6/21/2012,1065.86,607.42
6/22/2012,1073.44,611.73
6/25/2012,1056.7,602.09
6/26/2012,1061.95,605.08
6/27/2012,1072.17,610.8
6/28/2012,1069.09,609.05
6/29/2012,1095.08,623.82
7/2/2012,1097.9,625.38
7/3/2012,1103.95,628.63
7/5/2012,1098.55,625.55
7/6/2012,1089.7,620.2
7/9/2012,1089.69,620.19
7/10/2012,1081.91,615.76
7/11/2012,1082.09,615.77
7/12/2012,1076.62,612.65
7/13/2012,1094.51,622.83
7/16/2012,1092.75,621.83
7/17/2012,1100.77,626.39
7/18/2012,1107.83,630.26
7/19/2012,1111.05,632.01
7/20/2012,1101.53,626.57
7/23/2012,1093.07,621.74
7/24/2012,1084.16,616.67
7/25/2012,1082.83,615.92
7/26/2012,1100.44,625.92
7/27/2012,1120.25,637.17
7/30/2012,1120.58,637.36
7/31/2012,1117.73,635.74
8/1/2012,1115.23,634.17
8/2/2012,1106.97,629.43
8/3/2012,1126.84,640.64
8/6/2012,1129.42,642.1
8/7/2012,1133.2,644.25
8/8/2012,1134.29,644.61
8/9/2012,1135.1,644.66
8/10/2012,1137.84,646.22
8/13/2012,1136.95,645.58
8/14/2012,1137.86,645.96
8/15/2012,1138.64,646.13
8/16/2012,1146.6,650.58
8/17/2012,1148.36,651.58
8/20/2012,1149.51,652.23
8/21/2012,1144.8,649.56
8/22/2012,1145.49,649.9
8/23/2012,1136.34,644.71
8/24/2012,1144.2,649.04
8/27/2012,1144.14,649
8/28/2012,1143.37,648.51
8/29/2012,1143.73,648.64
8/30/2012,1134.38,643.25
8/31/2012,1139.97,646.41
9/4/2012,1138.44,645.55
9/5/2012,1138.21,645.29
9/6/2012,1161.32,658.35
9/7/2012,1164.95,660.41
9/10/2012,1157.44,656.12
9/11/2012,1160.8,658.02
9/12/2012,1163.44,659.33
9/13/2012,1184.12,670.93
9/14/2012,1187.45,672.82
9/17/2012,1185.84,671.87
9/18/2012,1185.83,671.87
9/19/2012,1186.74,672.38
9/20/2012,1187.46,672.65
9/21/2012,1186.8,672.27
9/24/2012,1184.45,670.94
9/25/2012,1173.39,664.56
9/26/2012,1167.03,660.9
9/27/2012,1178.35,667.3
9/28/2012,1172.16,663.8
10/1/2012,1175.88,665.86
10/2/2012,1176.32,666.04
10/3/2012,1181.35,668.69
10/4/2012,1189.31,673.19
10/5/2012,1188.77,672.57
10/8/2012,1183.91,669.82
10/9/2012,1172.53,663.38
10/10/2012,1165.31,659.24
10/11/2012,1163.9,658.28
10/12/2012,1161.44,656.89
10/15/2012,1170.88,662.23
10/16/2012,1182.32,668.7
10/17/2012,1186.9,671.17
10/18/2012,1182.2,668.47
10/19/2012,1162.16,657.11
10/22/2012,1163.17,657.67
10/23/2012,1144.16,646.92
10/24/2012,1142.12,645.76
10/25/2012,1144.84,647.29
10/26/2012,1143.94,646.78
10/31/2012,1143.57,646.52
11/1/2012,1155.27,653.1
11/2/2012,1144.28,646.88
11/5/2012,1146.6,648.1
11/6/2012,1155.69,653.24
11/7/2012,1127.13,636.27
11/8/2012,1113.47,628.56
11/9/2012,1116.07,630.03
11/12/2012,1116.37,630.2
11/13/2012,1111.24,627.02
11/14/2012,1095.95,618.14
11/15/2012,1093.32,616.63
11/16/2012,1097.63,619.03
11/19/2012,1121.48,632.47
11/20/2012,1121.94,632.69
11/21/2012,1125,634.42
11/23/2012,1140.54,643.05
11/26/2012,1139.26,642.33
11/27/2012,1132.57,638.46
11/28/2012,1142.07,643.67
11/29/2012,1147.13,646.4
11/30/2012,1147.11,646.39
12/3/2012,1141.74,643.37
12/4/2012,1139.18,641.91
12/5/2012,1139.85,642.09
12/6/2012,1144.21,644.39
12/7/2012,1146.81,645.82
12/10/2012,1146.56,645.66
12/11/2012,1154.78,650.29
12/12/2012,1155.28,650.51
12/13/2012,1147.98,646.27
12/14/2012,1141.16,642.42
12/17/2012,1154.84,650.12
12/18/2012,1167.92,657.48
12/19/2012,1158.2,652.01
12/20/2012,1164.53,655.36
12/21/2012,1153.28,648.96
12/24/2012,1149.99,646.99
12/26/2012,1145.63,644.54
12/27/2012,1144.01,643.58
12/28/2012,1130.95,636.17
12/31/2012,1149.5,646.61
1/2/2013,1180.49,663.87
1/3/2013,1177.74,662.33
1/4/2013,1181.95,664.69
1/7/2013,1179.11,663.09
1/8/2013,1176.2,661.14
1/9/2013,1178.17,662.24
1/10/2013,1187.68,667.59
1/11/2013,1188.36,667.88
1/14/2013,1185.65,666.35
1/15/2013,1185.1,666.04
1/16/2013,1186.88,666.92
1/17/2013,1191.18,669.33
1/18/2013,1194.84,671.37
1/22/2013,1198.84,673.58
1/23/2013,1202.75,675.77
1/24/2013,1199.55,673.97
1/25/2013,1205.21,677.15
1/28/2013,1203.57,676.19
1/29/2013,1210.09,679.84
1/30/2013,1205.67,677.1
1/31/2013,1201.8,674.89
2/1/2013,1214.01,681.74
2/4/2013,1199.84,673.77
2/5/2013,1213.2,681.16
2/6/2013,1213.14,681.03
2/7/2013,1211.48,679.68
2/8/2013,1217.46,683.04
2/11/2013,1216.98,682.75
2/12/2013,1218.56,683.6
2/13/2013,1219.96,684.02
2/14/2013,1221.78,684.94
2/15/2013,1220.14,683.97
2/19/2013,1229.83,689.26
2/20/2013,1216.77,681.95
2/21/2013,1210.77,678.36
2/22/2013,1220.39,683.62
2/25/2013,1199.21,671.75
2/26/2013,1206.75,675.9
2/27/2013,1220.9,683.66
2/28/2013,1218.9,682.53
3/1/2013,1220.91,683.65
3/4/2013,1226.04,686.52
3/5/2013,1238.1,693.27
3/6/2013,1239.88,694.15
3/7/2013,1242.87,695.82
3/8/2013,1247.35,698.27
3/11/2013,1251.86,700.76
3/12/2013,1247.57,698.31
3/13/2013,1248.65,698.62
3/14/2013,1255.97,702.72
3/15/2013,1254.24,701.75
3/18/2013,1247.53,698
3/19/2013,1245.59,696.91
3/20/2013,1252.12,700.56
3/21/2013,1241.86,694.81
3/22/2013,1252.15,700.57
3/25/2013,1248.08,698.29
3/26/2013,1258.14,703.74
3/27/2013,1256.7,702.92
3/28/2013,1259.64,704.57
4/1/2013,1255.47,702.17
4/2/2013,1264.18,707.05
4/3/2013,1252.91,700.55
4/4/2013,1257.36,702.97
4/5/2013,1251.14,699.49
4/8/2013,1258.17,703.1
4/9/2013,1263.35,705.99
4/10/2013,1279.1,714.74
4/11/2013,1283.2,716.94
4/12/2013,1280.41,715.38
4/15/2013,1254.04,700.65
4/16/2013,1270.96,710.1
4/17/2013,1253.23,700.19
4/18/2013,1244.17,695.1
4/19/2013,1254.49,700.82
4/22/2013,1261.03,704.45
4/23/2013,1274.33,711.89
4/24/2013,1271.85,710.37
4/25/2013,1275.45,712.37
4/26/2013,1275.56,712.4
4/29/2013,1284.46,717.37
4/30/2013,1287.35,718.98
5/1/2013,1276.34,712.79
5/2/2013,1287.92,719.21
5/3/2013,1299.61,725.65
5/6/2013,1302.29,727.15
5/7/2013,1307.7,730.13
5/8/2013,1314.22,733.33
5/9/2013,1309.93,730.42
5/10/2013,1314.28,732.85
5/13/2013,1315.27,733.33
5/14/2013,1327.14,739.74
5/15/2013,1334.4,743.52
5/16/2013,1329.57,740.8
5/17/2013,1342.03,747.72
5/20/2013,1341.27,747.3
5/21/2013,1344.13,748.89
5/22/2013,1335.91,744.21
5/23/2013,1332.1,741.94
5/24/2013,1332.95,742.42
5/28/2013,1341.37,747.09
5/29/2013,1332.84,742.28
5/30/2013,1337.19,744.6
5/31/2013,1317.48,733.63
6/3/2013,1328.62,739.74
6/4/2013,1322.33,736.19
6/5/2013,1304.96,726.4
6/6/2013,1314.15,731.48
6/7/2013,1330.54,740.6
6/10/2013,1331.04,740.85
6/11/2013,1317.61,733.37
6/12/2013,1307.75,727.71
6/13/2013,1325.12,737.25
6/14/2013,1315.87,732.1
6/17/2013,1325.74,737.6
6/18/2013,1335.68,743.12
6/19/2013,1318.37,733.49
6/20/2013,1286.65,715.69
6/21/2013,1290.05,717.58
6/24/2013,1274.22,708.77
6/25/2013,1284.62,714.45
6/26/2013,1296.59,721.04
6/27/2013,1302.92,724.52
6/28/2013,1295.91,720.62
7/1/2013,1302.86,724.36
7/2/2013,1303.66,724.57
7/3/2013,1305.18,725.42
7/5/2013,1318.67,732.91
7/8/2013,1326.62,737.01
7/9/2013,1335.82,742.13
7/10/2013,1334.88,741.57
7/11/2013,1352.3,751.15
7/12/2013,1355.51,752.94
7/15/2013,1357.44,754.01
7/16/2013,1353.96,752.07
7/17/2013,1357.81,754.08
7/18/2013,1363.3,757
7/19/2013,1364.26,757.51
7/22/2013,1367.66,759.38
7/23/2013,1366.34,758.65
7/24/2013,1364.12,757.42
7/25/2013,1365.19,758
7/26/2013,1367.29,759.16
7/29/2013,1362.73,756.6
7/30/2013,1362.2,756.31
7/31/2013,1360.57,755.23
8/1/2013,1376.01,763.74
8/2/2013,1379.53,765.7
8/5/2013,1377.17,764.3
8/6/2013,1369.54,760.05
8/7/2013,1366.18,757.84
8/8/2013,1370.73,760.14
8/9/2013,1364.15,756.27
8/12/2013,1363.81,756.08
8/13/2013,1368.82,758.62
8/14/2013,1362.4,754.94
8/15/2013,1344.04,744.57
8/16/2013,1340.17,742.38
8/19/2013,1333.56,738.7
8/20/2013,1335.17,739.59
8/21/2013,1327.73,735.43
8/22/2013,1337.19,740.67
8/23/2013,1343.55,744.04
8/26/2013,1337.93,740.93
8/27/2013,1317.66,729.71
8/28/2013,1321.98,732.02
8/29/2013,1323.85,732.96
8/30/2013,1320.33,730.92
9/3/2013,1324.74,733.31
9/4/2013,1334.96,738.87
9/5/2013,1336.65,739.81
9/6/2013,1336.23,739.53
9/9/2013,1348.93,746.51
9/10/2013,1359.1,752.12
9/11/2013,1362.83,754.13
9/12/2013,1359.82,752.19
9/13/2013,1363.21,754.07
9/16/2013,1369.66,757.64
9/17/2013,1375.52,760.88
9/18/2013,1391.96,769.98
9/19/2013,1389.98,768.72
9/20/2013,1380.04,763.23
9/23/2013,1374.31,760.06
9/24/2013,1368.79,756.88
9/25/2013,1364.18,754.33
9/26/2013,1368.54,756.66
9/27/2013,1362.88,753.51
9/30/2013,1353.22,748.12
10/1/2013,1363.65,753.8
10/2/2013,1362.83,753.13
10/3/2013,1350.96,746.57
10/4/2013,1358.69,750.81
10/7/2013,1347.86,744.82
10/8/2013,1332.97,736.27
10/9/2013,1334.92,737.29
10/10/2013,1363.69,753.02
10/11/2013,1372.22,757.73
10/14/2013,1378.59,761.24
10/15/2013,1369.77,756.37
10/16/2013,1388.54,766.6
10/17/2013,1395.62,770.46
10/18/2013,1406.1,776.21
10/21/2013,1406.34,776.33
10/22/2013,1413.56,780.32
10/23/2013,1407.7,777.08
10/24/2013,1412.92,779.95
10/25/2013,1419.04,783.33
10/28/2013,1422.55,785.27
10/29/2013,1430.47,789.61
10/30/2013,1425.58,786.86
10/31/2013,1419.37,783.39
11/1/2013,1423.39,785.61
11/4/2013,1427.03,787.62
11/5/2013,1423.69,785.69
11/6/2013,1433.15,790.27
11/7/2013,1416.19,780.7
11/8/2013,1434.92,791.03
11/11/2013,1435.37,791.27
11/12/2013,1432.14,789.45
11/13/2013,1443.7,795.6
11/14/2013,1449.69,798.69
11/15/2013,1455.87,802.1
11/18/2013,1452.38,800.15
11/19/2013,1451.27,799.34
11/20/2013,1445.41,796.08
11/21/2013,1455.84,801.82
11/22/2013,1461.79,804.95
11/25/2013,1460.46,804.22
11/26/2013,1460.34,804.12
11/27/2013,1464.6,806.22
11/29/2013,1464.9,806.36
12/2/2013,1460,803.62
12/3/2013,1456.57,801.67
12/4/2013,1455.84,801.07
12/5/2013,1448.73,797.16
12/6/2013,1464.42,805.75
12/9/2013,1467.41,807.36
12/10/2013,1461.57,804.15
12/11/2013,1447.31,796.28
12/12/2013,1440.54,792.32
12/13/2013,1439.16,791.56
12/16/2013,1448.21,796.53
12/17/2013,1442.54,793.42
12/18/2013,1467.43,807.11
12/19/2013,1467.45,806.94
12/20/2013,1472.55,809.74
12/23/2013,1481.61,814.52
12/24/2013,1485.73,816.79
12/26/2013,1494.17,821.43
12/27/2013,1494.01,821.25
12/30/2013,1492.58,820.41
12/31/2013,1498.88,823.81
1/2/2014,1486.92,817.05
1/3/2014,1485.93,816.47
1/6/2014,1483.44,815.08
1/7/2014,1491.74,819.63
1/8/2014,1489.6,818.11
1/9/2014,1488.47,817.49
1/10/2014,1489.32,817.95
1/13/2014,1473.08,808.93
1/14/2014,1487.38,816.78
1/15/2014,1497.82,822.5
1/16/2014,1495.69,821.3
1/17/2014,1488.51,817.33
1/21/2014,1491.26,818.82
1/22/2014,1490.89,818.46
1/23/2014,1479.36,812.13
1/24/2014,1450.49,796.28
1/27/2014,1443.62,792.51
1/28/2014,1449.06,795.5
1/29/2014,1433.56,786.9
1/30/2014,1448.73,795.19
1/31/2014,1438.74,789.7
2/3/2014,1407.01,772.29
2/4/2014,1416.42,777.41
2/5/2014,1414.52,776.02
2/6/2014,1432.29,785.21
2/7/2014,1450.68,795.29
2/10/2014,1452.56,796.32
2/11/2014,1469.82,805.74
2/12/2014,1468.96,804.82
2/13/2014,1475.64,808.39
2/14/2014,1483.39,812.57
2/18/2014,1482.26,811.78
2/19/2014,1471.49,805.88
2/20/2014,1479.2,809.88
2/21/2014,1474.81,807.33
2/24/2014,1483.97,812.34
2/25/2014,1481.19,810.8
2/26/2014,1481.72,811.01
2/27/2014,1490.43,815.66
2/28/2014,1495.14,818.24
3/3/2014,1483.39,811.75
3/4/2014,1506.04,824.14
3/5/2014,1507.12,824.63
3/6/2014,1509.95,826.14
3/7/2014,1511.13,826.7
3/10/2014,1511.95,827.1
3/11/2014,1504.21,822.81
3/12/2014,1504.71,822.88
3/13/2014,1487.58,813.41
3/14/2014,1481.32,809.95
3/17/2014,1496.64,818.33
3/18/2014,1508.22,824.66
3/19/2014,1499.7,820
3/20/2014,1509.81,825.53
3/21/2014,1506.45,823.69
3/24/2014,1502.17,821.35
3/25/2014,1511.13,826.14
3/26/2014,1501.26,820.74
3/27/2014,1499.03,819.43
3/28/2014,1504.48,822.4
3/31/2014,1515.28,828.23
4/1/2014,1524.41,833.14
4/2/2014,1528.36,835.08
4/3/2014,1527.43,834.57
4/4/2014,1509.19,824.58
4/7/2014,1495.89,817.3
4/8/2014,1501.01,819.73
4/9/2014,1517.34,828.58
4/10/2014,1486.62,811.81
4/11/2014,1474.16,804.9
4/14/2014,1486.06,811.4
4/15/2014,1496.04,816.85
4/16/2014,1510.4,824.65
4/17/2014,1512.39,825.68
4/21/2014,1518.76,829.15
4/22/2014,1523.61,831.79
4/23/2014,1519.81,829.56
4/24/2014,1523.55,831.6
4/25/2014,1512.48,825.56
4/28/2014,1521.16,830.26
4/29/2014,1528.59,834.32
4/30/2014,1531.92,836.08
5/1/2014,1530.76,835.41
5/2/2014,1527.91,833.86
5/5/2014,1530.45,835.15
5/6/2014,1515.64,827.06
5/7/2014,1525.59,832
5/8/2014,1525.3,831.59
5/9/2014,1528.25,832.96
5/12/2014,1541.11,839.97
5/13/2014,1543.62,841.06
5/14/2014,1537.05,837.33
5/15/2014,1522.82,829.38
5/16/2014,1528.23,832.32
5/19/2014,1534.41,835.65
5/20/2014,1525.71,830.88
5/21/2014,1539.04,838.01
5/22/2014,1541.9,839.41
5/23/2014,1547.74,842.59
5/27/2014,1556.56,847.38
5/28/2014,1554.7,846.35
5/29/2014,1563.25,850.89
5/30/2014,1566.54,852.69
6/2/2014,1566.19,852.38
6/3/2014,1565.33,851.86
6/4/2014,1567.81,853.11
6/5/2014,1578.39,858.86
6/6/2014,1584.9,862.32
6/9/2014,1587.38,863.63
6/10/2014,1589.28,864.67
6/11/2014,1583.11,861.29
6/12/2014,1571.2,854.47
6/13/2014,1576.2,857.19
6/16/2014,1576.18,857.18
6/17/2014,1577.9,858.11
6/18/2014,1589.87,864.62
6/19/2014,1591.61,865.39
6/20/2014,1593.02,866.15
6/23/2014,1594.01,866.69
6/24/2014,1583.58,860.9
6/25/2014,1592.91,865.96
6/26/2014,1591.07,864.88
6/27/2014,1594.17,866.54
6/30/2014,1592.32,865.47
7/1/2014,1603.67,871.41
7/2/2014,1607.28,873.29
7/3/2014,1616.2,878.14
7/7/2014,1612.09,875.87
7/8/2014,1600.91,869.43
7/9/2014,1608.69,873.62
7/10/2014,1602.61,870.31
7/11/2014,1605.73,871.9
7/14/2014,1615.1,876.99
7/15/2014,1612.83,875.76
7/16/2014,1621.77,880.45
7/17/2014,1604.05,870.69
7/18/2014,1620.28,879.49
7/21/2014,1617.12,877.76
7/22/2014,1625.65,882.39
7/23/2014,1629.52,884.49
7/24/2014,1629.55,884.51
7/25/2014,1621.05,879.88
7/28/2014,1621.64,880.2
7/29/2014,1615.05,876.58
7/30/2014,1615.76,876.78
7/31/2014,1582.77,858.84
8/1/2014,1576.53,855.45
8/4/2014,1588.56,861.98
8/5/2014,1572.73,853.28
8/6/2014,1573.85,853.54
8/7/2014,1566.12,849.1
8/8/2014,1582.31,857.89
8/11/2014,1587.02,860.2
8/12/2014,1585.43,859.3
8/13/2014,1597.11,865.42
8/14/2014,1603.31,868.74
8/15/2014,1602.75,868.27
8/18/2014,1616.46,875.67
8/19/2014,1624.34,879.72
8/20/2014,1627.32,881.29
8/21/2014,1633.82,884.81
8/22/2014,1630.37,882.79
8/25/2014,1638.47,887.17
8/26/2014,1640.75,888.41
8/27/2014,1641.49,888.72
8/28/2014,1637.79,886.61
8/29/2014,1642.55,889.08
9/2/2014,1641.55,888.48
9/3/2014,1640,887.5
9/4/2014,1637.56,886.18
9/5/2014,1645.51,890.48
9/8/2014,1640.67,887.73
9/9/2014,1630.74,882.34
9/10/2014,1638.91,886.71
9/11/2014,1640.51,887.29
9/12/2014,1632.71,883.07
9/15/2014,1633.33,883.41
9/16/2014,1645.43,889.95
9/17/2014,1648.6,891.67
9/18/2014,1657.82,896.48
9/19/2014,1658.95,897.09
9/22/2014,1647.87,891.09
9/23/2014,1639.24,886.3
9/24/2014,1651.13,892.73
9/25/2014,1622.89,877.46
9/26/2014,1637.46,885.25
9/29/2014,1632.28,882.37
9/30/2014,1630.35,881.25
10/1/2014,1608.52,869.36
10/2/2014,1608.2,869.07
10/3/2014,1626.16,878.77
10/6/2014,1624.96,878.09
10/7/2014,1600.23,864.72
10/8/2014,1629.07,879.89
10/9/2014,1597.15,862.58
10/10/2014,1580.28,853.36
10/13/2014,1556.53,840.53
10/14/2014,1555.62,840.04
10/15/2014,1540.21,831.64
10/16/2014,1536.72,829.72
10/17/2014,1557.49,840.94
10/20/2014,1570.02,847.67
10/21/2014,1598.01,862.76
10/22/2014,1588.12,857.28
10/23/2014,1607.23,867.6
10/24/2014,1617.88,873.33
10/27/2014,1615.86,872.24
10/28/2014,1634.18,882.13
10/29/2014,1632.55,881.17
10/30/2014,1641.69,886.06
10/31/2014,1659.72,895.79
11/3/2014,1658.57,895.17
11/4/2014,1655.83,893.69
11/5/2014,1664.6,897.99
11/6/2014,1670.68,900.95
11/7/2014,1672.29,901.57
11/10/2014,1677.54,904.35
11/11/2014,1679.07,905.17
11/12/2014,1678.7,904.75
11/13/2014,1681.89,906.4
11/14/2014,1682.98,906.83
11/17/2014,1682.56,906.58
11/18/2014,1689.42,910.04
11/19/2014,1687.2,908.8
11/20/2014,1690.29,910.46
11/21/2014,1698.6,914.78
11/24/2014,1702.23,916.73
11/25/2014,1699.52,915.24
11/26/2014,1705.82,918.38
11/28/2014,1701.96,916.24
12/1/2014,1691.81,910.74
12/2/2014,1702.78,916.58
12/3/2014,1707.06,918.62
12/4/2014,1705.44,917.75
12/5/2014,1709,919.66
12/8/2014,1696.8,912.98
12/9/2014,1694.54,911.77
12/10/2014,1668.26,897.62
12/11/2014,1675.39,901.19
12/12/2014,1646.94,885.88
12/15/2014,1635.37,879.66
12/16/2014,1620.53,871.68
12/17/2014,1652.13,888.67
12/18/2014,1694.93,911.51
12/19/2014,1701.85,915.23
12/22/2014,1708.44,918.57
12/23/2014,1711.04,919.96
12/24/2014,1709.93,919.37
12/26/2014,1715.72,922.48
12/29/2014,1715.35,922.19
12/30/2014,1707.96,918.12
12/31/2014,1689.83,908.38
1/2/2015,1688.57,907.5
1/5/2015,1658.13,891.04
1/6/2015,1644.95,883.96
1/7/2015,1663.68,893.6
1/8/2015,1693.99,909.87
1/9/2015,1679.57,902.13
1/12/2015,1666.75,895.24
1/13/2015,1662.66,892.93
1/14/2015,1652.32,887.36
1/15/2015,1635.57,878.33
1/16/2015,1656.97,889.8
1/20/2015,1660.4,891.61
1/21/2015,1666.1,894.5
1/22/2015,1692.89,908.88
1/23/2015,1682.19,903.14
1/26/2015,1684.74,904.51
1/27/2015,1655.84,888.99
1/28/2015,1634.52,877.46
1/29/2015,1651.1,886.36
1/30/2015,1631.47,875.8
2/2/2015,1654.78,888.31
2/3/2015,1678.3,900.92
2/4/2015,1672,897.12
2/5/2015,1689.03,906.02
2/6/2015,1685.96,904.06
2/9/2015,1679.81,900.71
2/10/2015,1696.72,909.73
2/11/2015,1699.68,910.98
2/12/2015,1716.44,919.69
2/13/2015,1723.52,923.43
2/17/2015,1726.79,924.98
2/18/2015,1723.42,923.17
2/19/2015,1720.42,921.34
2/20/2015,1730.59,926.63
2/23/2015,1730.41,926.53
2/24/2015,1737.35,930.21
2/25/2015,1736,929.43
2/26/2015,1734.99,928.74
2/27/2015,1728.89,925.47
3/2/2015,1740.74,931.75
3/3/2015,1733.14,927.68
3/4/2015,1726.75,924.14
3/5/2015,1726.91,924.22
3/6/2015,1704.16,912
3/9/2015,1711.61,915.87
3/10/2015,1680.73,899.27
3/11/2015,1675.63,896.43
3/12/2015,1695.94,907
3/13/2015,1685.63,901.49
3/16/2015,1707.06,912.95
3/17/2015,1700.76,909.58
3/18/2015,1720.14,919.94
3/19/2015,1710.55,914.82
3/20/2015,1724.91,922.49
3/23/2015,1722.81,921.37
3/24/2015,1712.5,915.73
3/25/2015,1685.9,901.51
3/26/2015,1682.08,899.43
3/27/2015,1683.65,900.19
3/30/2015,1704.31,911.15
3/31/2015,1687.41,901.99
4/1/2015,1680.59,898.17
4/2/2015,1686.13,901.1
4/6/2015,1697.2,907.01
4/7/2015,1695.81,906.26
4/8/2015,1699.12,907.58
4/9/2015,1708.56,912.62
4/10/2015,1719.87,918.67
4/13/2015,1712.65,914.72
4/14/2015,1715.47,916.22
4/15/2015,1725.15,921.39
4/16/2015,1723.98,920.73
4/17/2015,1703.64,909.87
4/20/2015,1721.03,919.14
4/21/2015,1717.16,917.05
4/22/2015,1728.09,922.85
4/23/2015,1731.58,924.58
4/24/2015,1738.99,928.53
4/27/2015,1733.49,925.6
4/28/2015,1739.82,928.86
4/29/2015,1734.92,926.18
4/30/2015,1716.41,916.29
5/1/2015,1734.78,926.09
5/4/2015,1739.99,928.88
5/5/2015,1720.83,918.54
5/6/2015,1712.59,913.65
5/7/2015,1719.76,917.17
5/8/2015,1745.12,930.69
5/11/2015,1735.48,925.3
5/12/2015,1730.18,922.43
5/13/2015,1730.48,922.41
5/14/2015,1750.35,932.89
5/15/2015,1751.09,933.12
5/18/2015,1755.05,935.2
5/19/2015,1755.85,935.37
5/20/2015,1754.31,934.43
5/21/2015,1759.08,936.8
5/22/2015,1753.98,934.08
5/26/2015,1736.07,924.55
5/27/2015,1752.79,933.38
5/28/2015,1751.46,932.52
5/29/2015,1739.43,926.11
6/1/2015,1743.5,928.16
6/2/2015,1741.78,927.17
6/3/2015,1747.55,930.12
6/4/2015,1732.58,922.16
6/5/2015,1728.35,919.9
6/8/2015,1718.22,914.39
6/9/2015,1719.82,915.23
6/10/2015,1741.75,926.9
6/11/2015,1745.32,928.47
6/12/2015,1732.28,921.48
6/15/2015,1723.57,916.85
6/16/2015,1733.7,922.23
6/17/2015,1736.93,923.95
6/18/2015,1754.6,933.16
6/19/2015,1744.19,927.63
6/22/2015,1755.11,933.43
6/23/2015,1758.22,934.97
6/24/2015,1745.53,928.22
6/25/2015,1739.92,925.19
6/26/2015,1739.73,925
6/29/2015,1704.47,906.17
6/30/2015,1708.52,908.26
7/1/2015,1720.25,914.15
7/2/2015,1719.54,913.77
7/6/2015,1713.97,910.78
7/7/2015,1722.99,915.56
7/8/2015,1695.92,900.8
7/9/2015,1699.52,902.71
7/10/2015,1721.34,914.3
7/13/2015,1742.16,925.26
7/14/2015,1750.96,929.94
7/15/2015,1752.55,930.78
7/16/2015,1768.03,938.97
7/17/2015,1776.13,943.27
7/20/2015,1780.58,945.61
7/21/2015,1772.2,941.1
7/22/2015,1765.05,937.16
7/23/2015,1754.07,931.26
7/24/2015,1735.14,921.21
7/27/2015,1726.56,916.65
7/28/2015,1747.95,928.01
7/29/2015,1761,934.78
7/30/2015,1760.85,934.67
7/31/2015,1754.19,931.13
8/3/2015,1749.41,928.59
8/4/2015,1743.09,925.22
8/5/2015,1747.9,927.25
8/6/2015,1733.89,919.47
8/7/2015,1727.96,916.32
8/10/2015,1748.98,927.47
8/11/2015,1730.93,917.65
8/12/2015,1733.76,918.97
8/13/2015,1731.06,917.37
8/14/2015,1737.43,920.75
8/17/2015,1745.82,924.98
8/18/2015,1741.09,922.24
8/19/2015,1726.54,914.48
8/20/2015,1690.14,895.2
8/21/2015,1633,864.77
8/24/2015,1568.82,830.79
8/25/2015,1547.66,819.58
8/26/2015,1613.97,854.69
8/27/2015,1653.16,875.38
8/28/2015,1653.77,875.58
8/31/2015,1640.1,868.22
9/1/2015,1590.26,841.77
9/2/2015,1622.47,858.7
9/3/2015,1621.87,858.37
9/4/2015,1596.3,844.77
9/8/2015,1636.57,866.03
9/9/2015,1612.78,853.41
9/10/2015,1623.76,859.15
9/11/2015,1631.62,863.01
9/14/2015,1625.55,859.75
9/15/2015,1647.83,871.53
9/16/2015,1660.94,878.47
9/17/2015,1655.71,875.52
9/18/2015,1628.95,861.37
9/21/2015,1637.28,865.77
9/22/2015,1619.26,856.24
9/23/2015,1616.63,854.81
9/24/2015,1611.97,852.34
9/25/2015,1611.13,851.9
9/28/2015,1573.24,831.65
9/29/2015,1574.98,832.55
9/30/2015,1604.8,848.26
10/1/2015,1608.91,850.35
10/2/2015,1631.71,862.27
10/5/2015,1661.13,877.75
10/6/2015,1657.89,876.03
10/7/2015,1671.89,882.95
10/8/2015,1684.82,889.78
10/9/2015,1686.92,890.85
10/12/2015,1688.93,891.91
10/13/2015,1679.59,886.88
10/14/2015,1670.93,882.25
10/15/2015,1698.09,896.52
10/16/2015,1707.02,901.24
10/19/2015,1708.25,901.87
10/20/2015,1704.08,899.63
10/21/2015,1696.71,895.57
10/22/2015,1727.28,911.67
10/23/2015,1753.89,925.72
10/26/2015,1751.1,924.24
10/27/2015,1747.97,922.59
10/28/2015,1768.96,933.57
10/29/2015,1768.23,933.09
10/30/2015,1756.2,926.74
11/2/2015,1776.98,937.7
11/3/2015,1783.57,941.18
11/4/2015,1778.41,938
11/5/2015,1776.13,936.54
11/6/2015,1778.26,937.57
11/9/2015,1761.09,928.25
11/10/2015,1763.04,929.09
11/11/2015,1759.01,926.96
11/12/2015,1735.34,914.3
11/13/2015,1713.98,903.04
11/16/2015,1739.89,916.5
11/17/2015,1738.39,915.45
11/18/2015,1767.82,930.9
11/19/2015,1766.07,929.98
11/20/2015,1772.11,932.99
11/23/2015,1768.41,931.04
11/24/2015,1770.11,931.93
11/25/2015,1769.14,931.35
11/27/2015,1769.98,931.53
11/30/2015,1760.45,926.44
12/1/2015,1780.11,936.69
12/2/2015,1762.15,927.02
12/3/2015,1737.59,914.07
12/4/2015,1775.03,933.77
12/7/2015,1763.66,927.76
12/8/2015,1751.24,921.18
12/9/2015,1738.33,914.38
12/10/2015,1743.18,916.84
12/11/2015,1708.5,898.49
12/14/2015,1719.9,904.43
12/15/2015,1738.26,914.09
12/16/2015,1764.36,927.77
12/17/2015,1738.06,913.77
12/18/2015,1704.35,896.05
12/21/2015,1717.76,902.97
12/22/2015,1732.23,910.44
12/23/2015,1751.84,920.75
12/24/2015,1748.2,918.84
12/28/2015,1745,917.15
12/29/2015,1764.68,927.4
12/30/2015,1752.18,920.77
12/31/2015,1734.42,911.43
1/4/2016,1706.7,896.54
1/5/2016,1708.83,897.66
1/6/2016,1689.01,886.78
1/7/2016,1646.54,864.48
1/8/2016,1629.59,855.58
1/11/2016,1634.34,858.07
1/12/2016,1647.93,865.21
1/13/2016,1607.92,844.08
1/14/2016,1637.82,859.77
1/15/2016,1600.04,839.89
1/19/2016,1601.25,840.52
1/20/2016,1581.14,829.78
1/21/2016,1589.88,834.34
1/22/2016,1622.27,851.34
1/25/2016,1598.22,838.72
1/26/2016,1619.78,850.03
1/27/2016,1600.49,839.84
1/28/2016,1615.85,847.84
1/29/2016,1654.94,868.34
2/1/2016,1651.68,866.62
2/2/2016,1622.11,851.09
2/3/2016,1629.64,854.6
2/4/2016,1630.67,854.91
2/5/2016,1601.8,839.77
2/8/2016,1587.47,832.17
2/9/2016,1585.66,830.97
2/10/2016,1583.59,829.61
2/11/2016,1566.68,820.61
2/12/2016,1596.01,835.89
2/16/2016,1620.68,848.39
2/17/2016,1646.33,861.75
2/18/2016,1637.63,857.16
2/19/2016,1638.13,857.25
2/22/2016,1660.14,868.77
2/23/2016,1637.91,857.1
2/24/2016,1643.73,860.15
2/25/2016,1662.28,869.61
2/26/2016,1657.38,866.94
2/29/2016,1643.22,859.44
3/1/2016,1684.45,881.01
3/2/2016,1690.76,884.18
3/3/2016,1693.79,885.73
3/4/2016,1697.87,887.86
3/7/2016,1697.38,887.58
3/8/2016,1682.62,879.75
3/9/2016,1690.82,883.89
3/10/2016,1690.08,883.47
3/11/2016,1715.7,896.55
3/14/2016,1713.62,895.41
3/15/2016,1713.76,895.49
3/16/2016,1720.66,899.09
3/17/2016,1731.37,904.69
3/18/2016,1737.47,907.88
3/21/2016,1741,909.72
3/22/2016,1739.77,908.9
3/23/2016,1730.3,903.95
3/24/2016,1730.51,904.06
3/28/2016,1730.14,903.87
3/29/2016,1744.39,911.22
3/30/2016,1753.2,915.75
3/31/2016,1747.79,912.93
4/1/2016,1760.06,919.33
4/4/2016,1756.41,917.12
4/5/2016,1740.08,908.59
4/6/2016,1759.44,918.21
4/7/2016,1738.39,907.23
4/8/2016,1741.85,909.03
4/11/2016,1737.13,906.57
4/12/2016,1754.32,915.5
4/13/2016,1771.46,924.29
4/14/2016,1774.26,925.6
4/15/2016,1771.13,923.97
4/18/2016,1782.99,930.14
4/19/2016,1789.75,933.66
4/20/2016,1791.57,934.55
4/21/2016,1784.91,931.04
4/22/2016,1779.76,928.35
4/25/2016,1778.08,927.48
4/26/2016,1777.09,926.96
4/27/2016,1776.59,926.62
4/28/2016,1761.81,918.85
4/29/2016,1754.51,915.02
5/2/2016,1768.55,922.35
5/3/2016,1754.5,915
5/4/2016,1744.31,909.44
5/5/2016,1743.64,908.8
5/6/2016,1750.16,912.1
5/9/2016,1750.99,912.54
5/10/2016,1773.76,924.4
5/11/2016,1758.15,915.62
5/12/2016,1759,915.96
5/13/2016,1743.53,907.81
5/16/2016,1759.94,916.3
5/17/2016,1742.56,906.82
5/18/2016,1744.68,907.76
5/19/2016,1737.92,904.24
5/20/2016,1747.7,909.15
5/23/2016,1743.55,906.99
5/24/2016,1767,919.19
5/25/2016,1780.66,926.3
5/26/2016,1780.58,926.16
5/27/2016,1787.33,929.49
5/31/2016,1783.94,927.65
6/1/2016,1785.08,928.1
6/2/2016,1788.82,929.94
6/3/2016,1784.06,927.46
6/6/2016,1792.6,931.9
6/7/2016,1793.22,932.23
6/8/2016,1799.24,935.27
6/9/2016,1796.05,933.58
6/10/2016,1782.9,926.75
6/13/2016,1769.46,919.45
6/14/2016,1767.66,918.46
6/15/2016,1762.49,915.73
6/16/2016,1770.15,919.54
6/17/2016,1761.32,914.95
6/20/2016,1769.64,919.27
6/21/2016,1775.23,922.05
6/22/2016,1772.88,920.82
6/23/2016,1795.5,932.58
6/24/2016,1733.77,900.51
6/27/2016,1708.48,887.38
6/28/2016,1737.51,902.36
6/29/2016,1765.55,916.82
6/30/2016,1787.34,928.13
7/1/2016,1790.81,929.68
7/5/2016,1781.43,924.71
7/6/2016,1792.29,929.84
7/7/2016,1791.5,929.34
7/8/2016,1816.37,942.25
7/11/2016,1822.91,945.64
7/12/2016,1833.23,950.99
7/13/2016,1833.49,951.02
7/14/2016,1844.31,956.63
7/15/2016,1842.94,955.92
7/18/2016,1848.44,958.71
7/19/2016,1847.96,958.42
7/20/2016,1856.02,962.44
7/21/2016,1849.59,959.08
7/22/2016,1855.79,962.29
7/25/2016,1849.78,959.17
7/26/2016,1845.86,957.09
7/27/2016,1848.8,958.59
7/28/2016,1850.91,959.6
7/29/2016,1855.09,961.75
8/1/2016,1855.16,961.79
8/2/2016,1846.21,957.12
8/3/2016,1850.24,958.83
8/4/2016,1851.05,958.94
8/5/2016,1866.46,966.92
8/8/2016,1864.83,965.98
8/9/2016,1866.66,966.93
8/10/2016,1861.45,963.78
8/11/2016,1869.2,967.66
8/12/2016,1867.07,966.51
8/15/2016,1871.79,968.82
8/16/2016,1864,964.56
8/17/2016,1868.39,966.49
8/18/2016,1869.53,967.08
8/19/2016,1865.46,964.8
8/22/2016,1864.21,964.15
8/23/2016,1866.6,965.39
8/24/2016,1859.01,961.46
8/25/2016,1855.82,959.81
8/26/2016,1854.42,959.06
8/29/2016,1863.37,963.55
8/30/2016,1860.32,961.78
8/31/2016,1857.36,960.08
9/1/2016,1857.71,960.24
9/2/2016,1864.46,963.67
9/6/2016,1870.61,966.84
9/7/2016,1869.48,966.12
9/8/2016,1866.06,964.34
9/9/2016,1824.02,942.62
9/12/2016,1850.35,956.2
9/13/2016,1826.08,943.33
9/14/2016,1826.1,943.29
9/15/2016,1844.46,952.6
9/16/2016,1837.1,948.8
9/19/2016,1834.29,947.35
9/20/2016,1837.05,948.77
9/21/2016,1853.46,957.25
9/22/2016,1865,963.2
9/23/2016,1854.82,957.95
9/26/2016,1837.29,948.76
9/27/2016,1850.72,955.65
9/28/2016,1859.46,960.06
9/29/2016,1841.76,950.92
9/30/2016,1856.8,958.68
10/3/2016,1852.27,956.16
10/4/2016,1845.41,952.48
10/5/2016,1854.38,956.56
10/6/2016,1854.91,956.83
10/7/2016,1851.6,955.09
10/10/2016,1859.21,959.02
10/11/2016,1839.88,949.04
10/12/2016,1841.2,949.62
10/13/2016,1835.05,946.42
10/14/2016,1835.96,946.89
10/17/2016,1830.99,944.3
10/18/2016,1840.3,949.1
10/19/2016,1842.46,950.01
10/20/2016,1840.92,949.12
10/21/2016,1841.97,949.66
10/24/2016,1851.76,954.7
10/25/2016,1848.16,952.8
10/26/2016,1845.07,951.21
10/27/2016,1842.75,949.99
10/28/2016,1833.76,945.32
10/31/2016,1830.94,943.87
11/1/2016,1820.27,938.36
11/2/2016,1807.62,931.69
11/3/2016,1798.71,926.63
11/4/2016,1793.29,923.84
11/7/2016,1833.1,944.35
11/8/2016,1840.37,947.52
11/9/2016,1863.69,959.46
11/10/2016,1865.69,960.4
11/11/2016,1862.35,958.68
11/14/2016,1856.11,955.34
11/15/2016,1870.18,962.28
11/16/2016,1869.18,961.39
11/17/2016,1877.49,965.62
11/18/2016,1872.99,963.13
11/21/2016,1886.71,970.18
11/22/2016,1889.1,971.38
11/23/2016,1888.55,971.09
11/25/2016,1896.63,975.25
11/28/2016,1888.11,970.73
11/29/2016,1891.14,971.99
11/30/2016,1885.45,968.84
12/1/2016,1881.16,966.61
12/2/2016,1880.52,966.28
12/5/2016,1890.3,971.19
12/6/2016,1896.34,974.27
12/7/2016,1920.56,986.6
12/8/2016,1923.66,988.08
12/9/2016,1939.13,996.02
12/12/2016,1940.2,996.57
12/13/2016,1955.72,1004.39
12/14/2016,1942.8,997.75
12/15/2016,1950.68,1001.8
12/16/2016,1946.96,999.89
12/19/2016,1951.73,1002.33
12/20/2016,1959.27,1005.98
12/21/2016,1954.15,1003.3
12/22/2016,1951.77,1001.91
12/23/2016,1953.03,1002.52
12/27/2016,1955.87,1003.97
12/28/2016,1942.63,997.11
12/29/2016,1941.03,996.29
12/30/2016,1931.71,991.43
1/3/2017,1949.65,1000.6
1/4/2017,1956.68,1003.87
1/5/2017,1957.23,1004.14
1/6/2017,1965.89,1008.15
1/9/2017,1961.03,1005.65
1/10/2017,1958.77,1004.49
1/11/2017,1963.76,1006.93
1/12/2017,1959.96,1004.98
1/13/2017,1963.1,1006.59
1/17/2017,1956.43,1003.17
1/18/2017,1958.24,1003.85
1/19/2017,1950.99,1000.11
1/20/2017,1956.8,1003.04
1/23/2017,1951.9,1000.5
1/24/2017,1960.65,1004.99
1/25/2017,1976.75,1013.24
1/26/2017,1976.5,1013.12
1/27/2017,1976.31,1012.93
1/30/2017,1964.65,1006.94
1/31/2017,1959.81,1004.46
2/1/2017,1964.03,1006.33
2/2/2017,1963.84,1006.15
2/3/2017,1978.75,1013.69
2/6/2017,1975.64,1012.1
2/7/2017,1977.27,1012.9
2/8/2017,1977.26,1012.46
2/9/2017,1987.68,1017.54
2/10/2017,1993.94,1020.67
2/13/2017,2006.34,1026.74
2/14/2017,2017.67,1032.13
2/15/2017,2028.73,1037.59
2/16/2017,2028.85,1037.56
2/17/2017,2032.12,1039.23
2/21/2017,2043.86,1045.23
2/22/2017,2043.76,1045.14
2/23/2017,2047.92,1047.1
2/24/2017,2049.93,1047.81
2/27/2017,2051.3,1048.34
2/28/2017,2047.85,1046.55
3/1/2017,2076.87,1061.21
3/2/2017,2066.99,1056.12
3/3/2017,2068.41,1056.84
3/6/2017,2062.87,1054.01
3/7/2017,2058.97,1051.92
3/8/2017,2056.02,1050.22
3/9/2017,2059.55,1052.01
3/10/2017,2065.44,1055.02
3/13/2017,2064.59,1054.22
3/14/2017,2059.24,1051.43
3/15/2017,2073.29,1058.61
3/16/2017,2071.76,1057.82
3/17/2017,2066.9,1055.34
3/20/2017,2063.17,1053.44
3/21/2017,2039.57,1041.26
3/22/2017,2041.58,1042.23
3/23/2017,2038.13,1040.47
3/24/2017,2035.4,1039.08
3/27/2017,2033.46,1038.09
3/28/2017,2047.67,1045.34
3/29/2017,2048.55,1045.69
3/30/2017,2055.4,1049.18
3/31/2017,2049.29,1046.06
4/3/2017,2048.38,1045.53
4/4/2017,2052.18,1047.21
4/5/2017,2045.57,1043.71
4/6/2017,2046.35,1043.66
4/7/2017,2044.42,1042.68
4/10/2017,2044.63,1042.72
4/11/2017,2040.39,1040.38
4/12/2017,2035.4,1037.83
4/13/2017,2020.81,1030.4
4/17/2017,2037.97,1039.14
4/18/2017,2032.93,1036.52
4/19/2017,2027.11,1033.34
4/20/2017,2041.14,1040.46
4/21/2017,2034.49,1037.07
4/24/2017,2057.03,1048.53
4/25/2017,2070.51,1055.4
4/26/2017,2068.54,1054.4
4/27/2017,2070.49,1055.27
4/28/2017,2069.7,1054.86
5/1/2017,2074.52,1057.31
5/2/2017,2076.39,1058.27
5/3/2017,2076.96,1058.31
5/4/2017,2077.24,1058.42
5/5/2017,2082.81,1061.26
5/8/2017,2085.84,1062.69
5/9/2017,2081.84,1060.62
5/10/2017,2080,1059.1
5/11/2017,2077.33,1057.24
5/12/2017,2076.5,1056.81
5/15/2017,2084.86,1060.92
5/16/2017,2085.16,1060.79
5/17/2017,2046.44,1040.68
5/18/2017,2053.84,1044.44
5/19/2017,2066.33,1050.79
5/22/2017,2075.63,1055.52
5/23/2017,2081.54,1058.53
5/24/2017,2085.92,1060.76
5/25/2017,2094.56,1064.93
5/26/2017,2095.66,1065.35
5/30/2017,2093.93,1064.26
5/31/2017,2091.59,1062.91
6/1/2017,2105.25,1069.74
6/2/2017,2114.35,1074.36
6/5/2017,2113.66,1074
6/6/2017,2108.97,1071.62
6/7/2017,2112.79,1073.47
6/8/2017,2111.95,1073.04
6/9/2017,2109.7,1071.9
6/12/2017,2107.41,1070.71
6/13/2017,2115.76,1074.64
6/14/2017,2114.63,1074
6/15/2017,2110.47,1071.66
6/16/2017,2110.85,1071.85
6/19/2017,2129.34,1081.24
6/20/2017,2116.46,1074.69
6/21/2017,2116.22,1074.44
6/22/2017,2115.13,1073.88
6/23/2017,2118.18,1075.43
6/26/2017,2117.84,1075.26
6/27/2017,2100.31,1066.36
6/28/2017,2118.99,1075.74
6/29/2017,2101.16,1066.68
6/30/2017,2103.35,1067.71
7/3/2017,2109.13,1070.5
7/5/2017,2114.19,1072.77
7/6/2017,2095.55,1062.75
7/7/2017,2107.18,1068.65
7/10/2017,2109.08,1069.62
7/11/2017,2107.48,1068.81
7/12/2017,2121.85,1075.97
7/13/2017,2126.65,1078.41
7/14/2017,2136.02,1083.13
7/17/2017,2134.78,1082.45
7/18/2017,2137.81,1083.95
7/19/2017,2148.46,1089.21
7/20/2017,2148.8,1089.26
7/21/2017,2145.81,1087.74
7/24/2017,2144.04,1086.82
7/25/2017,2150.46,1090.07
7/26/2017,2153.21,1091.47
7/27/2017,2155.07,1092.25
7/28/2017,2149.75,1089.53
7/31/2017,2148.58,1088.94
8/1/2017,2155.43,1092.41
8/2/2017,2160.98,1094.92
8/3/2017,2157.43,1092.9
8/4/2017,2162.41,1095.42
8/7/2017,2165.95,1097.21
8/8/2017,2162.29,1095.22
8/9/2017,2162.44,1095.14
8/10/2017,2133.47,1079.89
8/11/2017,2137.38,1081.8
8/14/2017,2157.68,1092.05
8/15/2017,2157.83,1091.76
8/16/2017,2160.28,1092.58
8/17/2017,2127.81,1076.11
8/18/2017,2122.69,1073.52
8/21/2017,2125.07,1074.72
8/22/2017,2145.88,1085.24
8/23/2017,2138.2,1081.27
8/24/2017,2133.09,1078.68
8/25/2017,2136.1,1080.02
8/28/2017,2138.51,1081.17
8/29/2017,2143.26,1083.41
8/30/2017,2152.79,1087.93
8/31/2017,2164.44,1093.78
9/1/2017,2167.5,1095.25
9/5/2017,2150.65,1086.74
9/6/2017,2157.97,1090.44
9/7/2017,2158.12,1090.41
9/8/2017,2151.44,1086.98
9/11/2017,2174.33,1098.54
9/12/2017,2183.25,1103.03
9/13/2017,2186.92,1104.88
9/14/2017,2185.31,1103.66
9/15/2017,2188.52,1105.11
9/18/2017,2190.8,1106.26
9/19/2017,2196.73,1109.26
9/20/2017,2198.52,1110.16
9/21/2017,2191.05,1106.39
9/22/2017,2191.48,1106.61
9/25/2017,2185.53,1103.6
9/26/2017,2185.03,1103.21
9/27/2017,2193.25,1107.37
9/28/2017,2196.16,1108.71
9/29/2017,2203.06,1112.19
10/2/2017,2212.06,1116.74
10/3/2017,2217.35,1119.35
10/4/2017,2217.3,1119.21
10/5/2017,2232.32,1126.5
10/6/2017,2230.33,1125.03
10/9/2017,2227.52,1123.61
10/10/2017,2233.34,1126.49
10/11/2017,2238.13,1128.89
10/12/2017,2230.74,1125.04
10/13/2017,2233,1126.16
10/16/2017,2239.22,1129.29
10/17/2017,2242.54,1130.97
10/18/2017,2244.27,1131.78
10/19/2017,2242.45,1130.71
10/20/2017,2251.69,1135.26
10/23/2017,2241.64,1130.15
10/24/2017,2245.02,1131.82
10/25/2017,2236.33,1127.44
10/26/2017,2236.4,1127.48
10/27/2017,2261.41,1140.09
10/30/2017,2255.02,1136.75
10/31/2017,2255.19,1136.83
11/1/2017,2261.74,1140.13
11/2/2017,2260.7,1139.47
11/3/2017,2268.72,1143.41
11/6/2017,2269.65,1143.77
11/7/2017,2270.39,1144.14
11/8/2017,2272.95,1145.43
11/9/2017,2266.93,1142.07
11/10/2017,2264.83,1140.39
11/13/2017,2265.68,1140.82
11/14/2017,2257.91,1136.74
11/15/2017,2246.69,1130.74
11/16/2017,2265.9,1139.91
11/17/2017,2256.92,1135.35
11/20/2017,2258.62,1136.2
11/21/2017,2275.81,1144.85
11/22/2017,2275.3,1144.5
11/24/2017,2280.23,1146.98
11/27/2017,2280.85,1147.11
11/28/2017,2303.78,1158.57
11/29/2017,2303.46,1158.25
11/30/2017,2323.39,1167.79
12/1/2017,2320.29,1166.19
12/4/2017,2319.88,1165.99
12/5/2017,2313.34,1162.64
12/6/2017,2313.11,1162.51
12/7/2017,2317.51,1164.6
12/8/2017,2330.22,1170.82
12/11/2017,2341.43,1176.45
12/12/2017,2349.43,1180.47
12/13/2017,2348.98,1180.24
12/14/2017,2341.95,1176.55
12/15/2017,2362.11,1186.68
12/18/2017,2373.13,1192.22
12/19/2017,2365.31,1188.29
12/20/2017,2362.38,1186.57
12/21/2017,2369.98,1190.39
12/22/2017,2367.24,1189.02
12/26/2017,2362.63,1186.62
12/27/2017,2364.79,1187.7
12/28/2017,2368.21,1189.29
12/29/2017,2355.98,1183.15
1/2/2018,2376.85,1193.55
1/3/2018,2391.16,1200.74
1/4/2018,2402.89,1206.26
1/5/2018,2421.41,1215.56
1/8/2018,2422.54,1216.1
1/9/2018,2427.59,1218.12
1/10/2018,2427.26,1217.95
1/11/2018,2443.21,1225.82
1/12/2018,2460.6,1234.55
1/16/2018,2455.12,1231.79
1/17/2018,2478.21,1243.38
1/18/2018,2474.96,1241.59
1/19/2018,2483.24,1245.7
1/22/2018,2505.23,1256.71
1/23/2018,2506.9,1257.48
1/24/2018,2505.05,1256.54
1/25/2018,2508.03,1258.04
1/26/2018,2539.82,1273.99
1/29/2018,2523.23,1265.56
1/30/2018,2496.26,1251.93
1/31/2018,2495.24,1251.42
2/1/2018,2497.32,1252.15
2/2/2018,2442.76,1224.69
2/5/2018,2337.36,1171.85
2/6/2018,2382.85,1194.49
2/7/2018,2369.11,1187.56
2/8/2018,2279.15,1142.28
2/9/2018,2314.06,1159.2
2/12/2018,2347.14,1175.78
2/13/2018,2353.54,1178.93
2/14/2018,2383,1193.24
2/15/2018,2414.16,1208.44
2/16/2018,2415.24,1208.88
2/20/2018,2398.97,1200.71
2/21/2018,2386.33,1194.38
2/22/2018,2390.39,1196.37
2/23/2018,2428.5,1215.35
2/26/2018,2463.19,1232.49
2/27/2018,2431.28,1216.31
2/28/2018,2402.68,1201.87
3/1/2018,2368.41,1184.54
3/2/2018,2377.46,1189.04
3/5/2018,2403.17,1201.89
3/6/2018,2404.54,1202.54
3/7/2018,2403.38,1201.86
3/8/2018,2415.9,1207.88
3/9/2018,2458.11,1228.97
3/12/2018,2455.39,1227.61
3/13/2018,2436.83,1218.31
3/14/2018,2422.97,1211.02
3/15/2018,2422.6,1210.77
3/16/2018,2423.86,1211.4
3/19/2018,2385.26,1192.11
3/20/2018,2385.9,1192.43
3/21/2018,2380.38,1189.53
3/22/2018,2317.2,1157.91
3/23/2018,2267.37,1133.01
3/26/2018,2331.33,1164.97
3/27/2018,2288.84,1143.74
3/28/2018,2284.52,1141.5
3/29/2018,2316.28,1157.37
4/2/2018,2264.79,1131.65
4/3/2018,2294.18,1146.26
4/4/2018,2321.47,1159.76
4/5/2018,2340.81,1169.17
4/6/2018,2290.01,1143.78
4/9/2018,2299.47,1148.03
4/10/2018,2339.8,1168.14
4/11/2018,2324.8,1160.58
4/12/2018,2345.63,1170.79
4/13/2018,2339.02,1167.5
4/16/2018,2355.82,1175.83
4/17/2018,2380.97,1188.39
4/18/2018,2378.7,1187.26
4/19/2018,2368.41,1181.89
4/20/2018,2345.64,1170.45
4/23/2018,2345.6,1170.43
4/24/2018,2312.42,1153.84
4/25/2018,2315.5,1155.38
4/26/2018,2343.13,1169.17
4/27/2018,2344.71,1169.9
4/30/2018,2326.38,1160.73
5/1/2018,2333.73,1164.4
5/2/2018,2318.19,1156.64
5/3/2018,2313.02,1153.93
5/4/2018,2345.06,1169.64
5/7/2018,2354.33,1174.26
5/8/2018,2353.35,1173.77
5/9/2018,2377.54,1185.69
5/10/2018,2401.24,1197.16
5/11/2018,2408.48,1200.13
5/14/2018,2412.4,1202.06
5/15/2018,2393.89,1192.81
5/16/2018,2403.69,1197.26
5/17/2018,2399.3,1194.58
5/18/2018,2391.62,1190.65
5/21/2018,2411.46,1200.53
5/22/2018,2404.65,1197.14
5/23/2018,2413.34,1201.46
5/24/2018,2405.73,1197.68
5/25/2018,2399.81,1194.53
5/29/2018,2371.44,1180.34
5/30/2018,2401.22,1194.9
5/31/2018,2389.68,1188.91
6/1/2018,2416.17,1202.01
6/4/2018,2427.6,1207.65
6/5/2018,2428.28,1207.92
6/6/2018,2450.98,1219.18
6/7/2018,2450.15,1218.72
6/8/2018,2456.4,1221.79
6/11/2018,2457.7,1222.43
6/12/2018,2460.19,1223.67
6/13/2018,2450.68,1218.92
6/14/2018,2457.24,1221.78
6/15/2018,2454.49,1220.26
6/18/2018,2448.63,1217.34
6/19/2018,2440.38,1213.24
6/20/2018,2444.49,1215.29
6/21/2018,2428.27,1207.08
6/22/2018,2433.57,1209.7
6/25/2018,2397.56,1191.8
6/26/2018,2404.27,1195.14
6/27/2018,2384.38,1185.25
6/28/2018,2402.53,1194.2
6/29/2018,2403.13,1194.5
7/2/2018,2413.26,1199.46
7/3/2018,2397.76,1191.76
7/5/2018,2420.31,1202.53
7/6/2018,2442.31,1213.34
7/9/2018,2466.54,1224.88
7/10/2018,2476.66,1229.89
7/11/2018,2460.31,1221.77
7/12/2018,2486.67,1234.7
7/13/2018,2489.1,1235.91
7/16/2018,2490.62,1236.61
7/17/2018,2499.31,1240.9
7/18/2018,2502.73,1242.6
7/19/2018,2489.78,1235.98
7/20/2018,2490.64,1236.33
7/23/2018,2496.94,1239.46
7/24/2018,2518.2,1249.94
7/25/2018,2539.48,1260.5
7/26/2018,2521.34,1251.5
7/27/2018,2505.9,1243.83
7/30/2018,2493.69,1237.63
7/31/2018,2502,1241.76
8/1/2018,2506.69,1244.09
8/2/2018,2520.26,1250.66
8/3/2018,2533.71,1257.19
8/6/2018,2544.78,1262.57
8/7/2018,2552.52,1266.41
8/8/2018,2553.19,1266.7
8/9/2018,2550.69,1265.06
8/10/2018,2532.52,1255.47
8/13/2018,2522.63,1250.57
8/14/2018,2537.02,1257.6
8/15/2018,2518.59,1248.21
8/16/2018,2540.98,1258.75
8/17/2018,2548.44,1262.32
8/20/2018,2552.31,1264.24
8/21/2018,2556.96,1266.54
8/22/2018,2558.07,1267.09
8/23/2018,2554.15,1265.08
8/24/2018,2568.98,1272.43
8/27/2018,2591.63,1283.45
8/28/2018,2591.2,1283.24
8/29/2018,2608.25,1291.51
8/30/2018,2600.19,1287.36
8/31/2018,2599.51,1286.9
9/4/2018,2594,1284.03
9/5/2018,2584.71,1279.43
9/6/2018,2574.44,1273.98
9/7/2018,2569.09,1271.27
9/10/2018,2571.16,1272.29
9/11/2018,2584.91,1279.07
9/12/2018,2585.61,1279.43
9/13/2018,2600.66,1286.56
9/14/2018,2599.14,1285.6
9/17/2018,2582.9,1277.57
9/18/2018,2597.76,1284.91
9/19/2018,2604.3,1288.15
9/20/2018,2627.05,1299.4
9/21/2018,2624.51,1298.14
9/24/2018,2617.56,1294.71
9/25/2018,2616.25,1293.91
9/26/2018,2608.5,1290.08
9/27/2018,2619.38,1295.32
9/28/2018,2617.25,1294.27
10/1/2018,2630.55,1300.84
10/2/2018,2632.15,1301.56
10/3/2018,2634.65,1302.8
10/4/2018,2612.75,1291.53
10/5/2018,2596.22,1283.34
10/8/2018,2597.29,1283.87
10/9/2018,2597.82,1283.6
10/10/2018,2509.23,1239.83
10/11/2018,2457.53,1214.29
10/12/2018,2497.12,1233.66
10/15/2018,2478.66,1224.49
10/16/2018,2531.22,1250.46
10/17/2018,2533.8,1251.66
10/18/2018,2496.04,1232.83
10/19/2018,2502.72,1236.09
10/22/2018,2492.55,1231.02
10/23/2018,2482.18,1225.82
10/24/2018,2401.11,1185.78
10/25/2018,2452.4,1211.11
10/26/2018,2407.74,1189.06
10/29/2018,2384.76,1177.69
10/30/2018,2417.44,1193.7
10/31/2018,2448.11,1208.84
11/1/2018,2470.3,1219.8
11/2/2018,2452.13,1210.74
11/5/2018,2465.89,1217.5
11/6/2018,2480.66,1224.67
11/7/2018,2536.93,1252.45
11/8/2018,2531.83,1249.08
11/9/2018,2508.66,1237.35
11/12/2018,2456.44,1211.59
11/13/2018,2451.48,1209.15
11/14/2018,2433.3,1199.77
11/15/2018,2460.4,1212.59
11/16/2018,2462.9,1213.73
11/19/2018,2421.83,1193.49
11/20/2018,2374.1,1169.94
11/21/2018,2376.97,1171.29
11/23/2018,2356.92,1161.4
11/26/2018,2396,1180.46
11/27/2018,2408.35,1186.55
11/28/2018,2468.5,1216.09
11/29/2018,2464.34,1213.7
11/30/2018,2488.09,1225.19
12/3/2018,2515.38,1238.63
12/4/2018,2431.93,1197.48
12/6/2018,2430.21,1196.2
12/7/2018,2372.39,1167.57
12/10/2018,2378.16,1170.41
12/11/2018,2377.55,1170.08
12/12/2018,2389.61,1176.02
12/13/2018,2394.26,1178.25
12/14/2018,2344.41,1153.59
12/17/2018,2297.74,1130.63
12/18/2018,2300.57,1132.03
12/19/2018,2263.33,1113.55
12/20/2018,2228.39,1096.36
12/21/2018,2177.5,1071.32
12/24/2018,2119.72,1042.77
12/26/2018,2229.86,1096.95
12/27/2018,2246.69,1105.17
12/28/2018,2245.17,1104.34
12/31/2018,2264.74,1113.87
1/2/2019,2273.41,1118.14
1/3/2019,2213.04,1088.03
1/4/2019,2291.58,1126.64
1/7/2019,2304.98,1133.22
1/8/2019,2326.68,1143.87
1/9/2019,2333.4,1146.66
1/10/2019,2339.13,1149.47
1/11/2019,2338.86,1149.35
1/14/2019,2328.25,1143.95
1/15/2019,2355.81,1157.45
1/16/2019,2360.88,1159.94
1/17/2019,2377.34,1167.86
1/18/2019,2405.29,1181.55
1/22/2019,2369.32,1163.81
1/23/2019,2377.46,1167.81
1/24/2019,2376.78,1167.43
1/25/2019,2394.5,1176.11
1/28/2019,2370.73,1164.44
1/29/2019,2363.02,1160.65
1/30/2019,2403.92,1180.56
1/31/2019,2427.22,1191.68
2/1/2019,2427.39,1191.67
2/4/2019,2445.95,1200.75
2/5/2019,2459.99,1207.64
2/6/2019,2453.78,1204.43
2/7/2019,2426.52,1190.83
2/8/2019,2426.41,1190.16
2/11/2019,2425.23,1189.59
2/12/2019,2458.27,1205.74
2/13/2019,2464.63,1208.8
2/14/2019,2457.69,1204.8
2/15/2019,2484.64,1217.96
2/19/2019,2488.75,1219.92
2/20/2019,2493.08,1221.74
2/21/2019,2484.4,1217.44
2/22/2019,2499.95,1225.06
2/25/2019,2507.24,1228.38
2/26/2019,2507.49,1228.5
2/27/2019,2506.24,1227.68
2/28/2019,2498.52,1223.55
3/1/2019,2516.71,1232.43
3/4/2019,2510.59,1229.43
3/5/2019,2511.34,1229.75
3/6/2019,2497.95,1223.14
3/7/2019,2477.13,1212.88
3/8/2019,2473.67,1211.04
3/11/2019,2511.5,1229.57
3/12/2019,2518.4,1232.94
3/13/2019,2537.12,1241.98
3/14/2019,2535.46,1240.77
3/15/2019,2549.17,1247.48
3/18/2019,2558.57,1252.08
3/19/2019,2559.57,1252.57
3/20/2019,2556.9,1251.26
3/21/2019,2580.84,1262.92
3/22/2019,2532.39,1239.09
3/25/2019,2528.9,1237.23
3/26/2019,2547.27,1246.22
3/27/2019,2534.66,1240.05
3/28/2019,2541.91,1243.51
3/29/2019,2558.36,1251.56
4/1/2019,2587.71,1265.92
4/2/2019,2588.13,1266.04
4/3/2019,2592.23,1268.05
4/4/2019,2599.94,1271.4
4/5/2019,2608.41,1275.54
4/8/2019,2612.6,1277.57
4/9/2019,2599.6,1270.67
4/10/2019,2606.25,1273.79
4/11/2019,2605.05,1273.18
4/12/2019,2621.59,1281.09
4/15/2019,2622.67,1281.62
4/16/2019,2629.81,1285.1
4/17/2019,2632.29,1286.13
4/18/2019,2634.97,1287.4
4/22/2019,2641.82,1290.69
4/23/2019,2664.23,1301.56
4/24/2019,2654.93,1297.02
4/25/2019,2658.05,1298.54
4/26/2019,2669.57,1304.15
4/29/2019,2675.69,1307.07
4/30/2019,2671.87,1305.2
5/1/2019,2656.5,1297.69
5/2/2019,2646.7,1292.88
5/3/2019,2675.35,1306.72
5/6/2019,2662.8,1300.44
5/7/2019,2618.4,1278.76
5/8/2019,2613.65,1276.4
5/9/2019,2604.29,1271.22
5/10/2019,2613.56,1275.1
5/13/2019,2548.76,1243.47
5/14/2019,2567.2,1252.41
5/15/2019,2588.07,1262.3
5/16/2019,2613.8,1274.32
5/17/2019,2599.92,1267.41
5/20/2019,2582.35,1258.85
5/21/2019,2600.61,1267.75
5/22/2019,2593.22,1264.15
5/23/2019,2563.03,1249.31
5/24/2019,2566.25,1250.67
5/28/2019,2546.39,1240.99
5/29/2019,2527.93,1231.97
5/30/2019,2531.71,1233.67
5/31/2019,2493.83,1215.02
6/3/2019,2477.01,1206.83
6/4/2019,2530.74,1232.95
6/5/2019,2548.67,1241.46
6/6/2019,2567.17,1250.21
6/7/2019,2598.99,1265.65
6/10/2019,2613.22,1272.58
6/11/2019,2615.27,1273.58
6/12/2019,2608.71,1270.39
6/13/2019,2619.81,1275.45
6/14/2019,2618.06,1274.4
6/17/2019,2624.14,1277.35
6/18/2019,2649.48,1289.69
6/19/2019,2654.89,1292.32
6/20/2019,2681.35,1305.05
6/21/2019,2679.95,1304.36
6/24/2019,2676.78,1302.82
6/25/2019,2647.6,1288.61
6/26/2019,2648.05,1288.83
6/27/2019,2655.25,1292.25
6/28/2019,2665.97,1297.46
7/1/2019,2687.53,1307.95
7/2/2019,2699.36,1313.63
7/3/2019,2719.85,1323.16
7/5/2019,2715.32,1320.77
7/8/2019,2702.21,1314.36
7/9/2019,2708.31,1316.79
7/10/2019,2724.17,1324.5
7/11/2019,2728.71,1326.71
7/12/2019,2740.62,1332.32
7/15/2019,2742.52,1333.24
7/16/2019,2732.18,1328.17
7/17/2019,2715.12,1319.85
7/18/2019,2723.42,1323.72
7/19/2019,2706.51,1315.42
7/22/2019,2716.27,1320.12
7/23/2019,2733.57,1328.49
7/24/2019,2746.03,1334.49
7/25/2019,2732.73,1328.03
7/26/2019,2757.15,1339.87
7/29/2019,2752.82,1337.77
7/30/2019,2742.6,1332.65
7/31/2019,2710.58,1317.09
8/1/2019,2687.41,1305.66
8/2/2019,2669.1,1296.65
8/5/2019,2587.54,1256.99
8/6/2019,2621.45,1273.35
8/7/2019,2620.81,1273
8/8/2019,2670.48,1296.68
8/9/2019,2652.45,1287.65
8/12/2019,2622.25,1272.66
8/13/2019,2663.35,1292.61
8/14/2019,2586.98,1255.1
8/15/2019,2591.26,1256.83
8/16/2019,2629.73,1275.19
8/19/2019,2663,1291.29
8/20/2019,2641.41,1280.77
8/21/2019,2664.74,1292.09
8/22/2019,2663.13,1291.31
8/23/2019,2592.2,1256.91
8/26/2019,2623.31,1271.79
8/27/2019,2615.63,1268.06
8/28/2019,2632.62,1276.24
8/29/2019,2665.01,1291.77
8/30/2019,2666.55,1292.38
9/3/2019,2647.24,1282.96
9/4/2019,2677.64,1297.53
9/5/2019,2715.34,1315.51
9/6/2019,2715.8,1315.73
9/9/2019,2718.11,1316.78
9/10/2019,2719.47,1317.44
9/11/2019,2741.13,1327.87
9/12/2019,2749.74,1331.98
9/13/2019,2748.63,1330.97
9/16/2019,2734.9,1324.3
9/17/2019,2740.72,1327.12
9/18/2019,2742.79,1328.12
9/19/2019,2743.91,1328.66
9/20/2019,2729.53,1321.7
9/23/2019,2728.53,1321.21
9/24/2019,2703.13,1308.76
9/25/2019,2723.5,1318.62
9/26/2019,2714.01,1313.96
9/27/2019,2703.25,1308.66
9/30/2019,2716.85,1315.25
10/1/2019,2686.93,1300.68
10/2/2019,2637.82,1276.91
10/3/2019,2661.11,1287.74
10/4/2019,2700.91,1306.99
10/7/2019,2690.44,1301.93
10/8/2019,2651.06,1282.82
10/9/2019,2675.59,1294.12
10/10/2019,2692.77,1302.41
10/11/2019,2720.77,1315.77
10/14/2019,2718.26,1314.56
10/15/2019,2746.95,1328.43
10/16/2019,2743.6,1326.73
10/17/2019,2750.3,1329.82
10/18/2019,2733.44,1321.61
10/21/2019,2754.17,1331.59
10/22/2019,2746.04,1327.59
10/23/2019,2753.14,1330.97
10/24/2019,2757.8,1333.22
10/25/2019,2773.36,1340.72
10/28/2019,2793.73,1350.57
10/29/2019,2783.96,1345.85
10/30/2019,2796.64,1351.83
10/31/2019,2792.42,1349.76
11/1/2019,2820.06,1363.03
11/4/2019,2833.26,1369.37
11/5/2019,2832.72,1369.11
11/6/2019,2834.37,1369.79
11/7/2019,2846.44,1374.8
11/8/2019,2856.04,1379.11
11/11/2019,2850.93,1376.64
11/12/2019,2855.14,1378.61
11/13/2019,2855.6,1378.84
11/14/2019,2855.51,1378.34
11/15/2019,2877.89,1388.81
11/18/2019,2881.02,1390.32
11/19/2019,2875.43,1387.59
11/20/2019,2864.54,1382.01
11/21/2019,2863.2,1381.29
11/22/2019,2870.49,1384.81
11/25/2019,2892.05,1395
11/26/2019,2897.76,1397.76
11/27/2019,2911.42,1404.15
11/29/2019,2900.63,1398.63
12/2/2019,2877.3,1387.38
12/3/2019,2857.46,1377.76
12/4/2019,2875.87,1386.45
12/5/2019,2881.07,1388.58
12/6/2019,2909.76,1402.31
12/9/2019,2901.65,1398.34
12/10/2019,2898.36,1396.76
12/11/2019,2906.85,1400.83
12/12/2019,2931.33,1412.56
12/13/2019,2934.08,1413.62
12/16/2019,2955.33,1423.85
12/17/2019,2958,1425.14
12/18/2019,2954.04,1423.08
12/19/2019,2968.23,1429.91
12/20/2019,2980.16,1435.65
12/23/2019,2985.05,1438
12/24/2019,2983.44,1437.1
12/26/2019,3004.71,1447.27
12/27/2019,3005.11,1447.47
12/30/2019,2985.93,1438.14
12/31/2019,2994.28,1442.17
1/2/2020,3027.93,1458.13
1/3/2020,3004.22,1446.48
1/6/2020,3017.36,1452.81
1/7/2020,3006.27,1447.36
1/8/2020,3023.31,1455.49
1/9/2020,3047.22,1466.47
1/10/2020,3038.08,1462.07
1/13/2020,3061.01,1473.11
1/14/2020,3053.97,1469.52
1/15/2020,3059.7,1472.23
1/16/2020,3083.17,1483.51
1/17/2020,3095.97,1489.62
1/21/2020,3087.87,1485.68
1/22/2020,3090.15,1486.7
1/23/2020,3091.57,1487.22
1/24/2020,3065.05,1474.44
1/27/2020,3016.74,1451.2
1/28/2020,3046.58,1465.56
1/29/2020,3049.05,1466.7
1/30/2020,3059.09,1471.24
1/31/2020,3008.37,1446.71
2/3/2020,3030.95,1457.54
2/4/2020,3077.21,1479.79
2/5/2020,3111.29,1496.14
2/6/2020,3128.57,1504.14
2/7/2020,3116.81,1498.07
2/10/2020,3143.01,1510.36
2/11/2020,3138.91,1508.33
2/12/2020,3158.65,1517.81
2/13/2020,3150.33,1513.23
2/14/2020,3155.67,1515.53
2/18/2020,3146.61,1511.12
2/19/2020,3163.63,1518.94
2/20/2020,3147.67,1511.27
2/21/2020,3111.46,1493.89
2/24/2020,3000.44,1440.32
2/25/2020,2912.54,1398.12
2/26/2020,2906.98,1395.45
2/27/2020,2774.41,1331.58
2/28/2020,2759.94,1324.43
