date,gross_tr,net_tr,level
1/29/2010,387.51,96.94,314.39
2/1/2010,391.77,98,317.84
2/2/2010,397.29,99.38,322.33
2/3/2010,396.08,99.08,321.34
2/4/2010,385.19,96.36,312.5
2/5/2010,387.22,96.86,314.15
2/8/2010,385.34,96.39,312.63
2/9/2010,390.19,97.6,316.55
2/10/2010,388.47,97.17,315.15
2/11/2010,392.9,98.28,318.73
2/12/2010,392.27,98.12,318.2
2/16/2010,398.02,99.56,322.85
2/17/2010,400.5,100.17,324.77
2/18/2010,403.08,100.82,326.87
2/19/2010,402.98,100.79,326.78
2/22/2010,402.82,100.75,326.66
2/23/2010,398.87,99.76,323.43
2/24/2010,404.09,101.07,327.66
2/25/2010,405.48,101.41,328.74
2/26/2010,407.05,101.8,330.02
3/1/2010,412.42,103.15,334.37
3/2/2010,412.08,103.06,334.1
3/3/2010,412.2,103.08,334.13
3/4/2010,413.82,103.49,335.44
3/5/2010,420.47,105.15,340.83
3/8/2010,421.08,105.3,341.26
3/9/2010,422.16,105.56,342.05
3/10/2010,424.07,106.04,343.59
3/11/2010,426.26,106.58,345.34
3/12/2010,426.68,106.69,345.69
3/15/2010,426.47,106.64,345.51
3/16/2010,428.92,107.25,347.5
3/17/2010,431.38,107.86,349.47
3/18/2010,431.37,107.86,349.46
3/19/2010,429.4,107.37,347.86
3/22/2010,433.94,108.5,351.53
3/23/2010,436.09,109.04,353.28
3/24/2010,434.72,108.7,352.16
3/25/2010,434.84,108.73,352.26
3/26/2010,435.6,108.92,352.88
3/29/2010,437.13,109.29,354.07
3/30/2010,438.64,109.67,355.26
3/31/2010,435.23,108.82,352.5
4/1/2010,437.33,109.34,354.2
4/5/2010,442.37,110.6,358.26
4/6/2010,442.97,110.75,358.74
4/7/2010,440.68,110.18,356.89
4/8/2010,443.42,110.86,359.11
4/9/2010,446.66,111.67,361.73
4/12/2010,447.44,111.87,362.36
4/13/2010,449.38,112.35,363.92
4/14/2010,456.9,114.23,370
4/15/2010,459.12,114.79,371.8
4/16/2010,448.15,112.04,362.91
4/19/2010,448.51,112.13,363.21
4/20/2010,452.59,113.15,366.51
4/21/2010,455.96,114,369.24
4/22/2010,460.36,115.09,372.8
4/23/2010,462.4,115.61,374.46
4/26/2010,461.43,115.36,373.67
4/27/2010,449.15,112.29,363.72
4/28/2010,449.89,112.48,364.32
4/29/2010,457.05,114.27,370.12
4/30/2010,444.87,111.22,360.25
5/3/2010,452.19,113.05,366.18
5/4/2010,438.39,109.6,354.99
5/5/2010,433.63,108.41,351.15
5/6/2010,418.69,104.68,339.05
5/7/2010,408.35,102.09,330.67
5/10/2010,431.71,107.93,349.59
5/11/2010,429.28,107.32,347.6
5/12/2010,438.54,109.64,355.09
5/13/2010,432.31,108.08,350.03
5/14/2010,421.99,105.5,341.67
5/17/2010,421.69,105.42,341.43
5/18/2010,413.79,103.43,334.87
5/19/2010,410.58,102.62,332.22
5/20/2010,394.33,98.56,319.07
5/21/2010,402,100.48,325.27
5/24/2010,399.03,99.74,322.86
5/25/2010,400.13,100.01,323.75
5/26/2010,397.37,99.32,321.49
5/27/2010,413.91,103.45,334.84
5/28/2010,409.09,102.24,330.94
6/1/2010,402.76,100.66,325.82
6/2/2010,412.63,103.13,333.8
6/3/2010,415.28,103.79,335.93
6/4/2010,400.46,100.09,323.94
6/7/2010,392.44,98.08,317.44
6/8/2010,394.2,98.52,318.87
6/9/2010,392.09,97.99,317.14
6/10/2010,403.67,100.89,326.5
6/11/2010,407.53,101.85,329.61
6/14/2010,406.66,101.63,328.9
6/15/2010,418.3,104.54,338.31
6/16/2010,419.01,104.72,338.89
6/17/2010,419.12,104.74,338.95
6/18/2010,419.79,104.91,339.49
6/21/2010,417.01,104.21,337.24
6/22/2010,410.95,102.7,332.34
6/23/2010,409.44,102.32,331.11
6/24/2010,401.25,100.28,324.49
6/25/2010,402,100.46,325.1
6/28/2010,400.26,100.02,323.64
6/29/2010,383.68,95.88,310.24
6/30/2010,379.14,94.74,306.54
7/1/2010,379.6,94.86,306.9
7/2/2010,377.13,94.24,304.9
7/6/2010,379,94.71,306.41
7/7/2010,392.85,98.17,317.6
7/8/2010,395.36,98.8,319.64
7/9/2010,399.54,99.84,323.01
7/12/2010,400.07,99.97,323.44
7/13/2010,406.95,101.69,328.97
7/14/2010,408.35,102.04,330.11
7/15/2010,408.98,102.2,330.62
7/16/2010,395.03,98.71,319.34
7/19/2010,396.87,99.17,320.83
7/20/2010,403.49,100.82,326.18
7/21/2010,397.84,99.41,321.61
7/22/2010,408.37,102.04,330.12
7/23/2010,413.08,103.22,333.93
7/26/2010,416.83,104.16,336.96
7/27/2010,415.07,103.72,335.53
7/28/2010,411.44,102.81,332.6
7/29/2010,410.8,102.65,332.07
7/30/2010,410.19,102.5,331.58
8/2/2010,419.15,104.73,338.8
8/3/2010,416.55,104.08,336.7
8/4/2010,421.43,105.3,340.64
8/5/2010,420.39,105.04,339.8
8/6/2010,419.23,104.75,338.86
8/9/2010,422.9,105.67,341.82
8/10/2010,418.73,104.63,338.44
8/11/2010,406.35,101.53,328.42
8/12/2010,402.38,100.54,325.19
8/13/2010,399.45,99.81,322.82
8/16/2010,399.75,99.88,323.06
8/17/2010,405.67,101.35,327.71
8/18/2010,407.23,101.73,328.89
8/19/2010,400.26,99.99,323.26
8/20/2010,399.49,99.79,322.63
8/23/2010,396.27,98.99,320.04
8/24/2010,388.16,96.96,313.47
8/25/2010,390.64,97.58,315.46
8/26/2010,386.77,96.61,312.32
8/27/2010,392.94,98.15,317.27
8/30/2010,386.94,96.65,312.4
8/31/2010,386.05,96.43,311.67
9/1/2010,398.42,99.52,321.66
9/2/2010,403.33,100.74,325.62
9/3/2010,411.36,102.75,332.07
9/7/2010,405.2,101.21,327.1
9/8/2010,408.97,102.15,330.11
9/9/2010,409.57,102.3,330.59
9/10/2010,411.18,102.7,331.89
9/13/2010,419.34,104.74,338.47
9/14/2010,420.41,105,339.33
9/15/2010,421.9,105.38,340.53
9/16/2010,424.33,105.98,342.47
9/17/2010,425.44,106.26,343.37
9/20/2010,433.21,108.2,349.64
9/21/2010,431.46,107.76,348.23
9/22/2010,428.69,107.07,345.98
9/23/2010,425.33,106.23,343.27
9/24/2010,435.14,108.68,351.19
9/27/2010,432.51,108.02,349.07
9/28/2010,434.23,108.45,350.39
9/29/2010,433.26,108.2,349.54
9/30/2010,430.45,107.5,347.28
10/1/2010,431.45,107.75,348.08
10/4/2010,428.51,107.01,345.71
10/5/2010,438.14,109.42,353.48
10/6/2010,434.78,108.57,350.72
10/7/2010,434.36,108.47,350.38
10/8/2010,438.4,109.48,353.64
10/11/2010,437.98,109.37,353.3
10/12/2010,440.76,110.07,355.54
10/13/2010,444.05,110.89,358.18
10/14/2010,445.03,111.13,358.97
10/15/2010,447.27,111.69,360.78
10/18/2010,448.24,111.93,361.57
10/19/2010,441.25,110.19,355.92
10/20/2010,446.45,111.49,360.12
10/21/2010,448.28,111.94,361.53
10/22/2010,449.68,112.29,362.67
10/25/2010,451.7,112.79,364.29
10/26/2010,451.01,112.62,363.74
10/27/2010,450.33,112.45,363.18
10/28/2010,451.03,112.62,363.73
10/29/2010,450.81,112.57,363.56
11/1/2010,451.81,112.82,364.36
11/2/2010,456.02,113.87,367.76
11/3/2010,457.63,114.26,368.98
11/4/2010,466.65,116.51,376.22
11/5/2010,468.33,116.93,377.58
11/8/2010,467.45,116.71,376.84
11/9/2010,462.85,115.56,373.08
11/10/2010,465.16,116.13,374.93
11/11/2010,462.94,115.58,373.14
11/12/2010,457.45,114.2,368.67
11/15/2010,457.36,114.18,368.59
11/16/2010,448.97,112.08,361.81
11/17/2010,449.84,112.29,362.43
11/18/2010,457.91,114.31,368.91
11/19/2010,460.03,114.83,370.61
11/22/2010,461.9,115.3,372.11
11/23/2010,456.08,113.85,367.41
11/24/2010,464.62,115.97,374.18
11/26/2010,462.56,115.45,372.44
11/29/2010,461.11,115.07,371.09
11/30/2010,458.99,114.54,369.38
12/1/2010,469.18,117.08,377.54
12/2/2010,474.3,118.35,381.66
12/3/2010,475.68,118.7,382.76
12/6/2010,475.87,118.74,382.91
12/7/2010,475.76,118.72,382.83
12/8/2010,475.96,118.76,382.93
12/9/2010,475.98,118.76,382.82
12/10/2010,477.86,119.22,384.33
12/13/2010,476.93,118.99,383.58
12/14/2010,476.41,118.86,383.14
12/15/2010,473.78,118.2,381
12/16/2010,476.49,118.87,383.12
12/17/2010,477.77,119.19,384.15
12/20/2010,478.93,119.48,385.07
12/21/2010,483.05,120.51,388.39
12/22/2010,483.53,120.63,388.75
12/23/2010,481.87,120.2,387.24
12/27/2010,481.82,120.18,387.21
12/28/2010,481.22,120.03,386.7
12/29/2010,482.06,120.23,387.28
12/30/2010,481.05,119.98,386.48
12/31/2010,480.32,119.8,385.89
1/3/2011,486.68,121.39,391
1/4/2011,484.82,120.92,389.51
1/5/2011,489.53,122.09,393.21
1/6/2011,488.61,121.86,392.47
1/7/2011,488.66,121.87,392.51
1/10/2011,489.41,122.06,393.11
1/11/2011,489.99,122.2,393.58
1/12/2011,492.19,122.75,395.33
1/13/2011,493.21,123.01,396.15
1/14/2011,497.02,123.96,399.21
1/18/2011,498.54,124.33,400.38
1/19/2011,492.91,122.93,395.86
1/20/2011,489.11,121.98,392.8
1/21/2011,488.99,121.95,392.71
1/24/2011,492.77,122.89,395.74
1/25/2011,492.04,122.71,395.16
1/26/2011,494.52,123.33,397.12
1/27/2011,496.37,123.79,398.6
1/28/2011,485.28,121.02,389.68
1/31/2011,488.3,121.77,392.1
2/1/2011,495.2,123.49,397.64
2/2/2011,495.47,123.56,397.86
2/3/2011,497.25,124,399.27
2/4/2011,499.83,124.64,401.34
2/7/2011,503,125.43,403.87
2/8/2011,506.98,126.42,407.05
2/9/2011,508.87,126.89,408.45
2/10/2011,510.11,127.19,409.37
2/11/2011,514.43,128.26,412.83
2/14/2011,515.14,128.44,413.4
2/15/2011,513.68,128.08,412.23
2/16/2011,516.65,128.81,414.48
2/17/2011,515.76,128.58,413.76
2/18/2011,515.41,128.49,413.48
2/22/2011,502.55,125.29,403.17
2/23/2011,497.4,124,399.02
2/24/2011,499.37,124.48,400.46
2/25/2011,506.48,126.24,405.99
2/28/2011,508.96,126.86,407.97
3/1/2011,499.65,124.54,400.51
3/2/2011,500.74,124.8,401.32
3/3/2011,511.6,127.51,410.02
3/4/2011,508.66,126.77,407.66
3/7/2011,503.34,125.45,403.4
3/8/2011,508.67,126.77,407.62
3/9/2011,507.04,126.36,406.27
3/10/2011,498.97,124.35,399.8
3/11/2011,502.3,125.16,402.29
3/14/2011,498.92,124.32,399.59
3/15/2011,494.04,123.11,395.68
3/16/2011,484.16,120.64,387.75
3/17/2011,489.45,121.96,391.92
3/18/2011,491.76,122.53,393.77
3/21/2011,501.55,124.97,401.6
3/22/2011,499.59,124.48,400.03
3/23/2011,501.77,125.03,401.78
3/24/2011,508.62,126.73,407.26
3/25/2011,512.66,127.74,410.49
3/28/2011,510.46,127.19,408.73
3/29/2011,514.88,128.29,412.22
3/30/2011,517.59,128.96,414.38
3/31/2011,517.82,129.02,414.56
4/1/2011,520.2,129.61,416.47
4/4/2011,519.81,129.51,416.11
4/5/2011,518.83,129.26,415.32
4/6/2011,516.91,128.76,413.54
4/7/2011,515.85,128.5,412.7
4/8/2011,513.74,127.97,411.01
4/11/2011,511.01,127.29,408.82
4/12/2011,505.77,125.99,404.63
4/13/2011,508.91,126.77,407.14
4/14/2011,509.59,126.94,407.68
4/15/2011,511.74,127.47,409.4
4/18/2011,506.28,126.12,405.03
4/19/2011,510.39,127.14,408.32
4/20/2011,519.82,129.48,415.78
4/21/2011,525.47,130.89,420.3
4/25/2011,524.18,130.57,419.27
4/26/2011,528.61,131.67,422.82
4/27/2011,529.64,131.92,423.62
4/28/2011,528.7,131.69,422.84
4/29/2011,530.88,132.23,424.58
5/2/2011,528.76,131.7,422.87
5/3/2011,523.64,130.43,418.79
5/4/2011,517.76,128.96,414.07
5/5/2011,514.23,128.08,411.22
5/6/2011,516.85,128.71,413.12
5/9/2011,520.5,129.62,416.01
5/10/2011,525.83,130.95,420.28
5/11/2011,518.37,129.08,414.19
5/12/2011,520,129.48,415.47
5/13/2011,513.95,127.98,410.64
5/16/2011,509.08,126.76,406.71
5/17/2011,506.75,126.18,404.83
5/18/2011,514.59,128.12,411.01
5/19/2011,516.31,128.53,412.19
5/20/2011,513.03,127.72,409.58
5/23/2011,505.71,125.89,403.73
5/24/2011,505.04,125.73,403.2
5/25/2011,509.29,126.78,406.59
5/26/2011,513.16,127.74,409.56
5/27/2011,515.24,128.25,411.18
5/31/2011,520.81,129.64,415.62
6/1/2011,508.56,126.59,405.83
6/2/2011,510.21,127,407.14
6/3/2011,504.17,125.49,402.3
6/6/2011,498.52,124.09,397.79
6/7/2011,498.28,124.03,397.6
6/8/2011,495.04,123.22,394.99
6/9/2011,498.17,123.99,397.48
6/10/2011,489.81,121.91,390.82
6/13/2011,487.69,121.38,389.09
6/14/2011,495.86,123.42,395.61
6/15/2011,486.96,121.2,388.51
6/16/2011,486.05,120.97,387.76
6/17/2011,487.3,121.28,388.75
6/20/2011,490.1,121.98,390.99
6/21/2011,501.13,124.73,399.79
6/22/2011,498.2,124,397.44
6/23/2011,500.1,124.47,398.96
6/24/2011,494.18,123,394.24
6/27/2011,499.64,124.36,398.59
6/28/2011,508.76,126.62,405.79
6/29/2011,511.03,127.18,407.61
6/30/2011,518.19,128.96,413.31
7/1/2011,527.6,131.3,420.77
7/5/2011,529.63,131.81,422.39
7/6/2011,531.37,132.22,423.54
7/7/2011,536.25,133.43,427.43
7/8/2011,533.13,132.66,424.94
7/11/2011,523.25,130.2,417.06
7/12/2011,518.88,129.11,413.58
7/13/2011,521.04,129.65,415.3
7/14/2011,516.55,128.53,411.73
7/15/2011,521.04,129.65,415.31
7/18/2011,517.54,128.77,412.43
7/19/2011,528.31,131.45,421.01
7/20/2011,526.82,131.08,419.82
7/21/2011,532.06,132.36,423.81
7/22/2011,531.83,132.31,423.62
7/25/2011,530.6,132,422.65
7/26/2011,528.93,131.58,421.31
7/27/2011,516.08,128.39,411.07
7/28/2011,512.89,127.59,408.49
7/29/2011,510.11,126.9,406.27
8/1/2011,509.74,126.8,405.97
8/2/2011,493.98,122.89,393.42
8/3/2011,497.02,123.64,395.83
8/4/2011,470.02,116.92,374.3
8/5/2011,469.35,116.75,373.77
8/8/2011,437.62,108.84,348.3
8/9/2011,459.53,114.29,365.73
8/10/2011,442.77,110.12,352.35
8/11/2011,461.27,114.71,366.96
8/12/2011,466.38,115.98,371.02
8/15/2011,475.34,118.21,378.12
8/16/2011,468.63,116.53,372.75
8/17/2011,467.48,116.24,371.78
8/18/2011,441.65,109.82,351.21
8/19/2011,432.36,107.51,343.82
8/22/2011,433.58,107.81,344.79
8/23/2011,451.31,112.22,358.89
8/24/2011,457.28,113.7,363.62
8/25/2011,449.49,111.76,357.42
8/26/2011,459.29,114.2,365.21
8/29/2011,472.77,117.54,375.81
8/30/2011,475.5,118.22,377.97
8/31/2011,477.12,118.62,379.23
9/1/2011,471.31,117.17,374.59
9/2/2011,458.79,114.06,364.64
9/6/2011,456.31,113.44,362.66
9/7/2011,468.81,116.55,372.58
9/8/2011,462.9,115.08,367.88
9/9/2011,451.44,112.23,358.77
9/12/2011,453.24,112.68,360.2
9/13/2011,459.92,114.33,365.46
9/14/2011,466.76,116.04,370.9
9/15/2011,474.21,117.89,376.81
9/16/2011,477.04,118.59,379.04
9/19/2011,475.62,118.23,377.91
9/20/2011,474.14,117.87,376.74
9/21/2011,461.34,114.68,366.56
9/22/2011,445.53,110.75,354
9/23/2011,446.67,111.02,354.71
9/26/2011,456.2,113.39,362.28
9/27/2011,460.42,114.44,365.63
9/28/2011,452.17,112.38,359.05
9/29/2011,451.79,112.29,358.74
9/30/2011,439.95,109.35,349.34
10/3/2011,428.01,106.38,339.86
10/4/2011,435.75,108.3,346
10/5/2011,444.67,110.52,353.08
10/6/2011,451.77,112.28,358.72
10/7/2011,449.42,111.7,356.85
10/10/2011,465.19,115.62,369.37
10/11/2011,466.67,115.98,370.53
10/12/2011,469.55,116.7,372.76
10/13/2011,470.28,116.88,373.34
10/14/2011,481.85,119.75,382.53
10/17/2011,474.19,117.85,376.45
10/18/2011,479.3,119.12,380.51
10/19/2011,471.22,117.11,374.09
10/20/2011,472.87,117.52,375.37
10/21/2011,481.59,119.68,382.29
10/24/2011,488.51,121.4,387.78
10/25/2011,479.35,119.13,380.51
10/26/2011,482.58,119.93,383.08
10/27/2011,496.61,123.42,394.21
10/28/2011,498.12,123.79,395.41
10/31/2011,486.12,120.81,385.88
11/1/2011,474.4,117.9,376.58
11/2/2011,482.27,119.85,382.82
11/3/2011,491.4,122.12,390.04
11/4/2011,489.1,121.55,388.22
11/7/2011,490.97,122.01,389.7
11/8/2011,496.28,123.29,393.53
11/9/2011,479.25,119.06,380.02
11/10/2011,482.86,119.96,382.88
11/11/2011,491.89,122.2,390.04
11/14/2011,488.5,121.36,387.31
11/15/2011,490.8,121.93,389.11
11/16/2011,483.61,120.12,383.21
11/17/2011,475.86,118.2,377.07
11/18/2011,474,117.74,375.6
11/21/2011,465.54,115.63,368.85
11/22/2011,465.79,115.69,369.04
11/23/2011,454.96,113,360.44
11/25/2011,452.4,112.36,358.41
11/28/2011,466.85,115.95,369.81
11/29/2011,468.37,116.3,370.78
11/30/2011,486.92,120.91,385.44
12/1/2011,486.99,120.92,385.49
12/2/2011,486.05,120.69,384.75
12/5/2011,489.79,121.62,387.68
12/6/2011,489.66,121.59,387.58
12/7/2011,489.35,121.5,387.26
12/8/2011,481.34,119.51,380.92
12/9/2011,489.45,121.53,387.34
12/12/2011,482.92,119.9,382.17
12/13/2011,478.56,118.82,378.68
12/14/2011,470.45,116.8,372.26
12/15/2011,470.63,116.85,372.38
12/16/2011,471.4,117.04,372.97
12/19/2011,467.99,116.19,370.28
12/20/2011,482.55,119.79,381.6
12/21/2011,482.98,119.89,381.94
12/22/2011,485.84,120.6,384.21
12/23/2011,490.61,121.79,387.97
12/27/2011,491.91,122.11,388.99
12/28/2011,485.89,120.61,384.2
12/29/2011,490.44,121.74,387.8
12/30/2011,487.99,121.13,385.86
1/3/2012,495.33,122.96,391.67
1/4/2012,496.35,123.21,392.47
1/5/2012,496.8,123.32,392.83
1/6/2012,496,123.12,392.2
1/9/2012,496.07,123.14,392.25
1/10/2012,498.9,123.84,394.49
1/11/2012,496.89,123.34,392.89
1/12/2012,494.96,122.86,391.36
1/13/2012,494.13,122.66,390.7
1/17/2012,497.16,123.41,393.1
1/18/2012,501.65,124.52,396.61
1/19/2012,503.88,125.07,398.38
1/20/2012,504.79,125.3,399.09
1/23/2012,506.51,125.73,400.46
1/24/2012,505.92,125.58,399.99
1/25/2012,513.29,127.41,405.82
1/26/2012,510.78,126.79,403.83
1/27/2012,510.12,126.62,403.29
1/30/2012,509.77,126.53,403.01
1/31/2012,509.28,126.41,402.63
2/1/2012,511.29,126.91,404.22
2/2/2012,511.71,127.01,404.54
2/3/2012,518.73,128.76,410.08
2/6/2012,519.23,128.88,410.46
2/7/2012,521.44,129.43,412.2
2/8/2012,522.14,129.56,412.38
2/9/2012,524.96,130.26,414.6
2/10/2012,522.35,129.61,412.53
2/13/2012,527.06,130.78,416.22
2/14/2012,528.45,131.12,417.29
2/15/2012,524.3,130.07,413.81
2/16/2012,528.44,131.1,417.07
2/17/2012,530.05,131.5,418.31
2/21/2012,532.84,132.19,420.51
2/22/2012,533.53,132.36,421.04
2/23/2012,535.95,132.96,422.94
2/24/2012,538.13,133.5,424.66
2/27/2012,538.22,133.52,424.7
2/28/2012,540.51,134.08,426.42
2/29/2012,538.16,133.49,424.52
3/1/2012,541.67,134.36,427.26
3/2/2012,540.14,133.98,426.06
3/5/2012,538.63,133.6,424.85
3/6/2012,531.15,131.75,418.95
3/7/2012,534.72,132.63,421.69
3/8/2012,540.14,133.97,425.95
3/9/2012,541.2,134.23,426.79
3/12/2012,541.65,134.34,427.14
3/13/2012,549.92,136.38,433.49
3/14/2012,550.79,136.59,434.16
3/15/2012,552.29,136.97,435.34
3/16/2012,554.21,137.44,436.85
3/19/2012,557.12,138.16,439.14
3/20/2012,556.58,138.03,438.71
3/21/2012,556.41,137.99,438.57
3/22/2012,556.05,137.9,438.29
3/23/2012,556.18,137.93,438.39
3/26/2012,563.96,139.86,444.53
3/27/2012,564.44,139.96,444.67
3/28/2012,562.21,139.39,442.81
3/29/2012,562.43,139.45,442.98
3/30/2012,563.89,139.81,444.14
4/2/2012,569.02,141.08,448.17
4/3/2012,570.44,141.42,449.19
4/4/2012,566.77,140.51,446.29
4/5/2012,569.72,141.24,448.58
4/9/2012,565.55,140.21,445.29
4/10/2012,556.62,137.99,438.25
4/11/2012,560.37,138.91,441.06
4/12/2012,564.13,139.84,444.02
4/13/2012,562.05,139.32,442.39
4/16/2012,559.18,138.61,440.12
4/17/2012,566.91,140.53,446.21
4/18/2012,565.58,140.2,445.17
4/19/2012,561.66,139.22,442.05
4/20/2012,563.56,139.69,443.5
4/23/2012,558.66,138.48,439.65
4/24/2012,557.43,138.17,438.69
4/25/2012,568.87,141.01,447.68
4/26/2012,572.34,141.87,450.38
4/27/2012,574.93,142.51,452.42
4/30/2012,571.82,141.74,449.96
5/1/2012,573.85,142.24,451.55
5/2/2012,575.77,142.71,453.06
5/3/2012,571.93,141.74,449.84
5/4/2012,564.34,139.86,443.87
5/7/2012,564.22,139.83,443.75
5/8/2012,561.14,139.06,441.2
5/9/2012,556.77,137.97,437.73
5/10/2012,559.34,138.61,439.74
5/11/2012,559.39,138.61,439.72
5/14/2012,553.72,137.2,435.2
5/15/2012,553.01,137.02,434.59
5/16/2012,552.37,136.85,433.99
5/17/2012,541.56,134.17,425.5
5/18/2012,538.88,133.51,423.39
5/21/2012,548.09,135.79,430.62
5/22/2012,549.26,136.08,431.53
5/23/2012,549.49,136.13,431.68
5/24/2012,552.24,136.81,433.84
5/25/2012,550.79,136.46,432.71
5/29/2012,555.73,137.67,436.51
5/30/2012,552,136.74,433.5
5/31/2012,550.13,136.26,431.84
6/1/2012,536.35,132.85,421.02
6/4/2012,538.32,133.33,422.55
6/5/2012,539.94,133.73,423.82
6/6/2012,550.34,136.3,431.88
6/7/2012,550.01,136.21,431.57
6/8/2012,553.98,137.2,434.69
6/11/2012,548.66,135.88,430.5
6/12/2012,553.68,137.12,434.44
6/13/2012,550.61,136.34,431.84
6/14/2012,557.3,138,437.1
6/15/2012,561.68,139.08,440.52
6/18/2012,565.81,140.11,443.75
6/19/2012,568.67,140.81,445.99
6/20/2012,566.81,140.35,444.52
6/21/2012,555.58,137.57,435.71
6/22/2012,560.59,138.81,439.64
6/25/2012,553.39,137.01,433.76
6/26/2012,555.57,137.55,435.47
6/27/2012,556.51,137.77,436.09
6/28/2012,553.7,137.07,433.88
6/29/2012,563.92,139.6,441.89
7/2/2012,567.34,140.45,444.57
7/3/2012,568.51,140.73,445.38
7/5/2012,569.92,141.08,446.48
7/6/2012,566.78,140.3,443.99
7/9/2012,567.38,140.44,444.46
7/10/2012,564.04,139.62,441.84
7/11/2012,562.13,139.13,440.2
7/12/2012,561.75,139.04,439.9
7/13/2012,568.69,140.75,445.33
7/16/2012,568.23,140.64,444.97
7/17/2012,570.95,141.31,447.1
7/18/2012,573.49,141.94,449.09
7/19/2012,575.5,142.44,450.63
7/20/2012,567.75,140.51,444.52
7/23/2012,561.74,139.03,439.82
7/24/2012,557.72,138.03,436.67
7/25/2012,555.53,137.49,434.93
7/26/2012,564.1,139.61,441.64
7/27/2012,572.76,141.75,448.42
7/30/2012,573.55,141.95,449.03
7/31/2012,570.09,141.09,446.31
8/1/2012,566.73,140.26,443.68
8/2/2012,564.89,139.8,442.15
8/3/2012,573.18,141.83,448.5
8/6/2012,573.61,141.94,448.82
8/7/2012,573.65,141.95,448.83
8/8/2012,572.8,141.72,448
8/9/2012,571.2,141.31,446.56
8/10/2012,572.88,141.72,447.87
8/13/2012,573.12,141.77,447.97
8/14/2012,574.74,142.17,449.2
8/15/2012,575.7,142.4,449.83
8/16/2012,578.54,143.1,452.05
8/17/2012,579.64,143.37,452.9
8/20/2012,580.47,143.58,453.55
8/21/2012,577.43,142.82,451.16
8/22/2012,578.12,142.99,451.67
8/23/2012,573.7,141.9,448.22
8/24/2012,578.19,143.01,451.72
8/27/2012,579.39,143.3,452.64
8/28/2012,579.78,143.39,452.89
8/29/2012,579.91,143.41,452.88
8/30/2012,576.24,142.49,449.84
8/31/2012,577.85,142.89,451.09
9/4/2012,579.19,143.22,452.14
9/5/2012,577.25,142.74,450.58
9/6/2012,586.63,145.05,457.83
9/7/2012,585.27,144.71,456.77
9/10/2012,581.94,143.89,454.15
9/11/2012,581.76,143.84,454.01
9/12/2012,582.15,143.92,454.1
9/13/2012,590.46,145.97,460.55
9/14/2012,589.96,145.85,460.16
9/17/2012,591.77,146.29,461.48
9/18/2012,592.37,146.43,461.94
9/19/2012,593.23,146.64,462.61
9/20/2012,594.27,146.9,463.42
9/21/2012,595.31,147.16,464.23
9/24/2012,595.51,147.21,464.38
9/25/2012,591.76,146.26,461.28
9/26/2012,589.47,145.69,459.46
9/27/2012,593.38,146.66,462.49
9/28/2012,590.7,146,460.4
10/1/2012,592.6,146.46,461.81
10/2/2012,593.78,146.75,462.73
10/3/2012,599.39,148.13,467.03
10/4/2012,601.82,148.73,468.92
10/5/2012,602.73,148.9,469.04
10/8/2012,599.26,148.04,466.34
10/9/2012,592.71,146.42,461.24
10/10/2012,591.03,146.01,459.93
10/11/2012,587.24,145.06,456.86
10/12/2012,586.89,144.98,456.59
10/15/2012,592.48,146.36,460.93
10/16/2012,596.57,147.37,464.11
10/17/2012,598.34,147.8,465.49
10/18/2012,596.96,147.46,464.4
10/19/2012,588,145.24,457.39
10/22/2012,588.57,145.38,457.84
10/23/2012,580.85,143.48,451.83
10/24/2012,580.03,143.27,451.19
10/25/2012,580.15,143.3,451.28
10/26/2012,579.38,143.11,450.68
10/31/2012,578.87,142.98,450.23
11/1/2012,581.44,143.61,452.14
11/2/2012,576.64,142.42,448.41
11/5/2012,576.81,142.47,448.54
11/6/2012,579.16,143.04,450.35
11/7/2012,569.15,140.54,442.21
11/8/2012,562.5,138.89,437.04
11/9/2012,563.84,139.22,438.02
11/12/2012,564.4,139.36,438.46
11/13/2012,564.96,139.49,438.8
11/14/2012,557.46,137.62,432.82
11/15/2012,553.86,136.73,430.03
11/16/2012,557.59,137.66,432.93
11/19/2012,568.98,140.47,441.76
11/20/2012,570.74,140.9,443.12
11/21/2012,571.69,141.13,443.85
11/23/2012,578.48,142.81,449.13
11/26/2012,577.47,142.56,448.33
11/27/2012,574.5,141.82,445.95
11/28/2012,579.18,142.95,449.37
11/29/2012,582.49,143.77,451.93
11/30/2012,583.71,144.07,452.88
12/3/2012,581.96,143.64,451.51
12/4/2012,579.62,143.06,449.69
12/5/2012,577.74,142.58,448.06
12/6/2012,579.18,142.92,449
12/7/2012,579.63,143.03,449.35
12/10/2012,578.85,142.83,448.72
12/11/2012,581.55,143.5,450.82
12/12/2012,580.77,143.31,450.18
12/13/2012,576.99,142.36,447.06
12/14/2012,573.32,141.45,444.21
12/17/2012,578.69,142.77,448.35
12/18/2012,582.38,143.68,451.21
12/19/2012,576.02,142.11,446.28
12/20/2012,577.66,142.52,447.55
12/21/2012,572.81,141.31,443.63
12/24/2012,572.55,141.22,443.22
12/26/2012,568.67,140.26,440.2
12/27/2012,568.75,140.28,440.21
12/28/2012,563.37,138.94,435.97
12/31/2012,572.54,141.2,443.06
1/2/2013,587.61,144.91,454.65
1/3/2013,587.27,144.83,454.39
1/4/2013,588.15,145.05,455.07
1/7/2013,586.3,144.59,453.63
1/8/2013,584.67,144.13,451.79
1/9/2013,586.26,144.52,453
1/10/2013,589.55,145.33,455.54
1/11/2013,589.29,145.26,455.27
1/14/2013,587.54,144.83,453.92
1/15/2013,586.26,144.52,452.93
1/16/2013,585.97,144.45,452.71
1/17/2013,588.84,145.15,454.92
1/18/2013,590.09,145.46,455.88
1/22/2013,592.25,145.99,457.48
1/23/2013,592.74,146.11,457.87
1/24/2013,589.92,145.41,455.69
1/25/2013,590.77,145.62,456.34
1/28/2013,590.67,145.6,456.27
1/29/2013,595.17,146.7,459.72
1/30/2013,593.41,146.25,458.14
1/31/2013,592.93,146.12,457.68
2/1/2013,597.68,147.29,461.35
2/4/2013,591.11,145.67,456.27
2/5/2013,597.23,147.18,460.99
2/6/2013,597.35,147.21,461.07
2/7/2013,597.96,147.34,461.37
2/8/2013,601.01,148.1,463.73
2/11/2013,600.37,147.93,463.14
2/12/2013,599.42,147.69,462.34
2/13/2013,599.74,147.76,462.45
2/14/2013,597.9,147.3,461.03
2/15/2013,599.69,147.74,462.41
2/19/2013,602.85,148.52,464.85
2/20/2013,599.1,147.59,461.92
2/21/2013,597.93,147.3,461
2/22/2013,602.81,148.51,464.76
2/25/2013,595.35,146.67,459.01
2/26/2013,599.6,147.71,462.23
2/27/2013,605.53,149.16,466.74
2/28/2013,604.42,148.89,465.88
3/1/2013,605.62,149.18,466.8
3/4/2013,610.48,150.38,470.55
3/5/2013,615.62,151.65,474.51
3/6/2013,614.06,151.25,473.2
3/7/2013,613.49,151.11,472.75
3/8/2013,615.8,151.67,474.39
3/11/2013,617.34,152.04,475.53
3/12/2013,616.45,151.81,474.75
3/13/2013,617.04,151.91,474.73
3/14/2013,619.17,152.44,476.36
3/15/2013,616.48,151.78,474.29
3/18/2013,614.07,151.18,472.43
3/19/2013,614,151.16,472.37
3/20/2013,620.66,152.8,477.49
3/21/2013,616.07,151.67,473.94
3/22/2013,620.55,152.78,477.39
3/25/2013,618.67,152.31,475.94
3/26/2013,624.14,153.65,480.1
3/27/2013,624.23,153.68,480.16
3/28/2013,628.92,154.83,483.76
4/1/2013,626.77,154.29,482.02
4/2/2013,632.57,155.72,486.48
4/3/2013,624.16,153.65,480.01
4/4/2013,627.01,154.35,482.2
4/5/2013,624.77,153.8,480.47
4/8/2013,630.26,155.15,484.68
4/9/2013,630.1,155.11,484.56
4/10/2013,637.9,157.03,490.56
4/11/2013,641.67,157.95,493.42
4/12/2013,641.52,157.91,493.29
4/15/2013,628.22,154.64,483.07
4/16/2013,639.24,157.35,491.54
4/17/2013,631.81,155.53,485.83
4/18/2013,625.38,153.94,480.88
4/19/2013,636.86,156.76,489.65
4/22/2013,638.41,157.14,490.82
4/23/2013,644.8,158.72,495.73
4/24/2013,640.09,157.54,491.92
4/25/2013,642.36,158.1,493.66
4/26/2013,640.63,157.67,492.31
4/29/2013,644.05,158.51,494.93
4/30/2013,640.54,157.64,492.23
5/1/2013,635.98,156.52,488.72
5/2/2013,644.64,158.65,495.38
5/3/2013,652.35,160.55,501.31
5/6/2013,654.7,161.13,503.11
5/7/2013,656.76,161.63,504.68
5/8/2013,659.09,162.18,506.15
5/9/2013,657.68,161.83,505.07
5/10/2013,661.54,162.78,508.03
5/13/2013,663.69,163.31,509.68
5/14/2013,672.65,165.5,516.4
5/15/2013,677.47,166.68,520.02
5/16/2013,669.68,164.76,513.99
5/17/2013,675.23,166.12,518.25
5/20/2013,671.84,165.28,515.62
5/21/2013,673.18,165.61,516.65
5/22/2013,669.51,164.71,513.82
5/23/2013,666.67,164.01,511.63
5/24/2013,668.26,164.4,512.86
5/28/2013,673.08,165.59,516.55
5/29/2013,665.43,163.7,510.61
5/30/2013,667.94,164.31,512.48
5/31/2013,657.22,161.67,504.26
6/3/2013,658.43,161.97,505.18
6/4/2013,653.01,160.63,500.9
6/5/2013,642.67,158.07,492.89
6/6/2013,650.97,160.11,499.18
6/7/2013,659.92,162.31,506.05
6/10/2013,658.98,162.08,505.33
6/11/2013,653.4,160.71,501.05
6/12/2013,646.61,159.03,495.8
6/13/2013,656.98,161.58,503.73
6/14/2013,654.55,160.98,501.86
6/17/2013,658.2,161.88,504.65
6/18/2013,663.69,163.23,508.86
6/19/2013,654.99,161.09,502.19
6/20/2013,637.45,156.78,488.74
6/21/2013,639.65,157.32,490.43
6/24/2013,631.74,155.37,484.37
6/25/2013,637.91,156.89,489.09
6/26/2013,645.23,158.69,494.66
6/27/2013,649.4,159.71,497.84
6/28/2013,648.52,159.49,497.17
7/1/2013,651.63,160.25,499.46
7/2/2013,650.68,160.02,498.73
7/3/2013,651.97,160.33,499.71
7/5/2013,659.13,162.09,505.18
7/8/2013,663.17,163.08,508.27
7/9/2013,667.27,164.09,511.41
7/10/2013,667.02,164.03,511.22
7/11/2013,676.94,166.47,518.79
7/12/2013,681.74,167.65,522.47
7/15/2013,680.56,167.36,521.57
7/16/2013,676.75,166.42,518.65
7/17/2013,679.16,167,520.3
7/18/2013,680.63,167.35,521.39
7/19/2013,683.25,167.99,523.36
7/22/2013,685.63,168.58,525.16
7/23/2013,684.37,168.27,524.2
7/24/2013,680.88,167.41,521.53
7/25/2013,682.7,167.86,522.92
7/26/2013,683.13,167.96,523.25
7/29/2013,680.19,167.24,520.98
7/30/2013,680.01,167.19,520.83
7/31/2013,680.14,167.2,520.64
8/1/2013,689.15,169.41,527.54
8/2/2013,692.01,170.11,529.72
8/5/2013,690.47,169.74,528.55
8/6/2013,688.09,169.15,526.71
8/7/2013,685.21,168.44,524.48
8/8/2013,687.15,168.91,525.95
8/9/2013,684.02,168.14,523.55
8/12/2013,682.34,167.73,522.23
8/13/2013,684.22,168.18,523.58
8/14/2013,678.65,166.8,519.18
8/15/2013,667.02,163.94,510.28
8/16/2013,665.01,163.45,508.74
8/19/2013,661.76,162.64,506.22
8/20/2013,665.79,163.63,509.29
8/21/2013,662.81,162.9,506.99
8/22/2013,668.52,164.3,511.36
8/23/2013,669.44,164.53,512.06
8/26/2013,666.95,163.92,510.15
8/27/2013,656.56,161.36,502.21
8/28/2013,658.3,161.78,503.39
8/29/2013,660.54,162.32,505.05
8/30/2013,657.43,161.56,502.67
9/3/2013,662.09,162.69,506.11
9/4/2013,666.88,163.86,509.69
9/5/2013,666.2,163.69,509.17
9/6/2013,666.11,163.67,509.06
9/9/2013,671.44,164.97,513.08
9/10/2013,676.26,166.15,516.74
9/11/2013,680.94,167.3,520.29
9/12/2013,678.84,166.78,518.66
9/13/2013,681.95,167.55,521.04
9/16/2013,686.46,168.65,524.48
9/17/2013,688.27,169.1,525.86
9/18/2013,696.16,171.04,531.88
9/19/2013,695.32,170.83,531.24
9/20/2013,692.55,170.15,529.12
9/23/2013,683.55,167.94,522.24
9/24/2013,682.58,167.7,521.5
9/25/2013,681.66,167.47,520.79
9/26/2013,685.16,168.33,523.46
9/27/2013,684.14,168.08,522.66
9/30/2013,679.93,167.04,519.44
10/1/2013,685.68,168.46,523.84
10/2/2013,684.94,168.26,523.06
10/3/2013,678.8,166.75,518.36
10/4/2013,686.53,168.64,524.26
10/7/2013,677.87,166.51,517.63
10/8/2013,666.7,163.77,509.05
10/9/2013,667.57,163.98,509.71
10/10/2013,686.63,168.66,524.26
10/11/2013,691.44,169.84,527.94
10/14/2013,694.68,170.64,530.41
10/15/2013,689.3,169.32,526.3
10/16/2013,701.94,172.42,535.95
10/17/2013,707.57,173.8,540.22
10/18/2013,709.16,174.19,541.43
10/21/2013,707.48,173.78,540.11
10/22/2013,710.13,174.43,542.13
10/23/2013,706,173.41,538.98
10/24/2013,708.53,174.04,540.91
10/25/2013,709.1,174.17,541.34
10/28/2013,707.59,173.8,540.19
10/29/2013,712.58,175.03,543.97
10/30/2013,709.93,174.37,541.86
10/31/2013,705.64,173.31,538.56
11/1/2013,708.95,174.12,541.09
11/4/2013,709.42,174.24,541.44
11/5/2013,708.53,174.02,540.76
11/6/2013,707.15,173.68,539.68
11/7/2013,696.68,171.11,531.67
11/8/2013,712.06,174.88,543.41
11/11/2013,713.58,175.26,544.57
11/12/2013,711.33,174.7,542.85
11/13/2013,718.37,176.42,548.1
11/14/2013,724.1,177.83,552.46
11/15/2013,726.9,178.52,554.6
11/18/2013,725.03,178.05,553.17
11/19/2013,725.32,178.12,553.34
11/20/2013,723.96,177.79,552.3
11/21/2013,732.97,180,559.14
11/22/2013,738.39,181.29,562.92
11/25/2013,739.39,181.54,563.68
11/26/2013,739.13,181.46,563.37
11/27/2013,740.99,181.91,564.7
11/29/2013,739.72,181.6,563.69
12/2/2013,737.78,181.12,562.2
12/3/2013,731.66,179.61,557.45
12/4/2013,731.03,179.45,556.94
12/5/2013,727.5,178.58,554.21
12/6/2013,736.95,180.9,561.39
12/9/2013,739.29,181.47,563.16
12/10/2013,737.08,180.93,561.48
12/11/2013,727.2,178.5,553.93
12/12/2013,725.19,178,552.35
12/13/2013,726.82,178.4,553.59
12/16/2013,730.06,179.2,556.06
12/17/2013,725.77,178.15,552.8
12/18/2013,740.5,181.76,564.01
12/19/2013,739.98,181.63,563.62
12/20/2013,743.28,182.44,566.13
12/23/2013,747.06,183.37,569.01
12/24/2013,748.35,183.69,569.98
12/26/2013,751.4,184.43,572.3
12/27/2013,749.82,184.05,571.1
12/30/2013,749.66,184.01,570.96
12/31/2013,752.44,184.69,573.07
1/2/2014,749.78,184.01,570.82
1/3/2014,751.92,184.54,572.45
1/6/2014,750,184.07,570.98
1/7/2014,752.98,184.8,573.24
1/8/2014,756.35,185.62,575.76
1/9/2014,759.23,186.33,577.95
1/10/2014,759.73,186.45,578.33
1/13/2014,747.98,183.56,569.38
1/14/2014,755.46,185.4,575.06
1/15/2014,760.03,186.52,578.54
1/16/2014,758.03,186.03,577.02
1/17/2014,755.6,185.43,575.13
1/21/2014,757.32,185.85,576.4
1/22/2014,760.95,186.74,579.16
1/23/2014,751.6,184.44,572.04
1/24/2014,732.65,179.79,557.62
1/27/2014,727.32,178.49,553.56
1/28/2014,735.5,180.49,559.79
1/29/2014,726.29,178.22,552.65
1/30/2014,734.91,180.34,559.2
1/31/2014,727.76,178.58,553.76
2/3/2014,709.13,174.01,539.58
2/4/2014,715.1,175.48,544.13
2/5/2014,714.09,175.23,543.35
2/6/2014,723.05,177.42,550.15
2/7/2014,733.27,179.93,557.93
2/10/2014,734.25,180.17,558.68
2/11/2014,742.8,182.27,565.18
2/12/2014,743.2,182.36,565.37
2/13/2014,747.2,183.34,568.39
2/14/2014,749.13,183.81,569.85
2/18/2014,751.91,184.49,571.95
2/19/2014,744.52,182.67,566.32
2/20/2014,749.67,183.94,570.22
2/21/2014,749.16,183.77,569.46
2/24/2014,755.12,185.24,574
2/25/2014,753.8,184.91,572.94
2/26/2014,754.1,184.97,573.04
2/27/2014,758.38,186.02,576.25
2/28/2014,760.26,186.48,577.67
3/3/2014,753.83,184.9,572.79
3/4/2014,768.14,188.41,583.64
3/5/2014,771.84,189.3,586.35
3/6/2014,772.39,189.43,586.67
3/7/2014,773.92,189.81,587.83
3/10/2014,773.49,189.7,587.47
3/11/2014,767.08,188.11,582.49
3/12/2014,766.11,187.87,581.7
3/13/2014,755.52,185.27,573.62
3/14/2014,750.34,184,569.64
3/17/2014,758.31,185.95,575.69
3/18/2014,764.12,187.37,580.1
3/19/2014,762.84,187.06,579.13
3/20/2014,769.39,188.67,584.1
3/21/2014,764.69,187.51,580.53
3/24/2014,756.77,185.57,574.52
3/25/2014,757.49,185.75,575.06
3/26/2014,748.12,183.45,567.94
3/27/2014,743.93,182.42,564.75
3/28/2014,745.12,182.71,565.63
3/31/2014,753.86,184.84,572.13
4/1/2014,763.87,187.3,579.73
4/2/2014,766.38,187.91,581.6
4/3/2014,762.97,187.07,579.02
4/4/2014,744.74,182.6,565.19
4/7/2014,734.05,179.98,557.05
4/8/2014,735.06,180.22,557.79
4/9/2014,749.97,183.88,569.07
4/10/2014,725.36,177.84,550.39
4/11/2014,716.64,175.7,543.77
4/14/2014,723.95,177.5,549.32
4/15/2014,730.17,179.02,554.04
4/16/2014,741.34,181.76,562.51
4/17/2014,740.59,181.57,561.9
4/21/2014,744.45,182.52,564.83
4/22/2014,749.79,183.83,568.88
4/23/2014,749.85,183.84,568.92
4/24/2014,746.89,183.12,566.67
4/25/2014,735.6,180.35,558.1
4/28/2014,731.47,179.33,554.97
4/29/2014,740.55,181.56,561.85
4/30/2014,744.92,182.63,565.16
5/1/2014,746.45,183.01,566.32
5/2/2014,745.82,182.85,565.84
5/5/2014,750.63,184.03,569.49
5/6/2014,740.23,181.48,561.59
5/7/2014,741.33,181.72,562.08
5/8/2014,740.52,181.52,561.44
5/9/2014,743.19,182.17,563.46
5/12/2014,755.14,185.1,572.52
5/13/2014,755.41,185.16,572.7
5/14/2014,749.42,183.69,568.1
5/15/2014,741.46,181.74,562.04
5/16/2014,742.69,182.04,562.97
5/19/2014,750.31,183.9,568.72
5/20/2014,744.59,182.49,564.33
5/21/2014,753.53,184.68,571.04
5/22/2014,757.88,185.74,574.29
5/23/2014,762.71,186.92,577.95
5/27/2014,771.4,189.05,584.54
5/28/2014,770.54,188.84,583.82
5/29/2014,774.92,189.9,587.01
5/30/2014,774.89,189.89,586.98
6/2/2014,776.85,190.37,588.46
6/3/2014,775.67,190.08,587.56
6/4/2014,777.88,190.62,589.21
6/5/2014,783.39,191.97,593.35
6/6/2014,786.89,192.82,595.97
6/9/2014,786.55,192.73,595.68
6/10/2014,786.01,192.6,595.27
6/11/2014,783.81,192.06,593.54
6/12/2014,775.29,189.97,587.05
6/13/2014,777.41,190.48,588.64
6/16/2014,775.57,190.03,587.25
6/17/2014,777.26,190.45,588.53
6/18/2014,783.1,191.88,592.95
6/19/2014,783.11,191.88,592.96
6/20/2014,785.59,192.49,594.83
6/23/2014,785.05,192.35,594.41
6/24/2014,780.63,191.27,591.07
6/25/2014,786.32,192.66,595.36
6/26/2014,786.4,192.68,595.41
6/27/2014,788.57,193.21,597.04
6/30/2014,786.81,192.77,595.57
7/1/2014,797.02,195.27,603.26
7/2/2014,797.29,195.33,603.46
7/3/2014,802.28,196.55,607.24
7/7/2014,796.14,195.05,602.58
7/8/2014,786.22,192.62,595.05
7/9/2014,791.93,194.01,599.32
7/10/2014,788.78,193.24,596.94
7/11/2014,792.06,194.04,599.42
7/14/2014,797.92,195.48,603.85
7/15/2014,796.59,195.15,602.85
7/16/2014,793.71,194.45,600.66
7/17/2014,782.71,191.75,592.29
7/18/2014,795.78,194.95,602.19
7/21/2014,793.13,194.3,600.18
7/22/2014,799.05,195.75,604.66
7/23/2014,802.08,196.49,606.95
7/24/2014,803.79,196.91,608.24
7/25/2014,799.87,195.95,605.27
7/28/2014,800.2,196.03,605.52
7/29/2014,796.95,195.23,603.06
7/30/2014,801.11,196.25,606.18
7/31/2014,783.13,191.84,592.57
8/1/2014,781.02,191.33,590.98
8/4/2014,787.02,192.8,595.52
8/5/2014,780.78,191.27,590.78
8/6/2014,777.45,190.42,587.93
8/7/2014,772.89,189.3,584.45
8/8/2014,781.86,191.5,591.22
8/11/2014,783.78,191.97,592.66
8/12/2014,781.7,191.46,591.09
8/13/2014,789.77,193.43,597.12
8/14/2014,794.92,194.69,601
8/15/2014,795.28,194.77,601.26
8/18/2014,804.67,197.07,608.37
8/19/2014,807.69,197.8,610.56
8/20/2014,810.05,198.38,612.28
8/21/2014,812.61,199,614.2
8/22/2014,812.94,199.08,614.41
8/25/2014,817.73,200.25,618.03
8/26/2014,817.18,200.12,617.62
8/27/2014,815.4,199.68,616.22
8/28/2014,813.05,199.08,614.29
8/29/2014,814.82,199.52,615.62
9/2/2014,818.53,200.43,618.43
9/3/2014,817.53,200.17,617.58
9/4/2014,815.77,199.74,616.24
9/5/2014,818.63,200.44,618.35
9/8/2014,821.33,201.1,620.35
9/9/2014,815.06,199.56,615.62
9/10/2014,820.2,200.81,619.46
9/11/2014,818.5,200.39,618.15
9/12/2014,815.06,199.55,615.51
9/15/2014,810.05,198.32,611.73
9/16/2014,818.45,200.38,618.08
9/17/2014,819.58,200.66,618.93
9/18/2014,826.2,202.28,623.93
9/19/2014,825.61,202.13,623.47
9/22/2014,817.46,200.14,617.31
9/23/2014,816.06,199.79,616.25
9/24/2014,824.13,201.77,622.34
9/25/2014,809.3,198.14,611.14
9/26/2014,819.89,200.72,619.06
9/29/2014,819.62,200.65,618.82
9/30/2014,815.81,199.72,615.94
10/1/2014,801.07,196.11,604.79
10/2/2014,799.15,195.64,603.35
10/3/2014,808.33,197.88,610.25
10/6/2014,805.85,197.28,608.39
10/7/2014,794.1,194.4,599.51
10/8/2014,808.53,197.93,610.34
10/9/2014,790.09,193.4,596.29
10/10/2014,773.32,189.29,583.63
10/13/2014,754.32,184.64,569.29
10/14/2014,754.76,184.75,569.62
10/15/2014,750.57,183.72,566.44
10/16/2014,752.81,184.27,568.13
10/17/2014,766.26,187.57,578.29
10/20/2014,775.53,189.83,585.28
10/21/2014,796.18,194.89,600.83
10/22/2014,787.86,192.85,594.55
10/23/2014,799.91,195.8,603.64
10/24/2014,807.47,197.65,609.35
10/27/2014,804.07,196.82,606.77
10/28/2014,814.95,199.48,614.99
10/29/2014,812.81,198.95,613.36
10/30/2014,813.11,199.02,613.54
10/31/2014,824.67,201.85,622.26
11/3/2014,824.55,201.82,622.17
11/4/2014,819.51,200.59,618.37
11/5/2014,824.27,201.73,621.7
11/6/2014,830.7,203.27,626.23
11/7/2014,829.75,203.04,625.49
11/10/2014,831.69,203.51,626.95
11/11/2014,833.58,203.97,628.37
11/12/2014,833.44,203.94,628.24
11/13/2014,835.33,204.39,629.62
11/14/2014,838.14,205.08,631.74
11/17/2014,836.97,204.8,630.85
11/18/2014,844.75,206.67,636.37
11/19/2014,840.21,205.55,632.89
11/20/2014,844.33,206.55,635.93
11/21/2014,847.38,207.29,638.19
11/24/2014,852.53,208.55,642.07
11/25/2014,850.89,208.15,640.8
11/26/2014,854.82,209.1,643.61
11/28/2014,847.03,207.18,637.68
12/1/2014,838.05,204.98,630.85
12/2/2014,842.75,206.13,634.39
12/3/2014,846.91,207.14,637.46
12/4/2014,848.99,207.65,639.03
12/5/2014,849.62,207.8,639.49
12/8/2014,838.66,205.12,631.2
12/9/2014,840.05,205.46,632.24
12/10/2014,825.73,201.95,621.35
12/11/2014,830.11,202.99,624.37
12/12/2014,818.93,200.25,615.93
12/15/2014,813.86,199.01,612.1
12/16/2014,804.33,196.68,604.94
12/17/2014,821.54,200.89,617.86
12/18/2014,843.06,206.15,634.05
12/19/2014,847.68,207.28,637.52
12/22/2014,848.69,207.53,638.28
12/23/2014,848.74,207.54,638.31
12/24/2014,848.13,207.39,637.85
12/26/2014,851.28,208.16,640.21
12/29/2014,851.73,208.26,640.46
12/30/2014,845.85,206.82,635.98
12/31/2014,836.94,204.64,629.28
1/2/2015,836.8,204.6,629.18
1/5/2015,820.97,200.73,617.25
1/6/2015,812.07,198.55,610.56
1/7/2015,822.49,201.1,618.39
1/8/2015,841.6,205.77,632.75
1/9/2015,837.36,204.74,629.57
1/12/2015,826.29,202.03,621.25
1/13/2015,824.14,201.5,619.63
1/14/2015,820.6,200.63,616.92
1/15/2015,810.9,198.26,609.63
1/16/2015,823.85,201.43,619.36
1/20/2015,828.67,202.6,622.94
1/21/2015,834.58,204.05,627.38
1/22/2015,847.32,207.16,636.93
1/23/2015,845.97,206.83,635.92
1/26/2015,848.54,207.46,637.85
1/27/2015,830.55,203.06,624.33
1/28/2015,821.96,200.96,617.85
1/29/2015,833.47,203.77,626.48
1/30/2015,820.84,200.68,616.98
2/2/2015,830.83,203.13,624.5
2/3/2015,842.03,205.86,632.91
2/4/2015,840.26,205.41,631.33
2/5/2015,850.72,207.93,638.9
2/6/2015,846.21,206.83,635.49
2/9/2015,842.38,205.89,632.52
2/10/2015,852.54,208.37,640.15
2/11/2015,855.32,209.03,642.11
2/12/2015,866.02,211.64,650
2/13/2015,871.89,213.07,654.36
2/17/2015,875.63,213.95,656.84
2/18/2015,875.9,214.01,657.02
2/19/2015,877.98,214.52,658.58
2/20/2015,883.04,215.76,662.37
2/23/2015,884.31,216.07,663.32
2/24/2015,884.07,216.01,663.14
2/25/2015,879.97,214.99,659.93
2/26/2015,879.37,214.82,659.25
2/27/2015,874.89,213.73,655.89
3/2/2015,881.55,215.35,660.85
3/3/2015,876.9,214.22,657.34
3/4/2015,874.77,213.69,655.74
3/5/2015,873.31,213.34,654.65
3/6/2015,861.79,210.52,646
3/9/2015,863.77,211,647.43
3/10/2015,847.47,207.02,635.2
3/11/2015,847.6,207.04,635.18
3/12/2015,854.33,208.68,640.21
3/13/2015,850.4,207.72,637.25
3/16/2015,860.89,210.28,645.11
3/17/2015,860.26,210.13,644.63
3/18/2015,871.86,212.96,653.3
3/19/2015,870.15,212.54,652.02
3/20/2015,878.43,214.56,658.22
3/23/2015,877.07,214.23,657.2
3/24/2015,872.2,213.04,653.55
3/25/2015,857.84,209.53,642.79
3/26/2015,854.96,208.83,640.64
3/27/2015,862.56,210.67,646.17
3/30/2015,873.12,213.25,654.05
3/31/2015,863.76,210.96,647.04
4/1/2015,860.17,210.08,644.33
4/2/2015,863.3,210.84,646.67
4/6/2015,868.03,212,650.2
4/7/2015,863.7,210.94,646.95
4/8/2015,866.73,211.67,649.15
4/9/2015,865.75,211.43,648.41
4/10/2015,869.62,212.38,651.31
4/13/2015,864.14,211.04,647.18
4/14/2015,863.29,210.83,646.54
4/15/2015,862.5,210.64,645.95
4/16/2015,863.03,210.77,646.34
4/17/2015,853.25,208.38,639.02
4/20/2015,861.78,210.46,645.37
4/21/2015,861.17,210.31,644.91
4/22/2015,863.5,210.87,646.56
4/23/2015,865.23,211.29,647.85
4/24/2015,865.66,211.4,648.17
4/27/2015,860.4,210.11,644.23
4/28/2015,860.47,210.13,644.28
4/29/2015,850.01,207.57,636.42
4/30/2015,838.33,204.72,627.66
5/1/2015,852.61,208.21,638.35
5/4/2015,854.89,208.76,640.06
5/5/2015,841.43,205.46,629.82
5/6/2015,840.85,205.31,629.29
5/7/2015,847.91,207,634.29
5/8/2015,859.93,209.93,643.19
5/11/2015,853.9,208.46,638.67
5/12/2015,851.42,207.84,636.76
5/13/2015,848.81,207.18,634.56
5/14/2015,861.13,210.17,643.6
5/15/2015,864.45,210.98,646.07
5/18/2015,867.31,211.68,648.18
5/19/2015,866.53,211.49,647.6
5/20/2015,863.4,210.71,645.14
5/21/2015,865.25,211.17,646.52
5/22/2015,864.18,210.9,645.72
5/26/2015,856.1,208.93,639.67
5/27/2015,867.1,211.6,647.71
5/28/2015,866.48,211.44,647.17
5/29/2015,864.14,210.86,645.37
6/1/2015,866.07,211.33,646.79
6/2/2015,860.31,209.91,642.37
6/3/2015,858.53,209.47,640.93
6/4/2015,851.46,207.74,635.65
6/5/2015,845.4,206.26,631.11
6/8/2015,839.89,204.91,626.86
6/9/2015,839.35,204.77,626.45
6/10/2015,848.13,206.91,632.95
6/11/2015,851.8,207.76,635.2
6/12/2015,845.74,206.28,630.67
6/15/2015,843.05,205.62,628.66
6/16/2015,848.07,206.84,632.38
6/17/2015,851.13,207.59,634.64
6/18/2015,861.89,210.21,642.66
6/19/2015,857.59,209.16,639.46
6/22/2015,860.49,209.87,641.61
6/23/2015,858.01,209.27,639.77
6/24/2015,851.39,207.65,634.79
6/25/2015,851.06,207.57,634.54
6/26/2015,850.54,207.42,633.99
6/29/2015,835.41,203.73,622.68
6/30/2015,837.28,204.18,624.04
7/1/2015,845.53,206.18,630.03
7/2/2015,845.93,206.28,630.33
7/6/2015,845.8,206.25,630.23
7/7/2015,855.38,208.58,637.36
7/8/2015,843.75,205.74,628.7
7/9/2015,842.98,205.56,628.12
7/10/2015,855.05,208.5,637.12
7/13/2015,862.2,210.24,642.42
7/14/2015,864.13,210.71,643.86
7/15/2015,866.7,211.34,645.77
7/16/2015,874.08,213.14,651.27
7/17/2015,872.77,212.82,650.29
7/20/2015,874.99,213.36,651.9
7/21/2015,870.3,212.2,648.3
7/22/2015,868.99,211.88,647.33
7/23/2015,863.61,210.57,643.28
7/24/2015,858.3,209.27,639.32
7/27/2015,855.99,208.71,637.6
7/28/2015,867.13,211.42,645.89
7/29/2015,870.21,212.17,648.17
7/30/2015,869.21,211.93,647.41
7/31/2015,870.02,212.12,648.01
8/3/2015,869.68,212.04,647.76
8/4/2015,863.62,210.56,643.23
8/5/2015,866.03,211.13,644.84
8/6/2015,859.72,209.56,639.81
8/7/2015,860.52,209.75,640.31
8/10/2015,868.35,211.66,646.13
8/11/2015,861.73,210.04,641.17
8/12/2015,864.16,210.6,642.71
8/13/2015,864.31,210.62,642.62
8/14/2015,867.75,211.46,645.18
8/17/2015,874.12,213.01,649.88
8/18/2015,872.3,212.56,648.48
8/19/2015,867.49,211.37,644.77
8/20/2015,853.08,207.86,634.07
8/21/2015,828.86,201.96,616.05
8/24/2015,799.79,194.88,594.45
8/25/2015,790.02,192.5,587.19
8/26/2015,818.68,199.48,608.45
8/27/2015,835.38,203.53,620.72
8/28/2015,835.1,203.46,620.46
8/31/2015,825.17,201.04,613.08
9/1/2015,803.51,195.75,596.85
9/2/2015,819.89,199.74,609.01
9/3/2015,820.72,199.94,609.59
9/4/2015,808.89,197.05,600.77
9/8/2015,830.12,202.21,616.4
9/9/2015,818.48,199.36,607.62
9/10/2015,822.9,200.43,610.83
9/11/2015,831.29,202.43,616.6
9/14/2015,829.5,201.99,615.27
9/15/2015,839.45,204.41,622.62
9/16/2015,845.77,205.95,627.27
9/17/2015,847.28,206.31,628.33
9/18/2015,836.41,203.66,620.26
9/21/2015,839.8,204.49,622.78
9/22/2015,831.9,202.57,616.92
9/23/2015,833.7,203,618.19
9/24/2015,829.29,201.92,614.92
9/25/2015,823.98,200.63,610.98
9/28/2015,797.91,194.28,591.63
9/29/2015,797.33,194.14,591.2
9/30/2015,814.88,198.41,604.21
10/1/2015,822.01,200.15,609.5
10/2/2015,834.25,203.13,618.57
10/5/2015,843.45,205.37,625.39
10/6/2015,831.56,202.47,616.57
10/7/2015,838.54,204.16,621.67
10/8/2015,844.68,205.66,626.22
10/9/2015,848.61,206.62,629.14
10/12/2015,854.54,208.06,633.53
10/13/2015,847.35,206.31,628.19
10/14/2015,840.08,204.53,622.7
10/15/2015,852.56,207.57,631.94
10/16/2015,859.68,209.3,637.22
10/19/2015,864,210.35,640.38
10/20/2015,859.22,209.18,636.75
10/21/2015,854.96,208.14,633.59
10/22/2015,863.4,210.19,639.84
10/23/2015,871.07,212.06,645.52
10/26/2015,875.25,213.08,648.61
10/27/2015,879.78,214.18,651.96
10/28/2015,886.33,215.77,656.8
10/29/2015,885.76,215.63,656.36
10/30/2015,879.61,214.13,651.81
11/2/2015,887.38,216.02,657.57
11/3/2015,885.97,215.68,656.52
11/4/2015,883.35,215.02,654.31
11/5/2015,885.16,215.46,655.64
11/6/2015,882.58,214.83,653.73
11/9/2015,874.74,212.91,647.84
11/10/2015,880.4,214.27,651.86
11/11/2015,876.44,213.31,648.93
11/12/2015,864.53,210.39,639.91
11/13/2015,851.88,207.31,630.55
11/16/2015,863.79,210.21,639.31
11/17/2015,867.44,211.09,642
11/18/2015,881.8,214.58,652.57
11/19/2015,875.04,212.94,647.57
11/20/2015,884.41,215.22,654.5
11/23/2015,885.28,215.43,655.14
11/24/2015,885.99,215.6,655.66
11/25/2015,891.02,216.82,659.33
11/27/2015,891.41,216.91,659.55
11/30/2015,882.55,214.75,652.99
12/1/2015,894.42,217.62,661.63
12/2/2015,888.5,216.17,657.14
12/3/2015,874.48,212.76,646.77
12/4/2015,895.46,217.87,662.27
12/7/2015,891.63,216.93,659.38
12/8/2015,891.76,216.95,659.41
12/9/2015,880.03,214.1,650.73
12/10/2015,882.1,214.57,651.99
12/11/2015,866.85,210.86,640.68
12/14/2015,875.27,212.91,646.89
12/15/2015,880.59,214.2,650.82
12/16/2015,895.13,217.74,661.53
12/17/2015,883.85,214.99,653.18
12/18/2015,869.97,211.62,642.93
12/21/2015,877.33,213.4,648.28
12/22/2015,883.23,214.81,652.39
12/23/2015,889.13,216.23,656.61
12/24/2015,888.34,216.04,656.03
12/28/2015,888.47,216.07,656.12
12/29/2015,898.6,218.53,663.57
12/30/2015,893.6,217.31,659.87
12/31/2015,883.5,214.86,652.42
1/4/2016,866.71,210.77,640.02
1/5/2016,869.56,211.47,642.13
1/6/2016,863.15,209.9,637.35
1/7/2016,846.55,205.87,625.08
1/8/2016,837.14,203.58,618.13
1/11/2016,841.13,204.55,621.08
1/12/2016,850.48,206.82,627.97
1/13/2016,824.44,200.48,608.71
1/14/2016,835.23,203.11,616.68
1/15/2016,819.79,199.35,605.23
1/19/2016,823.84,200.33,608.22
1/20/2016,818.56,199.04,604.21
1/21/2016,822.81,200.07,607.34
1/22/2016,837.28,203.59,618.02
1/25/2016,829.14,201.61,612
1/26/2016,834.41,202.89,615.89
1/27/2016,824,200.36,608.19
1/28/2016,825.26,200.66,609.12
1/29/2016,841.5,204.61,621.09
2/1/2016,843.6,205.11,622.56
2/2/2016,829.8,201.75,612.31
2/3/2016,825.46,200.67,608.84
2/4/2016,819.43,199.21,604.39
2/5/2016,798.98,194.23,589.29
2/8/2016,781.59,190,576.47
2/9/2016,787.43,191.42,580.75
2/10/2016,794.09,193.03,585.53
2/11/2016,787.18,191.34,580.34
2/12/2016,800.68,194.61,590.23
2/16/2016,815.01,198.09,600.76
2/17/2016,827.22,201.05,609.66
2/18/2016,820.61,199.44,604.77
2/19/2016,823.9,200.24,607.19
2/22/2016,837.06,203.44,616.89
2/23/2016,833.49,202.57,614.25
2/24/2016,837.24,203.48,617.02
2/25/2016,848.35,206.18,625.14
2/26/2016,846.14,205.63,623.45
2/29/2016,837.42,203.51,617.02
3/1/2016,854.99,207.78,629.96
3/2/2016,853.48,207.42,628.84
3/3/2016,853.02,207.3,628.45
3/4/2016,852.94,207.28,628.37
3/7/2016,847.47,205.95,624.33
3/8/2016,843.21,204.88,620.86
3/9/2016,845.55,205.44,622.49
3/10/2016,846.69,205.71,623.32
3/11/2016,860.36,209.02,633.17
3/14/2016,860.91,209.15,633.54
3/15/2016,858.33,208.52,631.64
3/16/2016,860.08,208.94,632.84
3/17/2016,859.9,208.89,632.71
3/18/2016,863.26,209.71,635.18
3/21/2016,865.32,210.21,636.69
3/22/2016,864.82,210.07,636.15
3/23/2016,864.74,210.05,636.08
3/24/2016,866.12,210.38,637.09
3/28/2016,867.6,210.74,638.15
3/29/2016,878.37,213.35,646.04
3/30/2016,882.64,214.39,649.14
3/31/2016,879.86,213.71,647.09
4/1/2016,887.63,215.6,652.81
4/4/2016,883.36,214.56,649.63
4/5/2016,876.61,212.92,644.67
4/6/2016,884.54,214.79,649.91
4/7/2016,876.43,212.81,643.9
4/8/2016,876.04,212.72,643.61
4/11/2016,871.22,211.55,640.07
4/12/2016,877.23,213.01,644.49
4/13/2016,880.8,213.86,647.01
4/14/2016,880.94,213.9,647.11
4/15/2016,883.25,214.46,648.81
4/18/2016,890.25,216.16,653.94
4/19/2016,886.7,215.29,651.33
4/20/2016,884.63,214.79,649.81
4/21/2016,878.48,213.3,645.29
4/22/2016,864.62,209.93,635.11
4/25/2016,868.02,210.76,637.61
4/26/2016,864.9,210,635.31
4/27/2016,865.99,210.26,636.08
4/28/2016,861.64,209.21,632.88
4/29/2016,866.41,210.36,636.38
5/2/2016,877.43,213.04,644.47
5/3/2016,869.86,211.2,638.86
5/4/2016,870.05,211.24,639
5/5/2016,868.58,210.88,637.92
5/6/2016,876.62,212.83,643.81
5/9/2016,878.94,213.4,645.51
5/10/2016,891.33,216.4,654.61
5/11/2016,884.89,214.83,649.79
5/12/2016,888.66,215.75,652.55
5/13/2016,882.01,214.13,647.67
5/16/2016,887.49,215.46,651.68
5/17/2016,874.69,212.32,641.9
5/18/2016,873.03,211.91,640.67
5/19/2016,869.6,211.08,638.16
5/20/2016,872.32,211.74,640.15
5/23/2016,868.43,210.79,637.23
5/24/2016,882.44,214.19,647.5
5/25/2016,884.84,214.77,649.21
5/26/2016,887.61,215.44,651.23
5/27/2016,891.04,216.26,653.65
5/31/2016,890.84,216.2,653.39
6/1/2016,890.88,216.21,653.41
6/2/2016,891.86,216.43,653.92
6/3/2016,890.29,216.04,652.75
6/6/2016,890.54,216.11,652.94
6/7/2016,891.07,216.23,653.32
6/8/2016,894.73,217.11,655.87
6/9/2016,895.77,217.36,656.59
6/10/2016,889.9,215.93,652.28
6/13/2016,882.35,214.08,646.55
6/14/2016,884.06,214.49,647.79
6/15/2016,882.9,214.21,646.92
6/16/2016,886.59,215.08,649.35
6/17/2016,879.89,213.45,644.44
6/20/2016,884.19,214.49,647.58
6/21/2016,888.3,215.47,650.41
6/22/2016,885.61,214.82,648.44
6/23/2016,895.12,217.13,655.4
6/24/2016,871.04,211.29,637.77
6/27/2016,861.35,208.94,630.67
6/28/2016,874.84,212.2,640.51
6/29/2016,887.27,215.22,649.6
6/30/2016,898.36,217.91,657.72
7/1/2016,900.77,218.49,659.45
7/5/2016,900.8,218.5,659.47
7/6/2016,905.87,219.67,662.58
7/7/2016,903.18,219.01,660.56
7/8/2016,915.28,221.94,669.41
7/11/2016,918.54,222.73,671.8
7/12/2016,919.81,223.04,672.73
7/13/2016,919.63,223,672.59
7/14/2016,923.25,223.88,675.23
7/15/2016,922.19,223.62,674.46
7/18/2016,925.55,224.43,676.92
7/19/2016,924.54,224.19,676.17
7/20/2016,931.22,225.81,681.06
7/21/2016,926.65,224.7,677.72
7/22/2016,931.99,225.99,681.62
7/25/2016,930.65,225.67,680.63
7/26/2016,926.56,224.68,677.64
7/27/2016,923.82,224.01,675.61
7/28/2016,927.81,224.98,678.53
7/29/2016,931.94,225.98,681.55
8/1/2016,933,226.24,682.32
8/2/2016,927.95,225,678.57
8/3/2016,927.66,224.94,678.37
8/4/2016,930.09,225.52,680.13
8/5/2016,936.33,227.04,684.69
8/8/2016,934.39,226.57,683.27
8/9/2016,935.43,226.81,683.98
8/10/2016,936.12,226.98,684.45
8/11/2016,938.75,227.61,686.32
8/12/2016,938.4,227.52,686.06
8/15/2016,937.34,227.27,685.29
8/16/2016,930.6,225.59,679.96
8/17/2016,933.05,226.18,681.7
8/18/2016,932.68,226.09,681.44
8/19/2016,930.64,225.6,679.94
8/22/2016,932.11,225.95,680.99
8/23/2016,933.2,226.21,681.77
8/24/2016,930.33,225.51,679.62
8/25/2016,930.47,225.54,679.7
8/26/2016,929.33,225.27,678.86
8/29/2016,933.54,226.29,681.92
8/30/2016,930.76,225.58,679.55
8/31/2016,929.93,225.38,678.94
9/1/2016,930.73,225.57,679.49
9/2/2016,934.24,226.42,682.05
9/6/2016,939.51,227.69,685.89
9/7/2016,937.63,227.23,684.45
9/8/2016,932.68,226.03,680.76
9/9/2016,909.05,220.3,663.5
9/12/2016,922.49,223.55,673.26
9/13/2016,910.33,220.58,664.18
9/14/2016,909.74,220.44,663.73
9/15/2016,919.3,222.73,670.42
9/16/2016,917.63,222.32,669.19
9/19/2016,918.2,222.46,669.6
9/20/2016,919.19,222.7,670.31
9/21/2016,931.3,225.63,679.13
9/22/2016,938.61,227.4,684.47
9/23/2016,935.05,226.54,681.87
9/26/2016,928.98,225.05,677.23
9/27/2016,934.93,226.49,681.57
9/28/2016,935.87,226.7,682.14
9/29/2016,927.57,224.69,676.07
9/30/2016,929.57,225.17,677.52
10/3/2016,926.09,224.33,674.94
10/4/2016,916.38,221.98,667.86
10/5/2016,915.6,221.69,666.35
10/6/2016,916.33,221.87,666.87
10/7/2016,913.44,221.17,664.75
10/10/2016,916.94,222.02,667.3
10/11/2016,908.16,219.89,660.9
10/12/2016,913.13,221.09,664.52
10/13/2016,913.49,221.18,664.78
10/14/2016,912.12,220.85,663.78
10/17/2016,911.5,220.7,663.33
10/18/2016,914.14,221.34,665.25
10/19/2016,913.18,221.1,664.56
10/20/2016,909.62,220.24,661.96
10/21/2016,911.36,220.66,663.22
10/24/2016,918.09,222.29,668.11
10/25/2016,915.58,221.68,666.28
10/26/2016,911.39,220.67,663.24
10/27/2016,905.88,219.33,659.2
10/28/2016,906.91,219.58,659.9
10/31/2016,910.82,220.52,662.75
11/1/2016,902.1,218.41,656.41
11/2/2016,894.14,216.48,650.58
11/3/2016,890.25,215.53,647.68
11/4/2016,887.72,214.92,645.82
11/7/2016,905.7,219.27,658.88
11/8/2016,911.63,220.7,663.13
11/9/2016,906.93,219.56,659.69
11/10/2016,892.14,215.98,648.93
11/11/2016,894.06,216.44,650.32
11/14/2016,886.42,214.58,644.64
11/15/2016,896.72,217.04,651.81
11/16/2016,899.71,217.75,653.83
11/17/2016,903.94,218.76,656.82
11/18/2016,902.57,218.4,655.44
11/21/2016,908.87,219.92,660.02
11/22/2016,913.92,221.13,663.6
11/23/2016,911.43,220.53,661.77
11/25/2016,917.02,221.88,665.84
11/28/2016,918.13,222.15,666.63
11/29/2016,919.57,222.47,667.38
11/30/2016,904.63,218.84,656.38
12/1/2016,895.82,216.71,649.97
12/2/2016,899.77,217.66,652.84
12/5/2016,904.63,218.83,656.34
12/6/2016,907.28,219.47,658.25
12/7/2016,920.11,222.57,667.49
12/8/2016,918.98,222.29,666.61
12/9/2016,924.52,223.63,670.62
12/12/2016,928.45,224.58,673.42
12/13/2016,936.16,226.43,678.95
12/14/2016,928.49,224.57,673.33
12/15/2016,930.08,224.95,674.42
12/16/2016,933.2,225.7,676.65
12/19/2016,938.83,227.06,680.72
12/20/2016,941.46,227.66,682.22
12/21/2016,939.55,227.2,680.84
12/22/2016,940.37,227.37,681.16
12/23/2016,940.68,227.44,681.36
12/27/2016,943.56,228.14,683.45
12/28/2016,936.74,226.48,678.4
12/29/2016,940.46,227.37,681.05
12/30/2016,933.89,225.78,676.26
1/3/2017,938.47,226.89,679.57
1/4/2017,941.48,227.61,681.71
1/5/2017,944.44,228.33,683.86
1/6/2017,946.29,228.68,684.27
1/9/2017,943.36,227.97,682.14
1/10/2017,941.7,227.57,680.94
1/11/2017,942.86,227.85,681.78
1/12/2017,943.33,227.97,682.11
1/13/2017,944.45,228.24,682.92
1/17/2017,946.86,228.82,684.67
1/18/2017,947.62,229,685.21
1/19/2017,945.69,228.54,683.82
1/20/2017,947.79,229.04,685.33
1/23/2017,950.01,229.58,686.93
1/24/2017,950.01,229.58,686.93
1/25/2017,954.11,230.57,689.89
1/26/2017,953.68,230.46,689.58
1/27/2017,956.33,231.1,691.41
1/30/2017,952.02,230.05,688.25
1/31/2017,952.04,230.06,688.27
2/1/2017,950.38,229.65,687.05
2/2/2017,951.98,230.04,688.21
2/3/2017,954.43,230.63,689.96
2/6/2017,951.98,230.04,688.18
2/7/2017,954.41,230.62,689.93
2/8/2017,958.42,231.59,692.76
2/9/2017,961.09,232.23,694.69
2/10/2017,964.95,233.15,697.38
2/13/2017,966.41,233.5,698.4
2/14/2017,966.15,233.4,697.86
2/15/2017,968.53,233.97,699.44
2/16/2017,971.67,234.71,701.6
2/17/2017,974.49,235.39,703.62
2/21/2017,982.02,237.21,709.06
2/22/2017,982.43,237.31,709.33
2/23/2017,984.56,237.8,710.6
2/24/2017,989.57,238.96,713.79
2/27/2017,987.79,238.51,712.28
2/28/2017,986.64,238.23,711.44
3/1/2017,994.52,240.12,716.99
3/2/2017,991.78,239.46,714.99
3/3/2017,991.71,239.44,714.91
3/6/2017,989.29,238.85,713.16
3/7/2017,989.03,238.78,712.85
3/8/2017,987.07,238.29,711.26
3/9/2017,988.51,238.63,712.3
3/10/2017,993.61,239.86,715.93
3/13/2017,995.41,240.26,716.86
3/14/2017,992.79,239.63,714.98
3/15/2017,1002.54,241.98,721.95
3/16/2017,999.56,241.25,719.79
3/17/2017,1003.4,242.18,722.55
3/20/2017,1000.64,241.51,720.55
3/21/2017,977.75,235.99,704.07
3/22/2017,981.23,236.83,706.58
3/23/2017,981.75,236.95,706.95
3/24/2017,980.91,236.75,706.35
3/27/2017,976.92,235.79,703.47
3/28/2017,986.25,238.04,710.19
3/29/2017,984.72,237.65,708.84
3/30/2017,992.56,239.54,714.47
3/31/2017,988.23,238.49,711.35
4/3/2017,986.2,237.99,709.74
4/4/2017,986.27,237.98,709.52
4/5/2017,980.24,236.51,705.03
4/6/2017,985.58,237.79,708.86
4/7/2017,984.48,237.53,708.07
4/10/2017,981.9,236.91,706.22
4/11/2017,979.64,236.36,704.59
4/12/2017,970.04,234.04,697.65
4/13/2017,961.8,232.05,691.72
4/17/2017,974.13,235.03,700.58
4/18/2017,971.47,234.39,698.68
4/19/2017,970.48,234.15,697.96
4/20/2017,983.62,237.31,707.33
4/21/2017,979.4,236.29,704.29
4/24/2017,994.33,239.89,715.03
4/25/2017,1004.55,242.36,722.38
4/26/2017,1004.25,242.28,722.16
4/27/2017,1003.99,242.2,721.78
4/28/2017,996.88,240.49,716.67
5/1/2017,999.69,241.17,718.68
5/2/2017,999.05,241.01,718.22
5/3/2017,997.61,240.65,717.08
5/4/2017,997.21,240.55,716.78
5/5/2017,1000.94,241.45,719.47
5/8/2017,999.06,240.97,717.84
5/9/2017,998.09,240.74,717.12
5/10/2017,1005.54,242.52,722.3
5/11/2017,1004.75,242.32,721.71
5/12/2017,1002.04,241.67,719.74
5/15/2017,1010.17,243.63,725.57
5/16/2017,1011.01,243.83,726.18
5/17/2017,981.72,236.76,705.08
5/18/2017,987.74,238.21,709.41
5/19/2017,997.05,240.45,716
5/22/2017,1003.96,242.11,720.96
5/23/2017,1008.39,243.18,724.11
5/24/2017,1011.3,243.87,726.13
5/25/2017,1015.73,244.94,729.3
5/26/2017,1018.41,245.57,731.04
5/30/2017,1016.51,245.11,729.65
5/31/2017,1015.25,244.79,728.61
6/1/2017,1022.07,246.43,733.44
6/2/2017,1023.86,246.86,734.73
6/5/2017,1022.1,246.43,733.4
6/6/2017,1019.28,245.75,731.37
6/7/2017,1024.15,246.91,734.73
6/8/2017,1032.21,248.85,740.51
6/9/2017,1033.27,249.11,741.27
6/12/2017,1034.07,249.3,741.78
6/13/2017,1040.07,250.74,746.02
6/14/2017,1036.34,249.84,743.35
6/15/2017,1034.44,249.36,741.76
6/16/2017,1034.82,249.45,742.04
6/19/2017,1046.27,252.21,750.25
6/20/2017,1036.23,249.79,743.02
6/21/2017,1031.66,248.68,739.75
6/22/2017,1028.37,247.89,737.39
6/23/2017,1026.25,247.38,735.87
6/26/2017,1026.85,247.52,736.3
6/27/2017,1021.1,246.14,732.18
6/28/2017,1036.43,249.81,742.92
6/29/2017,1029.84,248.22,738.18
6/30/2017,1031.97,248.72,739.57
7/3/2017,1036.37,249.75,742.44
7/5/2017,1042.25,251.16,746.54
7/6/2017,1035.32,249.48,741.55
7/7/2017,1043.62,251.48,747.46
7/10/2017,1047.49,252.41,750.23
7/11/2017,1045.94,252.04,749.12
7/12/2017,1052.36,253.59,753.73
7/13/2017,1054.3,254.05,755.06
7/14/2017,1057.14,254.73,757.09
7/17/2017,1055.73,254.39,756.08
7/18/2017,1054.86,254.17,755.37
7/19/2017,1058.05,254.94,757.66
7/20/2017,1057.47,254.8,757.24
7/21/2017,1057.09,254.71,756.97
7/24/2017,1056.01,254.45,756.2
7/25/2017,1064.95,256.6,762.6
7/26/2017,1062.83,256.09,761.08
7/27/2017,1058.03,254.91,757.38
7/28/2017,1059.28,255.21,758.24
7/31/2017,1061.59,255.76,759.88
8/1/2017,1063.3,256.18,761.1
8/2/2017,1063.7,256.27,761.33
8/3/2017,1062.12,255.88,760.12
8/4/2017,1067.69,257.22,764.11
8/7/2017,1069.74,257.71,765.57
8/8/2017,1067.34,257.11,763.61
8/9/2017,1067.97,257.24,763.87
8/10/2017,1049.84,252.87,750.88
8/11/2017,1047.7,252.35,749.3
8/14/2017,1063.65,256.19,760.68
8/15/2017,1064.09,256.3,760.98
8/16/2017,1064.24,256.33,761.05
8/17/2017,1045.44,251.8,747.58
8/18/2017,1046.31,252,748.16
8/21/2017,1045.38,251.78,747.48
8/22/2017,1060.23,255.35,758.01
8/23/2017,1057.13,254.6,755.79
8/24/2017,1055.33,254.16,754.45
8/25/2017,1055.86,254.29,754.81
8/28/2017,1055.32,254.16,754.42
8/29/2017,1055.05,254.07,754.01
8/30/2017,1062.74,255.89,759.25
8/31/2017,1067.15,256.96,762.39
9/1/2017,1071.45,257.99,765.43
9/5/2017,1056.24,254.33,754.57
9/6/2017,1059.54,255.12,756.92
9/7/2017,1051.6,253.18,750.97
9/8/2017,1052.54,253.4,751.62
9/11/2017,1066.19,256.69,761.37
9/12/2017,1073.77,258.51,766.7
9/13/2017,1076.78,259.23,768.85
9/14/2017,1076.67,259.2,768.71
9/15/2017,1083.06,260.73,773.25
9/18/2017,1089.85,262.36,778.04
9/19/2017,1095.08,263.62,781.76
9/20/2017,1094.8,263.56,781.57
9/21/2017,1091.19,262.69,778.98
9/22/2017,1089.39,262.25,777.69
9/25/2017,1075.62,258.94,767.86
9/26/2017,1077.07,259.29,768.9
9/27/2017,1090.19,262.44,778.26
9/28/2017,1092.28,262.93,779.62
9/29/2017,1097.82,264.26,783.54
10/2/2017,1102.37,265.36,786.78
10/3/2017,1105.17,266.03,788.77
10/4/2017,1105.13,266.02,788.75
10/5/2017,1116.96,268.83,796.81
10/6/2017,1119.3,269.39,798.46
10/9/2017,1119.51,269.44,798.61
10/10/2017,1121.37,269.89,799.94
10/11/2017,1123.72,270.46,801.61
10/12/2017,1120.76,269.74,799.5
10/13/2017,1124.53,270.65,802.2
10/16/2017,1130.42,272.06,806.33
10/17/2017,1130.17,272,806.16
10/18/2017,1132.8,272.64,808.03
10/19/2017,1131.68,272.37,807.23
10/20/2017,1142.88,275.06,815.18
10/23/2017,1138.45,273.99,812.01
10/24/2017,1146.38,275.9,817.68
10/25/2017,1140.03,274.37,813.14
10/26/2017,1144.18,275.37,816.11
10/27/2017,1160.92,279.4,828.04
10/30/2017,1161.48,279.52,828.35
10/31/2017,1163.3,279.96,829.63
11/1/2017,1162.49,279.77,829.05
11/2/2017,1168.8,281.28,833.55
11/3/2017,1173.02,282.28,836.41
11/6/2017,1176.33,283.08,838.77
11/7/2017,1167.96,281.07,832.8
11/8/2017,1166.04,280.6,831.43
11/9/2017,1158.72,278.82,826
11/10/2017,1158.6,278.76,825.63
11/13/2017,1160.9,279.32,827.27
11/14/2017,1158.89,278.83,825.83
11/15/2017,1154.82,277.82,822.54
11/16/2017,1163.86,279.99,828.95
11/17/2017,1159.6,278.96,825.91
11/20/2017,1164.44,280.12,829.35
11/21/2017,1174.41,282.52,836.43
11/22/2017,1171.24,281.75,834.1
11/24/2017,1173.37,282.26,835.56
11/27/2017,1171.8,281.88,834.41
11/28/2017,1186.85,285.5,845.12
11/29/2017,1178.17,283.4,838.88
11/30/2017,1190.62,286.35,847.32
12/1/2017,1186.61,285.39,844.44
12/4/2017,1179.37,283.64,839.26
12/5/2017,1176.18,282.87,836.97
12/6/2017,1178.99,283.55,838.96
12/7/2017,1185.56,285.13,843.61
12/8/2017,1192.37,286.76,848.45
12/11/2017,1194.85,287.36,850.22
12/12/2017,1197.22,287.93,851.88
12/13/2017,1194.29,287.22,849.79
12/14/2017,1188.92,285.93,845.97
12/15/2017,1201.72,289.01,855.06
12/18/2017,1210.29,291.06,861.07
12/19/2017,1205.33,289.87,857.53
12/20/2017,1204.56,289.68,856.97
12/21/2017,1206.88,290.24,858.62
12/22/2017,1205.85,289.99,857.88
12/26/2017,1199.81,288.54,853.58
12/27/2017,1202.64,289.22,855.6
12/28/2017,1206.58,290.15,858.26
12/29/2017,1197.86,288.05,852.03
1/2/2018,1209.77,290.91,860.49
1/3/2018,1220.75,293.55,868.3
1/4/2018,1228.52,295.39,873.52
1/5/2018,1239.13,297.94,881.06
1/8/2018,1242.15,298.66,883.16
1/9/2018,1246.75,299.77,886.41
1/10/2018,1249.18,300.35,888.14
1/11/2018,1257.3,302.3,893.92
1/12/2018,1268.76,305.06,902.07
1/16/2018,1263.5,303.79,898.27
1/17/2018,1280.02,307.76,910.01
1/18/2018,1280.17,307.79,910.09
1/19/2018,1285.01,308.95,913.48
1/22/2018,1293.41,310.97,919.46
1/23/2018,1298.59,312.22,923.13
1/24/2018,1297.86,312.04,922.62
1/25/2018,1297.44,311.94,922.32
1/26/2018,1311.77,315.38,932.5
1/29/2018,1303.14,313.31,926.33
1/30/2018,1288.67,309.82,915.99
1/31/2018,1296.49,311.7,921.53
2/1/2018,1300.36,312.62,924.15
2/2/2018,1271.64,305.7,903.61
2/5/2018,1215.5,292.2,863.71
2/6/2018,1248.41,300.12,887.1
2/7/2018,1242.34,298.66,882.79
2/8/2018,1187.02,285.33,843.23
2/9/2018,1211.83,291.27,860.58
2/12/2018,1233.39,296.45,875.9
2/13/2018,1237.21,297.37,878.6
2/14/2018,1262.52,303.41,896.2
2/15/2018,1279.09,307.39,907.95
2/16/2018,1275.4,306.51,905.31
2/20/2018,1274.14,306.2,904.34
2/21/2018,1270.51,305.32,901.75
2/22/2018,1270.64,305.34,901.75
2/23/2018,1292.22,310.53,917.05
2/26/2018,1309.22,314.61,929.1
2/27/2018,1297.37,311.76,920.66
2/28/2018,1285.72,308.95,912.25
3/1/2018,1264.08,303.73,896.7
3/2/2018,1268.95,304.89,900.07
3/5/2018,1285.26,308.81,911.63
3/6/2018,1290.01,309.95,914.97
3/7/2018,1293.29,310.73,917.29
3/8/2018,1297.39,311.7,920.06
3/9/2018,1325.74,318.51,940.16
3/12/2018,1323.55,317.99,938.61
3/13/2018,1309.28,314.56,928.47
3/14/2018,1301.37,312.65,922.83
3/15/2018,1304.06,313.3,924.74
3/16/2018,1306.66,313.92,926.56
3/19/2018,1285.87,308.93,911.82
3/20/2018,1295.59,311.26,918.71
3/21/2018,1291.64,310.31,915.91
3/22/2018,1248.62,299.98,885.41
3/23/2018,1221.2,293.39,865.96
3/26/2018,1261.66,303.11,894.65
3/27/2018,1225.59,294.45,869.07
3/28/2018,1216.95,292.36,862.87
3/29/2018,1238.5,297.54,878.14
4/2/2018,1208.12,290.24,856.59
4/3/2018,1221.97,293.57,866.41
4/4/2018,1236.37,297.03,876.62
4/5/2018,1248.47,299.91,885.01
4/6/2018,1216.4,292.2,862.23
4/9/2018,1221.19,293.36,865.63
4/10/2018,1245.84,299.27,883.04
4/11/2018,1235.99,296.9,875.96
4/12/2018,1251.4,300.57,886.62
4/13/2018,1243.83,298.75,881.26
4/16/2018,1253.18,301,887.88
4/17/2018,1277.41,306.82,905.05
4/18/2018,1281.9,307.9,908.23
4/19/2018,1281.89,307.89,908.22
4/20/2018,1271.78,305.46,901
4/23/2018,1268.51,304.67,898.68
4/24/2018,1238.32,297.42,877.29
4/25/2018,1238.1,297.37,877.14
4/26/2018,1262.81,303.3,894.64
4/27/2018,1264.32,303.67,895.71
4/30/2018,1254.84,301.39,889
5/1/2018,1262.12,303.14,894.15
5/2/2018,1251.62,300.62,886.71
5/3/2018,1254.74,301.37,888.93
5/4/2018,1269.85,304.99,899.55
5/7/2018,1278.29,307.01,905.53
5/8/2018,1280.97,307.66,907.42
5/9/2018,1295.63,311.18,917.78
5/10/2018,1307.4,313.97,925.84
5/11/2018,1309.32,314.44,927.21
5/14/2018,1309.35,314.44,927.23
5/15/2018,1295.81,311.19,917.63
5/16/2018,1298.69,311.84,919.28
5/17/2018,1296.8,311.36,917.7
5/18/2018,1297.63,311.56,918.28
5/21/2018,1310.57,314.67,927.43
5/22/2018,1303,312.85,922.07
5/23/2018,1311.47,314.88,928.04
5/24/2018,1309.77,314.47,926.83
5/25/2018,1306.84,313.77,924.74
5/29/2018,1291.38,310.06,913.8
5/30/2018,1308.49,314.15,925.73
5/31/2018,1302.51,312.7,921.41
6/1/2018,1320.39,316.98,933.94
6/4/2018,1330.41,319.39,941.03
6/5/2018,1334.57,320.38,943.94
6/6/2018,1346.58,323.26,952.37
6/7/2018,1338.91,321.41,946.88
6/8/2018,1343.31,322.47,949.99
6/11/2018,1343.93,322.62,950.44
6/12/2018,1347.77,323.54,953.13
6/13/2018,1343.94,322.62,950.42
6/14/2018,1349.2,323.88,954.1
6/15/2018,1345.45,322.96,951.34
6/18/2018,1348.66,323.73,953.58
6/19/2018,1339.21,321.46,946.9
6/20/2018,1343.55,322.51,949.97
6/21/2018,1333.39,320.07,942.78
6/22/2018,1328.55,318.9,939.36
6/25/2018,1302.24,312.59,920.76
6/26/2018,1307.66,313.89,924.59
6/27/2018,1290.96,309.88,912.78
6/28/2018,1304.3,313.08,922.17
6/29/2018,1304.02,313.01,921.95
7/2/2018,1312.18,314.97,927.72
7/3/2018,1300.1,312.07,919.18
7/5/2018,1312.67,315.07,927.86
7/6/2018,1323.57,317.68,935.53
7/9/2018,1340.13,321.65,947.24
7/10/2018,1344.33,322.66,950.17
7/11/2018,1338.84,321.34,946.29
7/12/2018,1359.16,326.19,960.39
7/13/2018,1362.42,326.97,962.7
7/16/2018,1362,326.87,962.4
7/17/2018,1369.74,328.73,967.87
7/18/2018,1374.98,329.99,971.57
7/19/2018,1363.38,327.2,963.3
7/20/2018,1366.38,327.92,965.42
7/23/2018,1369.65,328.7,967.73
7/24/2018,1379.65,331.1,974.79
7/25/2018,1397.48,335.38,987.39
7/26/2018,1380.13,331.22,975.14
7/27/2018,1367.06,328.08,965.9
7/30/2018,1345.46,322.89,950.64
7/31/2018,1352.33,324.54,955.49
8/1/2018,1352.34,324.55,955.5
8/2/2018,1361.83,326.82,962.21
8/3/2018,1365.11,327.6,964.39
8/6/2018,1372.32,329.32,969.45
8/7/2018,1378.49,330.8,973.8
8/8/2018,1381.5,331.53,975.92
8/9/2018,1380.76,331.32,975.11
8/10/2018,1370.96,328.97,968.2
8/13/2018,1366.22,327.83,964.85
8/14/2018,1376.62,330.33,972.19
8/15/2018,1360.09,326.32,960.15
8/16/2018,1369.07,328.46,966.37
8/17/2018,1368.49,328.32,965.95
8/20/2018,1370.86,328.89,967.63
8/21/2018,1373.24,329.46,969.29
8/22/2018,1377.35,330.45,972.18
8/23/2018,1377.05,330.36,971.85
8/24/2018,1389.1,333.25,980.33
8/27/2018,1403.94,336.81,990.78
8/28/2018,1405.2,337.11,991.67
8/29/2018,1418.31,340.24,1000.75
8/30/2018,1412.44,338.83,996.57
8/31/2018,1411.13,338.5,995.49
9/4/2018,1411.09,338.49,995.45
9/5/2018,1394.06,334.4,983.43
9/6/2018,1392.47,334,982.14
9/7/2018,1389.55,333.3,980.04
9/10/2018,1391.69,333.81,981.55
9/11/2018,1403.27,336.59,989.68
9/12/2018,1404.11,336.79,990.27
9/13/2018,1412.9,338.89,996.44
9/14/2018,1414.18,339.2,997.32
9/17/2018,1399.8,335.75,987.18
9/18/2018,1411.18,338.48,995.21
9/19/2018,1411.97,338.67,995.76
9/20/2018,1423.58,341.45,1003.95
9/21/2018,1420.42,340.69,1001.72
9/24/2018,1423.26,341.37,1003.73
9/25/2018,1427.8,342.46,1006.92
9/26/2018,1425.56,341.92,1005.34
9/27/2018,1431.07,343.24,1009.21
9/28/2018,1431.21,343.28,1009.32
10/1/2018,1441.95,345.85,1016.89
10/2/2018,1433.15,343.74,1010.68
10/3/2018,1434.96,344.18,1011.96
10/4/2018,1412.18,338.66,995.35
10/5/2018,1400.4,335.83,987
10/8/2018,1388.55,332.99,978.65
10/9/2018,1389.47,333.21,979.28
10/10/2018,1326.06,318,934.59
10/11/2018,1304.74,312.89,919.56
10/12/2018,1338.15,320.89,942.98
10/15/2018,1320.56,316.67,930.58
10/16/2018,1359.52,326.01,958.03
10/17/2018,1355.4,325.01,955.03
10/18/2018,1330.11,318.95,937.21
10/19/2018,1318.75,316.22,929.21
10/22/2018,1323.47,317.36,932.53
10/23/2018,1309.81,314.08,922.91
10/24/2018,1258.88,301.87,887.02
10/25/2018,1298.5,311.37,914.94
10/26/2018,1267.43,303.92,893.04
10/29/2018,1244.06,298.31,876.57
10/30/2018,1261,302.37,888.42
10/31/2018,1289.58,309.22,908.54
11/1/2018,1304.76,312.85,919.2
11/2/2018,1298.81,311.42,914.97
11/5/2018,1301.67,312.11,916.98
11/6/2018,1307.97,313.62,921.42
11/7/2018,1351.62,324.09,952.17
11/8/2018,1347.58,323.09,949.1
11/9/2018,1329.65,318.8,936.47
11/12/2018,1291.77,309.71,909.79
11/13/2018,1287.95,308.8,907.1
11/14/2018,1275.37,305.74,897.82
11/15/2018,1293.82,310.15,910.72
11/16/2018,1290.24,309.29,908.14
11/19/2018,1248.01,299.15,878.32
11/20/2018,1224.41,293.49,861.61
11/21/2018,1233.13,295.57,867.72
11/23/2018,1223.46,293.26,860.92
11/26/2018,1251.55,299.99,880.68
11/27/2018,1256.26,301.12,883.98
11/28/2018,1302.97,312.3,916.69
11/29/2018,1298.96,311.32,913.72
11/30/2018,1311.38,314.29,922.33
12/3/2018,1336.25,320.25,939.82
12/4/2018,1284.63,307.87,903.49
12/6/2018,1287.49,308.55,905.47
12/7/2018,1246.48,298.71,876.47
12/10/2018,1253.68,300.43,881.53
12/11/2018,1254.89,300.72,882.34
12/12/2018,1267.87,303.83,891.46
12/13/2018,1266.25,303.43,890.25
12/14/2018,1233.58,295.6,867.26
12/17/2018,1202.61,288.18,845.46
12/18/2018,1209.84,289.91,850.51
12/19/2018,1190.57,285.29,836.97
12/20/2018,1166.04,279.41,819.72
12/21/2018,1135.54,272.1,798.28
12/24/2018,1106.44,265.13,777.82
12/26/2018,1175.04,281.57,826.05
12/27/2018,1186.19,284.23,833.79
12/28/2018,1183.11,283.49,831.62
12/31/2018,1197.34,286.9,841.62
1/2/2019,1197.6,286.96,841.8
1/3/2019,1161.62,278.29,815.98
1/4/2019,1209.94,289.86,849.92
1/7/2019,1225.01,293.47,860.5
1/8/2019,1238.87,296.79,870.17
1/9/2019,1249.52,299.34,877.64
1/10/2019,1254.78,300.6,881.33
1/11/2019,1253.55,300.3,880.47
1/14/2019,1245.24,298.3,874.55
1/15/2019,1265.15,303.07,888.53
1/16/2019,1267.47,303.63,890.16
1/17/2019,1276.7,305.84,896.63
1/18/2019,1294.51,310.11,909.14
1/22/2019,1272.01,304.72,893.34
1/23/2019,1272.68,304.88,893.81
1/24/2019,1277.67,306.07,897.31
1/25/2019,1292.54,309.63,907.71
1/28/2019,1276.45,305.78,896.41
1/29/2019,1268.81,303.95,891.05
1/30/2019,1297.07,310.7,910.8
1/31/2019,1306.12,312.87,917.15
2/1/2019,1303.05,312.11,914.77
2/4/2019,1316.32,315.29,924.09
2/5/2019,1325.74,317.55,930.7
2/6/2019,1322.15,316.69,928.18
2/7/2019,1307.04,313.05,917.37
2/8/2019,1307.69,313.2,917.75
2/11/2019,1309.18,313.55,918.8
2/12/2019,1331.27,318.83,934.2
2/13/2019,1334.92,319.71,936.72
2/14/2019,1335.78,319.9,937.25
2/15/2019,1349.84,323.26,947.05
2/19/2019,1350.88,323.5,947.69
2/20/2019,1352.25,323.79,948.28
2/21/2019,1347.79,322.72,945.14
2/22/2019,1361.1,325.91,954.44
2/25/2019,1362.41,326.22,955.34
2/26/2019,1362.72,326.29,955.55
2/27/2019,1360.9,325.84,954.13
2/28/2019,1357.71,325.07,951.85
3/1/2019,1369.08,327.8,959.82
3/4/2019,1358.41,325.24,952.34
3/5/2019,1356.4,324.76,950.93
3/6/2019,1347.74,322.69,944.86
3/7/2019,1334.28,319.45,935.3
3/8/2019,1331.19,318.69,932.93
3/11/2019,1353.38,324,948.48
3/12/2019,1356.44,324.73,950.6
3/13/2019,1368.22,327.53,958.63
3/14/2019,1368.39,327.56,958.67
3/15/2019,1377.09,329.64,964.72
3/18/2019,1380.53,330.46,967.11
3/19/2019,1383.21,331.1,968.99
3/20/2019,1385.34,331.61,970.48
3/21/2019,1402.26,335.66,982.33
3/22/2019,1381.57,330.71,967.79
3/25/2019,1385.15,331.56,970.3
3/26/2019,1391.8,333.16,974.96
3/27/2019,1382.04,330.82,968.12
3/28/2019,1387.39,332.09,971.81
3/29/2019,1396.24,334.2,977.92
4/1/2019,1404.64,336.21,983.8
4/2/2019,1404.94,336.28,984.01
4/3/2019,1406.2,336.59,984.89
4/4/2019,1399.87,335.05,980.22
4/5/2019,1406.73,336.69,985.02
4/8/2019,1406.93,336.73,985.08
4/9/2019,1402.88,335.76,982.22
4/10/2019,1407.56,336.87,985.42
4/11/2019,1401.52,335.42,981.2
4/12/2019,1398.45,334.68,978.94
4/15/2019,1400.5,335.17,980.38
4/16/2019,1387.5,332.06,971.27
4/17/2019,1371.58,328.22,959.82
4/18/2019,1376.06,329.29,962.95
4/22/2019,1379.21,330.04,965.15
4/23/2019,1393.36,333.43,975.05
4/24/2019,1393.97,333.57,975.48
4/25/2019,1394.36,333.67,975.76
4/26/2019,1407.31,336.76,984.76
4/29/2019,1401.31,335.32,980.55
4/30/2019,1410.81,337.59,987.14
5/1/2019,1398.56,334.66,978.56
5/2/2019,1399.86,334.97,979.45
5/3/2019,1411.49,337.74,987.54
5/6/2019,1409.69,337.31,986.24
5/7/2019,1388.26,332.18,971.24
5/8/2019,1387.62,332.02,970.68
5/9/2019,1385.52,331.46,968.72
5/10/2019,1395.14,333.76,975.39
5/13/2019,1372.43,328.31,959.39
5/14/2019,1380.26,330.18,964.75
5/15/2019,1388.42,332.12,970.35
5/16/2019,1406.66,336.43,982.66
5/17/2019,1401.41,335.17,978.89
5/20/2019,1397.03,334.12,975.83
5/21/2019,1405.57,336.16,981.79
5/22/2019,1410.49,337.34,985.2
5/23/2019,1396.56,334.01,975.48
5/24/2019,1400.04,334.84,977.89
5/28/2019,1391.14,332.71,971.67
5/29/2019,1379.89,330.02,963.8
5/30/2019,1387.57,331.84,969.03
5/31/2019,1375.05,328.82,960.07
6/3/2019,1365.35,326.5,953.3
6/4/2019,1388.35,332,969.36
6/5/2019,1408.92,336.92,983.72
6/6/2019,1416.82,338.81,989.22
6/7/2019,1432.66,342.59,1000.19
6/10/2019,1434.27,342.97,1001.31
6/11/2019,1429.8,341.9,998.17
6/12/2019,1432.76,342.61,1000.23
6/13/2019,1431.53,342.31,999.29
6/14/2019,1432.17,342.4,999.19
6/17/2019,1435.18,343.12,1001.28
6/18/2019,1442.59,344.89,1006.37
6/19/2019,1454.79,347.8,1014.88
6/20/2019,1465.47,350.35,1022.32
6/21/2019,1461.77,349.47,1019.74
6/24/2019,1461.19,349.33,1019.33
6/25/2019,1446.49,345.82,1009.08
6/26/2019,1433.61,342.74,1000.09
6/27/2019,1440.44,344.36,1004.75
6/28/2019,1443.62,345.11,1006.89
7/1/2019,1453.68,347.52,1013.9
7/2/2019,1464.88,350.19,1021.72
7/3/2019,1480.18,353.83,1032.14
7/5/2019,1475.82,352.78,1029.09
7/8/2019,1472.54,351.99,1026.75
7/9/2019,1478,353.29,1030.52
7/10/2019,1488.26,355.75,1037.67
7/11/2019,1488.46,355.79,1037.81
7/12/2019,1487.78,355.62,1037.23
7/15/2019,1491,356.39,1039.47
7/16/2019,1485.38,355.05,1035.55
7/17/2019,1481.49,354.12,1032.84
7/18/2019,1485.43,355.03,1035.27
7/19/2019,1469.82,351.29,1024.34
7/22/2019,1473.33,352.13,1026.79
7/23/2019,1475.31,352.6,1028.17
7/24/2019,1477.06,353.02,1029.39
7/25/2019,1470.37,351.42,1024.72
7/26/2019,1479.22,353.54,1030.89
7/29/2019,1477.58,353.14,1029.75
7/30/2019,1471.58,351.71,1025.55
7/31/2019,1455.38,347.83,1014.2
8/1/2019,1451.26,346.8,1010.91
8/2/2019,1443.65,344.98,1005.57
8/5/2019,1404.56,335.63,978.29
8/6/2019,1427.49,341.11,994.19
8/7/2019,1429.92,341.67,995.77
8/8/2019,1455.12,347.69,1013.24
8/9/2019,1449.68,346.39,1009.45
8/12/2019,1434.49,342.76,998.87
8/13/2019,1451.96,346.93,1011
8/14/2019,1413.15,337.61,983.52
8/15/2019,1418.33,338.82,986.86
8/16/2019,1433.01,342.32,996.97
8/19/2019,1447.58,345.8,1007.11
8/20/2019,1435.45,342.9,998.67
8/21/2019,1448.43,346,1007.69
8/22/2019,1445.37,345.27,1005.57
8/23/2019,1415.62,338.16,984.85
8/26/2019,1433.47,342.42,997.27
8/27/2019,1429.73,341.53,994.67
8/28/2019,1436.45,343.12,999.23
8/29/2019,1451.26,346.64,1009.34
8/30/2019,1448.81,346.04,1007.53
9/3/2019,1449.51,346.21,1008.01
9/4/2019,1456.38,347.85,1012.79
9/5/2019,1467.1,350.41,1020.23
9/6/2019,1466.86,350.36,1020.07
9/9/2019,1451.94,346.78,1009.6
9/10/2019,1439.19,343.73,1000.71
9/11/2019,1444.8,345.07,1004.6
9/12/2019,1450.93,346.53,1008.8
9/13/2019,1447.02,345.54,1005.52
9/16/2019,1443.12,344.61,1002.79
9/17/2019,1452.84,346.93,1009.54
9/18/2019,1452.98,346.96,1009.64
9/19/2019,1455.93,347.66,1011.66
9/20/2019,1451.97,346.72,1008.9
9/23/2019,1454.33,347.28,1010.54
9/24/2019,1451.05,346.49,1008.26
9/25/2019,1454.6,347.34,1010.73
9/26/2019,1458.93,348.36,1013.61
9/27/2019,1445.89,345.23,1004.38
9/30/2019,1453.84,347.12,1009.78
10/1/2019,1440,343.81,1000.17
10/2/2019,1416.15,338.12,983.6
10/3/2019,1430.14,341.43,993.05
10/4/2019,1452.16,346.69,1008.32
10/7/2019,1443.85,344.7,1002.53
10/8/2019,1424.66,340.12,989.16
10/9/2019,1440.59,343.91,1000.19
10/10/2019,1444.14,344.76,1002.65
10/11/2019,1446.46,345.3,1004.16
10/14/2019,1443.37,344.57,1002.01
10/15/2019,1446,345.19,1003.84
10/16/2019,1444.26,344.77,1002.56
10/17/2019,1446.12,345.17,1003.39
10/18/2019,1444.12,344.69,1002
10/21/2019,1447.71,345.55,1004.48
10/22/2019,1429.59,341.22,991.9
10/23/2019,1431.72,341.73,993.39
10/24/2019,1441.72,344.12,1000.32
10/25/2019,1437.73,343.16,997.56
10/28/2019,1440.88,343.92,999.74
10/29/2019,1444.26,344.72,1002.09
10/30/2019,1456.01,347.53,1010.23
10/31/2019,1452.15,346.59,1007.42
11/1/2019,1449.05,345.85,1005.23
11/4/2019,1433.52,342.14,994.46
11/5/2019,1423.6,339.77,987.57
11/6/2019,1432.66,341.93,993.78
11/7/2019,1431.82,341.72,993.1
11/8/2019,1435.46,342.58,995.6
11/11/2019,1434.83,342.43,995.16
11/12/2019,1440.56,343.78,998.93
11/13/2019,1454.69,347.15,1008.7
11/14/2019,1456.38,347.54,1009.77
11/15/2019,1461.86,348.84,1013.47
11/18/2019,1465.76,349.77,1016.17
11/19/2019,1471.01,351.02,1019.82
11/20/2019,1470.46,350.85,1019.05
11/21/2019,1460.6,348.5,1012.18
11/22/2019,1458.38,347.96,1010.63
11/25/2019,1465.17,349.58,1015.34
11/26/2019,1479.33,352.96,1025.14
11/27/2019,1482.91,353.8,1027.48
11/29/2019,1479.69,353.01,1025.01
12/2/2019,1466.2,349.79,1015.67
12/3/2019,1465.02,349.51,1014.85
12/4/2019,1471.65,351.09,1019.45
12/5/2019,1472.32,351.23,1019.72
12/6/2019,1478.73,352.76,1024.16
12/9/2019,1474.85,351.83,1021.43
12/10/2019,1472.76,351.33,1019.96
12/11/2019,1475.13,351.9,1021.61
12/12/2019,1480.47,353.15,1025.11
12/13/2019,1488.1,354.91,1029.84
12/16/2019,1495.66,356.71,1035.05
12/17/2019,1493.48,356.19,1033.54
12/18/2019,1492.04,355.84,1032.48
12/19/2019,1502.6,358.36,1039.75
12/20/2019,1512.5,360.72,1046.6
12/23/2019,1507.4,359.5,1043.07
12/24/2019,1508.89,359.85,1044.06
12/26/2019,1512.94,360.79,1046.6
12/27/2019,1516.5,361.64,1049.02
12/30/2019,1507.38,359.45,1042.58
12/31/2019,1511.61,360.44,1045.32
1/2/2020,1518.64,362.09,1049.92
1/3/2020,1512.19,360.55,1045.46
1/6/2020,1514.24,361.04,1046.86
1/7/2020,1505.41,358.91,1040.52
1/8/2020,1514.68,361.11,1046.88
1/9/2020,1528.04,364.29,1056.07
1/10/2020,1527.08,364.06,1055.41
1/13/2020,1538.94,366.89,1063.61
1/14/2020,1536.22,366.23,1061.61
1/15/2020,1548.74,369.21,1070.19
1/16/2020,1562.15,372.4,1079.44
1/17/2020,1571.59,374.65,1085.96
1/21/2020,1574.75,375.41,1088.15
1/22/2020,1577.6,376.09,1090.12
1/23/2020,1578.89,376.35,1090.55
1/24/2020,1570.77,374.41,1084.94
1/27/2020,1555.47,370.76,1074.37
1/28/2020,1567.19,373.56,1082.47
1/29/2020,1565.61,373.18,1081.37
1/30/2020,1582.06,377.1,1092.71
1/31/2020,1555.92,370.86,1074.59
2/3/2020,1571.47,374.57,1085.32
2/4/2020,1589.8,378.94,1097.99
2/5/2020,1590.96,379.2,1098.65
2/6/2020,1597.93,380.85,1103.35
2/7/2020,1591.8,379.38,1099.06
2/10/2020,1608.13,383.27,1110.32
2/11/2020,1606.8,382.95,1109.4
2/12/2020,1611.2,384,1112.39
2/13/2020,1615.36,384.97,1115.09
2/14/2020,1626.51,387.62,1122.67
