date,tr,net_tr,snp_value
1/29/2010,2016.01,1070.05,513.83
2/1/2010,2043.67,1084.73,520.88
2/2/2010,2072.82,1100.2,528.31
2/3/2010,2056.13,1091.16,523.78
2/4/2010,1991.2,1056.69,507.22
2/5/2010,1994.32,1058.35,508.01
2/8/2010,1975.08,1048.06,502.98
2/9/2010,1998.23,1060.33,508.86
2/10/2010,1996.8,1059.48,508.34
2/11/2010,2011.8,1067.39,512.08
2/12/2010,2005.02,1063.68,510.17
2/16/2010,2044.33,1084.52,520.15
2/17/2010,2052.36,1088.73,522.12
2/18/2010,2064.08,1094.9,525.02
2/19/2010,2071.75,1098.92,526.9
2/22/2010,2075.68,1101,527.89
2/23/2010,2050.17,1087.47,521.4
2/24/2010,2073.28,1099.64,527.14
2/25/2010,2068.55,1097,525.72
2/26/2010,2071.55,1098.58,526.47
3/1/2010,2088.5,1107.55,530.75
3/2/2010,2093.8,1110.36,532.1
3/3/2010,2093.85,1110.36,532.07
3/4/2010,2102.66,1115.03,534.3
3/5/2010,2133.2,1131.2,542.03
3/8/2010,2133.78,1131.43,542.05
3/9/2010,2136.82,1133.01,542.77
3/10/2010,2148.03,1138.89,545.51
3/11/2010,2158.38,1144.28,547.99
3/12/2010,2155.56,1142.79,547.27
3/15/2010,2159.78,1145.02,548.34
3/16/2010,2180.32,1155.9,553.54
3/17/2010,2195.2,1163.78,557.31
3/18/2010,2193.89,1163.08,556.96
3/19/2010,2182.54,1157.07,554.08
3/22/2010,2193.44,1162.83,556.83
3/23/2010,2212.08,1172.66,561.48
3/24/2010,2202.37,1167.51,559.02
3/25/2010,2198.9,1165.68,558.14
3/26/2010,2201.88,1167.26,558.89
3/29/2010,2213.52,1173.33,561.69
3/30/2010,2209.92,1171.37,560.71
3/31/2010,2203.46,1167.94,559.06
4/1/2010,2221.8,1177.65,563.68
4/5/2010,2238.59,1186.52,567.9
4/6/2010,2245.68,1190.28,569.7
4/7/2010,2233.45,1183.6,566.29
4/8/2010,2243.23,1188.77,568.74
4/9/2010,2257.18,1196.16,572.27
4/12/2010,2263.01,1199.25,573.75
4/13/2010,2263.17,1199.31,573.76
4/14/2010,2293.03,1215.14,581.33
4/15/2010,2293.57,1215.42,581.46
4/16/2010,2251.03,1192.88,570.68
4/19/2010,2264.27,1199.88,574.02
4/20/2010,2284.61,1210.66,579.18
4/21/2010,2278.98,1207.67,577.74
4/22/2010,2284.15,1210.41,579.04
4/23/2010,2300.68,1219.17,583.23
4/26/2010,2285.25,1210.99,579.32
4/27/2010,2228.14,1180.72,564.83
4/28/2010,2248.38,1191.36,569.83
4/29/2010,2282.16,1209.23,578.34
4/30/2010,2244.92,1189.49,568.9
5/3/2010,2276.56,1206.26,576.92
5/4/2010,2224.92,1178.9,563.83
5/5/2010,2212.05,1171.89,560.27
5/6/2010,2135.89,1131.51,540.93
5/7/2010,2108.44,1116.97,533.98
5/10/2010,2198.74,1164.78,556.81
5/11/2010,2194.72,1162.59,555.69
5/12/2010,2220.1,1175.9,561.9
5/13/2010,2193.12,1161.58,555.03
5/14/2010,2152.07,1139.84,544.64
5/17/2010,2155.55,1141.57,545.34
5/18/2010,2121.7,1123.62,536.73
5/19/2010,2114.79,1119.91,534.91
5/20/2010,2029.43,1074.65,513.23
5/21/2010,2064.33,1093.13,522.05
5/24/2010,2031.79,1075.89,513.81
5/25/2010,2033.63,1076.86,514.27
5/26/2010,2026.38,1072.95,512.33
5/27/2010,2094.41,1108.84,529.31
5/28/2010,2067.06,1094.35,522.39
6/1/2010,2029.84,1074.62,512.94
6/2/2010,2082.09,1102.25,526.09
6/3/2010,2085.51,1104.05,526.94
6/4/2010,2012.66,1065.47,508.51
6/7/2010,1984.23,1050.39,501.29
6/8/2010,2009.71,1063.82,507.63
6/9/2010,1999.03,1058.15,504.9
6/10/2010,2057.68,1089.19,519.71
6/11/2010,2063.43,1092.15,521.02
6/14/2010,2058.65,1089.61,519.8
6/15/2010,2105.45,1114.37,531.61
6/16/2010,2101.55,1112.3,530.61
6/17/2010,2105.08,1114.09,531.38
6/18/2010,2108.35,1115.82,532.2
6/21/2010,2101.09,1111.98,530.36
6/22/2010,2065.48,1093.08,521.29
6/23/2010,2058.97,1089.61,519.62
6/24/2010,2022.91,1070.53,510.52
6/25/2010,2032.45,1075.58,512.93
6/28/2010,2029.16,1073.74,511.95
6/29/2010,1968.37,1041.56,496.58
6/30/2010,1948.52,1031.02,491.52
7/1/2010,1940.21,1026.6,489.38
7/2/2010,1929.1,1020.7,486.55
7/6/2010,1939.92,1026.42,489.28
7/7/2010,2001.87,1059.01,504.6
7/8/2010,2020.91,1069.07,509.37
7/9/2010,2037.96,1078.08,513.67
7/12/2010,2039.19,1078.73,513.97
7/13/2010,2075.1,1097.71,522.99
7/14/2010,2070.06,1095.04,521.72
7/15/2010,2072.75,1096.47,522.4
7/16/2010,2009.76,1063.14,506.52
7/19/2010,2020.73,1068.94,509.27
7/20/2010,2041.23,1079.77,514.42
7/21/2010,2014.44,1065.55,507.58
7/22/2010,2060.57,1089.94,519.2
7/23/2010,2078.27,1099.3,523.65
7/26/2010,2106.8,1114.39,530.84
7/27/2010,2108.18,1115.11,531.18
7/28/2010,2093.28,1107.2,527.38
7/29/2010,2085.94,1103.23,525.39
7/30/2010,2086.54,1103.55,525.54
8/2/2010,2132.63,1127.93,537.15
8/3/2010,2121.16,1121.86,534.26
8/4/2010,2131.28,1127.02,536.51
8/5/2010,2128.93,1125.77,535.9
8/6/2010,2120.49,1121.29,533.75
8/9/2010,2131.27,1126.98,536.45
8/10/2010,2118.51,1120.23,533.22
8/11/2010,2057.26,1087.64,517.5
8/12/2010,2051.08,1084.32,515.86
8/13/2010,2044.28,1080.72,514.14
8/16/2010,2043.14,1080.09,513.81
8/17/2010,2065.65,1091.88,519.29
8/18/2010,2069.95,1094.12,520.32
8/19/2010,2031.22,1073.65,510.58
8/20/2010,2022.53,1069.05,508.39
8/23/2010,2016.77,1066,506.94
8/24/2010,1990.28,1051.99,500.27
8/25/2010,1996.14,1055.05,501.68
8/26/2010,1981.87,1047.5,498.07
8/27/2010,2016.17,1065.53,506.54
8/30/2010,1984.27,1048.6,498.42
8/31/2010,1988.99,1051.07,499.56
9/1/2010,2049.97,1083.28,514.86
9/2/2010,2068.79,1093.19,519.53
9/3/2010,2095.22,1107.15,526.16
9/7/2010,2066.16,1091.77,518.81
9/8/2010,2079.77,1098.87,522.08
9/9/2010,2094.46,1106.62,525.77
9/10/2010,2102.93,1111.09,527.88
9/13/2010,2127.03,1123.73,533.79
9/14/2010,2121.59,1120.86,532.42
9/15/2010,2127.95,1124.21,534
9/16/2010,2124.38,1122.22,532.95
9/17/2010,2121.55,1120.73,532.24
9/20/2010,2155.67,1138.74,540.78
9/21/2010,2148.07,1134.72,538.86
9/22/2010,2135.12,1127.83,535.54
9/23/2010,2111.42,1115.31,529.59
9/24/2010,2157.42,1139.61,541.13
9/27/2010,2142.84,1131.9,537.46
9/28/2010,2155.37,1138.42,540.45
9/29/2010,2147.53,1134.23,538.4
9/30/2010,2142.96,1131.81,537.25
10/1/2010,2155.48,1138.41,540.37
10/4/2010,2140.61,1130.53,536.59
10/5/2010,2184.98,1153.96,547.71
10/6/2010,2187.65,1155.16,548.05
10/7/2010,2184.62,1153.56,547.29
10/8/2010,2194.69,1158.87,549.81
10/11/2010,2195.06,1159.07,549.9
10/12/2010,2203.48,1163.51,552.01
10/13/2010,2213.1,1168.56,554.37
10/14/2010,2198.89,1161.06,550.81
10/15/2010,2186.96,1154.76,547.82
10/18/2010,2207.31,1165.5,552.9
10/19/2010,2175.33,1148.61,544.89
10/20/2010,2200.47,1161.82,551.09
10/21/2010,2203.13,1163.22,551.75
10/22/2010,2204.71,1164.06,552.15
10/25/2010,2207.04,1165.29,552.73
10/26/2010,2205.99,1164.73,552.46
10/27/2010,2198.24,1160.55,550.39
10/28/2010,2202.29,1162.65,551.33
10/29/2010,2198.45,1160.62,550.37
11/1/2010,2196.61,1159.65,549.91
11/2/2010,2208.49,1165.92,552.88
11/3/2010,2220.53,1172.19,555.76
11/4/2010,2267.8,1197.03,567.42
11/5/2010,2282.89,1204.96,571.13
11/8/2010,2275.29,1200.91,569.18
11/9/2010,2252.8,1188.91,563.34
11/10/2010,2263.69,1194.58,565.94
11/11/2010,2255.79,1190.41,563.96
11/12/2010,2233.78,1178.78,558.44
11/15/2010,2234.07,1178.9,558.46
11/16/2010,2200.54,1161.1,549.91
11/17/2010,2197.54,1159.48,549.09
11/18/2010,2227.38,1175.21,556.54
11/19/2010,2230.99,1177.1,557.42
11/22/2010,2220.42,1171.52,554.76
11/23/2010,2189.4,1155.13,546.98
11/24/2010,2217.87,1170.12,554.05
11/26/2010,2200.38,1160.8,549.52
11/29/2010,2200.57,1160.82,549.45
11/30/2010,2188.27,1154.3,546.33
12/1/2010,2235.85,1179.36,558.15
12/2/2010,2268.89,1196.79,566.4
12/3/2010,2274.82,1199.89,567.84
12/6/2010,2271.09,1197.91,566.89
12/7/2010,2276.06,1200.52,568.11
12/8/2010,2288.94,1207.19,571.12
12/9/2010,2303.72,1214.92,574.71
12/10/2010,2320.31,1223.67,578.85
12/13/2010,2320.23,1223.57,578.75
12/14/2010,2322.11,1224.56,579.2
12/15/2010,2307.94,1217.08,575.66
12/16/2010,2324.79,1225.95,579.84
12/17/2010,2325.7,1226.43,580.07
12/20/2010,2331.7,1229.58,581.55
12/21/2010,2350.01,1239.21,586.07
12/22/2010,2365,1247.01,589.64
12/23/2010,2361.53,1245.14,588.72
12/27/2010,2365.9,1247.44,589.8
12/28/2010,2370.15,1249.69,590.86
12/29/2010,2370.36,1249.71,590.78
12/30/2010,2366.87,1247.86,589.89
12/31/2010,2368.21,1248.57,590.22
1/3/2011,2399.57,1265.09,598.03
1/4/2011,2402.48,1266.61,598.73
1/5/2011,2414.94,1273.13,601.76
1/6/2011,2409.14,1269.9,600.03
1/7/2011,2403.66,1267.01,598.67
1/10/2011,2398.45,1264.26,597.37
1/11/2011,2409.67,1270.17,600.17
1/12/2011,2435.08,1283.56,606.48
1/13/2011,2429.52,1280.63,605.1
1/14/2011,2452.3,1292.63,610.75
1/18/2011,2450.82,1291.84,610.37
1/19/2011,2421.29,1276.21,602.92
1/20/2011,2424.83,1278.08,603.8
1/21/2011,2442.19,1287.23,608.12
1/24/2011,2450.54,1291.63,610.2
1/25/2011,2450.83,1291.76,610.25
1/26/2011,2458.5,1295.78,612.12
1/27/2011,2467.75,1300.63,614.38
1/28/2011,2426.85,1279.06,604.17
1/31/2011,2444.79,1288.52,608.64
2/1/2011,2492.59,1313.71,620.54
2/2/2011,2483,1308.52,617.95
2/3/2011,2490.76,1312.56,619.79
2/4/2011,2493.03,1313.75,620.35
2/7/2011,2511.48,1323.47,624.94
2/8/2011,2521.17,1328.39,627.06
2/9/2011,2511.17,1323.07,624.49
2/10/2011,2511.25,1323.08,624.46
2/11/2011,2525.92,1330.76,628.03
2/14/2011,2533.62,1334.68,629.73
2/15/2011,2524.4,1329.81,627.43
2/16/2011,2541.7,1338.87,631.63
2/17/2011,2552.71,1344.6,634.26
2/18/2011,2560.78,1348.85,636.26
2/22/2011,2511.51,1322.89,624.01
2/23/2011,2500.97,1317.33,621.38
2/24/2011,2494.07,1313.54,619.42
2/25/2011,2516.73,1325.39,624.91
2/28/2011,2534.96,1334.95,629.38
3/1/2011,2494.42,1313.6,619.31
3/2/2011,2495.12,1313.92,619.42
3/3/2011,2536.79,1335.86,629.75
3/4/2011,2514.67,1324.21,624.25
3/7/2011,2497.71,1315.26,620.02
3/8/2011,2526.27,1330.19,626.92
3/9/2011,2527.23,1330.6,627.02
3/10/2011,2476.43,1303.85,614.42
3/11/2011,2495.4,1313.76,619
3/14/2011,2479.86,1305.57,615.12
3/15/2011,2451.52,1290.65,608.09
3/16/2011,2405.45,1266.37,596.63
3/17/2011,2441.35,1285.26,605.52
3/18/2011,2456.82,1293.41,609.36
3/21/2011,2490.37,1311.06,617.67
3/22/2011,2480.02,1305.6,615.08
3/23/2011,2482.95,1307.14,615.81
3/24/2011,2501.52,1316.92,620.41
3/25/2011,2509.52,1321.13,622.4
3/28/2011,2502.83,1317.61,620.74
3/29/2011,2517.84,1325.41,624.3
3/30/2011,2537.43,1335.66,629.07
3/31/2011,2529.36,1331.42,627.07
4/1/2011,2544.65,1339.46,630.85
4/4/2011,2546.89,1340.57,631.29
4/5/2011,2548.15,1341.22,631.59
4/6/2011,2558.87,1346.67,633.94
4/7/2011,2554.01,1344.09,632.71
4/8/2011,2542.9,1338.24,629.95
4/11/2011,2534.6,1333.87,627.9
4/12/2011,2514.55,1323.32,622.92
4/13/2011,2508.64,1320.21,621.46
4/14/2011,2507.17,1319.42,621.07
4/15/2011,2519.81,1326.07,624.2
4/18/2011,2488.5,1309.58,616.43
4/19/2011,2502.64,1317.01,619.91
4/20/2011,2530.82,1331.83,626.87
4/21/2011,2539,1336.13,628.9
4/25/2011,2534.81,1333.92,627.85
4/26/2011,2558.89,1346.59,633.82
4/27/2011,2576.41,1355.72,638.02
4/28/2011,2586.79,1361.16,640.54
4/29/2011,2593.43,1364.65,642.19
5/2/2011,2585.66,1360.57,640.26
5/3/2011,2577.25,1356.14,638.18
5/4/2011,2558.37,1346.12,633.38
5/5/2011,2531.31,1331.87,626.65
5/6/2011,2541.92,1337.43,629.24
5/9/2011,2551.8,1342.63,631.69
5/10/2011,2572.66,1353.59,636.83
5/11/2011,2542.83,1337.53,628.87
5/12/2011,2550.14,1341.31,630.58
5/13/2011,2529.42,1330.4,625.44
5/16/2011,2519.56,1325.17,622.94
5/17/2011,2520.61,1325.61,623.02
5/18/2011,2541.89,1336.73,628.16
5/19/2011,2547.04,1339.37,629.33
5/20/2011,2523.76,1327.13,623.58
5/23/2011,2494.67,1311.83,616.38
5/24/2011,2492.34,1310.6,615.8
5/25/2011,2499.78,1314.5,617.62
5/26/2011,2507.51,1318.46,619.37
5/27/2011,2520.57,1325.26,622.49
5/31/2011,2545.99,1338.61,628.75
6/1/2011,2484.15,1306.07,613.44
6/2/2011,2479.86,1303.8,612.35
6/3/2011,2459.19,1292.92,607.22
6/6/2011,2428.14,1276.58,599.54
6/7/2011,2425.4,1275.12,598.83
6/8/2011,2417.19,1270.69,596.63
6/9/2011,2437.98,1281.62,601.76
6/10/2011,2406.91,1265.28,594.08
6/13/2011,2412.59,1268.18,595.35
6/14/2011,2439.9,1282.51,602.04
6/15/2011,2395.04,1258.92,590.96
6/16/2011,2406.17,1264.65,593.52
6/17/2011,2416.03,1269.83,595.95
6/20/2011,2427.68,1275.95,598.82
6/21/2011,2457.06,1291.38,606.05
6/22/2011,2441.15,1283,602.09
6/23/2011,2427.68,1275.92,598.76
6/24/2011,2399.32,1261.01,591.77
6/27/2011,2418.83,1271.27,596.58
6/28/2011,2444.94,1284.88,602.85
6/29/2011,2469.37,1297.66,608.77
6/30/2011,2492.16,1309.63,614.39
7/1/2011,2527.84,1328.3,623.07
7/5/2011,2516.54,1322.35,620.26
7/6/2011,2514.3,1321,619.43
7/7/2011,2539.93,1334.43,625.7
7/8/2011,2517.51,1322.66,620.18
7/11/2011,2469.44,1297.4,608.34
7/12/2011,2461.72,1293.34,606.43
7/13/2011,2469.14,1297.24,608.25
7/14/2011,2455.01,1289.8,604.75
7/15/2011,2459.82,1292.33,605.94
7/18/2011,2436.35,1279.98,600.12
7/19/2011,2466.74,1295.94,607.61
7/20/2011,2473.02,1299.18,609.06
7/21/2011,2515.14,1321.24,619.33
7/22/2011,2509.26,1318.15,617.88
7/25/2011,2493.01,1309.61,613.88
7/26/2011,2479.58,1302.56,610.57
7/27/2011,2432.89,1278,599.02
7/28/2011,2420.64,1271.52,595.93
7/29/2011,2403.32,1262.42,591.67
8/1/2011,2395.42,1258.27,589.72
8/2/2011,2332.77,1225.36,574.3
8/3/2011,2340.54,1229.24,575.9
8/4/2011,2226.66,1169.42,547.86
8/5/2011,2223.74,1167.88,547.13
8/8/2011,2060.38,1082.06,506.9
8/9/2011,2164.32,1136.64,532.46
8/10/2011,2061.32,1082.28,506.71
8/11/2011,2163.68,1135.97,531.78
8/12/2011,2168.29,1138.38,532.9
8/15/2011,2226.77,1169.05,547.22
8/16/2011,2205.49,1157.86,541.96
8/17/2011,2212.52,1161.4,543.45
8/18/2011,2117.29,1111.39,520.03
8/19/2011,2087.55,1095.78,512.72
8/22/2011,2081.38,1092.54,511.2
8/23/2011,2148.24,1127.63,527.62
8/24/2011,2181.96,1145.29,535.83
8/25/2011,2149.92,1128.45,527.94
8/26/2011,2174.44,1141.28,533.9
8/29/2011,2240.62,1175.96,550.06
8/30/2011,2240.72,1175.92,549.94
8/31/2011,2254.84,1183.31,553.38
9/1/2011,2225.86,1168.08,546.23
9/2/2011,2164.42,1135.82,531.12
9/6/2011,2140.6,1123.31,525.27
9/7/2011,2210.14,1159.7,542.16
9/8/2011,2181.72,1144.77,535.16
9/9/2011,2122.5,1113.69,520.63
9/12/2011,2137.32,1121.45,524.24
9/13/2011,2154.96,1130.61,528.42
9/14/2011,2182.64,1145.13,535.21
9/15/2011,2224.3,1166.87,545.23
9/16/2011,2233.66,1171.78,547.52
9/19/2011,2202.07,1155.2,539.77
9/20/2011,2199.29,1153.72,539.06
9/21/2011,2124.81,1114.64,520.79
9/22/2011,2057.27,1079.21,504.23
9/23/2011,2070.54,1086.17,507.49
9/26/2011,2129.1,1116.89,521.84
9/27/2011,2150.51,1128.11,527.08
9/28/2011,2103.92,1103.56,515.48
9/29/2011,2138.64,1121.75,523.95
9/30/2011,2085.9,1094.08,511.02
10/3/2011,2020.43,1059.74,494.97
10/4/2011,2070.58,1085.96,507.13
10/5/2011,2107.44,1105.09,515.85
10/6/2011,2147.44,1126.02,525.57
10/7/2011,2123.8,1113.63,519.79
10/10/2011,2199.33,1153.23,538.27
10/11/2011,2197.29,1152.15,537.76
10/12/2011,2224.67,1166.49,544.42
10/13/2011,2206.92,1157.12,539.98
10/14/2011,2241.92,1175.46,548.54
10/17/2011,2199.43,1153.16,538.11
10/18/2011,2258.19,1183.97,552.49
10/19/2011,2237.29,1172.95,547.27
10/20/2011,2254.08,1181.74,551.36
10/21/2011,2297.34,1204.42,561.94
10/24/2011,2322.75,1217.74,568.16
10/25/2011,2275.27,1192.85,556.54
10/26/2011,2308.55,1210.29,564.68
10/27/2011,2394.62,1255.38,585.68
10/28/2011,2390.52,1253.22,584.66
10/31/2011,2321.88,1217.23,567.87
11/1/2011,2250.11,1179.61,550.32
11/2/2011,2293.17,1202.15,560.79
11/3/2011,2334.08,1223.51,570.66
11/4/2011,2318.07,1215.11,566.74
11/7/2011,2334.87,1223.86,570.76
11/8/2011,2365.2,1239.4,577.62
11/9/2011,2275.08,1192.13,555.54
11/10/2011,2299.84,1205.06,561.52
11/11/2011,2343.34,1227.86,572.14
11/14/2011,2316.33,1213.65,565.45
11/15/2011,2320.74,1215.94,566.5
11/16/2011,2279.04,1193.92,556.06
11/17/2011,2245.96,1176.58,547.98
11/18/2011,2249.25,1178.26,548.71
11/21/2011,2206.2,1155.71,538.2
11/22/2011,2191.06,1147.74,534.45
11/23/2011,2141.23,1121.62,522.28
11/25/2011,2138.99,1120.41,521.66
11/28/2011,2197.78,1151.14,535.91
11/29/2011,2209.31,1157.08,538.57
11/30/2011,2314.56,1212.18,564.19
12/1/2011,2304.35,1206.83,561.69
12/2/2011,2308.89,1209.19,562.78
12/5/2011,2335.95,1223.34,569.34
12/6/2011,2341.68,1226.34,570.73
12/7/2011,2351.35,1231.24,572.83
12/8/2011,2293.52,1200.95,558.73
12/9/2011,2334.43,1222.36,568.69
12/12/2011,2294.76,1201.58,559
12/13/2011,2278.45,1192.98,554.94
12/14/2011,2256.46,1181.43,549.53
12/15/2011,2267.75,1187.31,552.23
12/16/2011,2276.31,1191.79,554.31
12/19/2011,2239.92,1172.73,545.44
12/20/2011,2312.33,1210.62,563.04
12/21/2011,2326.28,1217.91,566.41
12/22/2011,2355.28,1232.92,573.2
12/23/2011,2376.13,1243.83,578.27
12/27/2011,2371.01,1241.14,577.01
12/28/2011,2338.52,1224.01,568.91
12/29/2011,2367.15,1238.98,575.85
12/30/2011,2356.74,1233.49,573.26
1/3/2012,2402,1257.16,584.24
1/4/2012,2403.2,1257.67,584.35
1/5/2012,2413.33,1262.97,586.81
1/6/2012,2407.13,1259.49,584.93
1/9/2012,2418.03,1265.19,587.58
1/10/2012,2444.61,1279.08,594.02
1/11/2012,2451.94,1282.9,595.77
1/12/2012,2459.86,1287.03,597.67
1/13/2012,2443.34,1278.39,593.66
1/17/2012,2445.43,1279.48,594.16
1/18/2012,2477.16,1296.04,601.81
1/19/2012,2489.83,1302.65,604.86
1/20/2012,2497.26,1306.54,606.67
1/23/2012,2498.41,1307.13,606.93
1/24/2012,2494.07,1304.84,605.84
1/25/2012,2507.81,1312.01,609.16
1/26/2012,2489.32,1302.31,604.63
1/27/2012,2484.61,1299.81,603.43
1/30/2012,2473.56,1294.02,600.72
1/31/2012,2472.46,1293.44,600.45
2/1/2012,2501.1,1308.25,607.14
2/2/2012,2503.82,1309.63,607.74
2/3/2012,2548.34,1332.86,618.46
2/6/2012,2546.01,1331.64,617.89
2/7/2012,2549.39,1333.4,618.69
2/8/2012,2559.3,1338.47,620.92
2/9/2012,2557.28,1337.4,620.42
2/10/2012,2536.35,1326.44,615.32
2/13/2012,2554.07,1335.62,619.48
2/14/2012,2545.43,1331.03,617.27
2/15/2012,2535.46,1325.68,614.64
2/16/2012,2570.92,1344.15,623.13
2/17/2012,2582.15,1350.02,625.85
2/21/2012,2582.12,1349.99,625.82
2/22/2012,2565.6,1341.33,621.78
2/23/2012,2577.29,1347.29,624.38
2/24/2012,2575.72,1346.47,624
2/27/2012,2583.25,1350.36,625.76
2/28/2012,2589.74,1353.71,627.25
2/29/2012,2575.52,1346.24,623.76
3/1/2012,2595.82,1356.83,628.64
3/2/2012,2584.7,1350.98,625.89
3/5/2012,2574.29,1345.53,623.35
3/6/2012,2528.06,1321.35,612.13
3/7/2012,2551.43,1333.43,617.58
3/8/2012,2577.44,1346.97,623.8
3/9/2012,2589.89,1353.48,626.82
3/12/2012,2588.25,1352.58,626.35
3/13/2012,2645.75,1382.51,640.09
3/14/2012,2638.12,1378.51,638.22
3/15/2012,2661.22,1390.56,643.79
3/16/2012,2665.19,1392.64,644.75
3/19/2012,2672.11,1396.25,646.42
3/20/2012,2665.89,1392.99,644.89
3/21/2012,2660.02,1389.91,643.45
3/22/2012,2634.99,1376.78,637.32
3/23/2012,2648.18,1383.67,640.51
3/26/2012,2684.14,1402.46,649.21
3/27/2012,2671.81,1396.02,646.22
3/28/2012,2658.71,1389.03,642.83
3/29/2012,2649.93,1384.42,640.68
3/30/2012,2662.34,1390.91,643.68
4/2/2012,2679.68,1399.92,647.8
4/3/2012,2662.26,1390.66,643.34
4/4/2012,2632.58,1375.14,636.15
4/5/2012,2623.53,1370.16,633.57
4/9/2012,2588.71,1351.98,625.16
4/10/2012,2540.22,1326.65,613.45
4/11/2012,2565,1339.56,619.38
4/12/2012,2606.67,1361.31,629.44
4/13/2012,2568.6,1341.42,620.22
4/16/2012,2577.82,1346.23,622.45
4/17/2012,2614.75,1365.51,631.36
4/18/2012,2601.41,1358.54,628.13
4/19/2012,2591.1,1353.13,625.6
4/20/2012,2593.45,1354.36,626.17
4/23/2012,2571.13,1342.69,620.76
4/24/2012,2589.86,1352.47,625.28
4/25/2012,2611.21,1363.59,630.38
4/26/2012,2632.68,1374.76,635.5
4/27/2012,2635.45,1376.19,636.16
4/30/2012,2626.96,1371.75,634.08
5/1/2012,2647.72,1382.58,639.09
5/2/2012,2632.59,1374.59,635.29
5/3/2012,2610.79,1363.12,629.89
5/4/2012,2570.72,1342.18,620.21
5/7/2012,2573.66,1343.71,620.91
5/8/2012,2561.65,1337.41,617.96
5/9/2012,2545.6,1328.85,613.81
5/10/2012,2555.1,1333.73,615.98
5/11/2012,2539.55,1325.56,612.15
5/14/2012,2508.18,1309.15,604.53
5/15/2012,2488.47,1298.78,599.66
5/16/2012,2475.64,1291.95,596.36
5/17/2012,2441.18,1273.88,587.93
5/18/2012,2424.81,1265.34,583.98
5/21/2012,2452.67,1279.87,590.67
5/22/2012,2458.01,1282.63,591.93
5/23/2012,2457.48,1282.33,591.77
5/24/2012,2463.96,1285.7,593.31
5/25/2012,2462.26,1284.81,592.9
5/29/2012,2492.09,1300.3,599.96
5/30/2012,2450.95,1278.76,589.94
5/31/2012,2451.64,1279.11,590.09
6/1/2012,2387.81,1245.77,574.68
6/4/2012,2380.65,1242.03,572.94
6/5/2012,2400.68,1252.48,577.76
6/6/2012,2461.95,1284.33,592.33
6/7/2012,2461.33,1283.98,592.13
6/8/2012,2484.27,1295.94,597.65
6/11/2012,2451.16,1278.64,589.64
6/12/2012,2484.08,1295.8,597.55
6/13/2012,2467.25,1286.91,593.32
6/14/2012,2498.75,1303.33,600.88
6/15/2012,2525.1,1317.07,607.21
6/18/2012,2519.92,1314.36,605.95
6/19/2012,2548.22,1329.1,612.73
6/20/2012,2547.66,1328.8,612.57
6/21/2012,2492.33,1299.81,599.07
6/22/2012,2508.88,1308.44,603.04
6/25/2012,2465.41,1285.76,592.58
6/26/2012,2478.18,1292.42,595.65
6/27/2012,2505.77,1306.67,602.08
6/28/2012,2504.81,1306.14,601.8
6/29/2012,2567,1338.54,616.69
7/2/2012,2572.09,1341.15,617.84
7/3/2012,2585.38,1347.93,620.82
7/5/2012,2563.04,1336.29,615.45
7/6/2012,2541.31,1324.71,609.86
7/9/2012,2533.16,1320.46,607.89
7/10/2012,2512.12,1309.49,602.84
7/11/2012,2518.48,1312.78,604.33
7/12/2012,2500.44,1303.37,599.99
7/13/2012,2547.92,1328.1,611.36
7/16/2012,2541.88,1324.96,609.92
7/17/2012,2563.74,1336.35,615.16
7/18/2012,2577.88,1343.68,618.5
7/19/2012,2574.15,1341.65,617.47
7/20/2012,2548.68,1328.38,611.36
7/23/2012,2527.08,1317.11,606.15
7/24/2012,2505.09,1305.64,600.88
7/25/2012,2509.92,1308.14,602.01
7/26/2012,2553.54,1330.86,612.45
7/27/2012,2601.24,1355.69,623.84
7/30/2012,2598.12,1354.04,623.06
7/31/2012,2589.12,1349.35,620.9
8/1/2012,2582.17,1345.59,619.01
8/2/2012,2560.59,1334.3,613.78
8/3/2012,2613.51,1361.82,626.37
8/6/2012,2620.92,1365.67,628.13
8/7/2012,2635.75,1373.39,631.67
8/8/2012,2642.7,1376.85,633.1
8/9/2012,2646.34,1378.67,633.86
8/10/2012,2651.45,1381.31,635.04
8/13/2012,2645.26,1377.99,633.42
8/14/2012,2642.7,1376.58,632.69
8/15/2012,2646.23,1378.25,633.27
8/16/2012,2666.27,1388.68,638.05
8/17/2012,2669.32,1390.26,638.77
8/20/2012,2669.68,1390.44,638.85
8/21/2012,2664.27,1387.61,637.53
8/22/2012,2659.67,1385.19,636.4
8/23/2012,2636.72,1373.23,630.88
8/24/2012,2652.72,1381.55,634.69
8/27/2012,2649.1,1379.66,633.82
8/28/2012,2646.11,1378.06,633.04
8/29/2012,2651.48,1380.75,634.17
8/30/2012,2632.54,1370.88,629.62
8/31/2012,2645.76,1377.75,632.77
9/4/2012,2641.37,1375.46,631.71
9/5/2012,2642.42,1375.93,631.85
9/6/2012,2703.17,1407.49,646.26
9/7/2012,2717.49,1414.92,649.63
9/10/2012,2702.3,1406.96,645.94
9/11/2012,2716.03,1414.11,649.21
9/12/2012,2723.78,1418.05,650.92
9/13/2012,2771.77,1442.98,662.31
9/14/2012,2782.88,1448.77,664.97
9/17/2012,2763.56,1438.68,660.31
9/18/2012,2756.51,1435,658.61
9/19/2012,2762.1,1437.9,659.93
9/20/2012,2761.96,1437.7,659.7
9/21/2012,2761.48,1437.45,659.58
9/24/2012,2759.39,1436.36,659.08
9/25/2012,2728.51,1420.29,651.7
9/26/2012,2713.51,1412.33,647.9
9/27/2012,2739.02,1425.56,653.92
9/28/2012,2728.62,1420.15,651.44
10/1/2012,2736.53,1424.22,653.26
10/2/2012,2740.69,1426.33,654.16
10/3/2012,2750.59,1431.34,656.31
10/4/2012,2776.98,1445.07,662.59
10/5/2012,2780.43,1446.61,663.04
10/8/2012,2773.83,1443.18,661.47
10/9/2012,2749.23,1430.37,655.58
10/10/2012,2732.34,1421.57,651.53
10/11/2012,2736.99,1423.89,652.49
10/12/2012,2721.16,1415.63,648.69
10/15/2012,2744.17,1427.61,654.17
10/16/2012,2769.71,1440.89,660.26
10/17/2012,2793.94,1453.47,665.99
10/18/2012,2797.97,1455.54,666.91
10/19/2012,2755.26,1433.32,656.73
10/22/2012,2751.64,1431.42,655.84
10/23/2012,2709.36,1409.43,645.77
10/24/2012,2701.78,1405.48,643.96
10/25/2012,2712.13,1410.85,646.4
10/26/2012,2706.05,1407.68,644.95
10/31/2012,2710.21,1409.77,645.82
11/1/2012,2741.71,1426.12,653.27
11/2/2012,2718.5,1414.04,647.73
11/5/2012,2721.7,1415.64,648.4
11/6/2012,2747.68,1429.14,654.57
11/7/2012,2677.05,1392,637.12
11/8/2012,2649.63,1377.74,630.59
11/9/2012,2649.78,1377.8,630.6
11/12/2012,2647.98,1376.86,630.17
11/13/2012,2636.42,1370.71,627.21
11/14/2012,2598.22,1350.68,617.86
11/15/2012,2594.8,1348.88,617.02
11/16/2012,2607.14,1355.23,619.84
11/19/2012,2656.07,1380.62,631.41
11/20/2012,2660.09,1382.68,632.32
11/21/2012,2666.25,1385.87,633.76
11/23/2012,2700.93,1403.89,642
11/26/2012,2694.16,1400.35,640.36
11/27/2012,2678.06,1391.91,636.42
11/28/2012,2700.91,1403.68,641.69
11/29/2012,2712.35,1409.6,644.38
11/30/2012,2714.59,1410.77,644.91
12/3/2012,2701.74,1404.08,641.85
12/4/2012,2698.51,1402.4,641.08
12/5/2012,2718.37,1412.64,645.66
12/6/2012,2725.84,1416.34,647.17
12/7/2012,2740.1,1423.71,650.49
12/10/2012,2741.49,1424.4,650.77
12/11/2012,2755.45,1431.65,654.09
12/12/2012,2762.74,1435.35,655.68
12/13/2012,2747.65,1427.39,651.92
12/14/2012,2742.57,1424.74,650.69
12/17/2012,2779.75,1444.04,659.49
12/18/2012,2813.42,1461.52,667.47
12/19/2012,2791.78,1450.27,662.32
12/20/2012,2814.54,1461.91,667.44
12/21/2012,2783.3,1445.64,659.96
12/24/2012,2775.29,1441.47,658.05
12/26/2012,2765.38,1436.32,655.69
12/27/2012,2760.7,1433.78,654.42
12/28/2012,2729.99,1417.78,647.06
12/31/2012,2773.49,1440.37,657.37
1/2/2013,2842.69,1476.18,673.58
1/3/2013,2838.56,1474.04,672.61
1/4/2013,2860.54,1485.46,677.82
1/7/2013,2849.18,1479.56,675.12
1/8/2013,2836.66,1472.8,671.77
1/9/2013,2844.1,1476.66,673.52
1/10/2013,2868.82,1489.49,679.38
1/11/2013,2867.15,1488.58,678.91
1/14/2013,2870.23,1490.18,679.64
1/15/2013,2880.28,1495.39,682.02
1/16/2013,2877.94,1494.12,681.38
1/17/2013,2893.44,1502.17,685.04
1/18/2013,2909.09,1510.29,688.74
1/22/2013,2928.33,1520.25,693.26
1/23/2013,2928.07,1520.1,693.17
1/24/2013,2939.8,1526.17,695.92
1/25/2013,2956.36,1534.77,699.84
1/28/2013,2952.55,1532.76,698.9
1/29/2013,2971.19,1542.4,703.26
1/30/2013,2959.44,1536.14,700.23
1/31/2013,2953.75,1533.14,698.81
2/1/2013,2984.72,1549.21,706.13
2/4/2013,2954.21,1533.35,698.88
2/5/2013,2981.45,1547.47,705.29
2/6/2013,2984.45,1548.95,705.88
2/7/2013,2977.67,1545.33,704.13
2/8/2013,2990.13,1551.8,707.08
2/11/2013,2990.07,1551.75,707.03
2/12/2013,3002.08,1557.96,709.84
2/13/2013,3005.44,1559.38,710.15
2/14/2013,3007.18,1560.18,710.4
2/15/2013,2998.95,1555.86,708.38
2/19/2013,3023.33,1568.43,714.02
2/20/2013,2986.09,1549.1,705.21
2/21/2013,2970.5,1540.84,701.26
2/22/2013,2997.71,1554.88,707.58
2/25/2013,2937.32,1523.56,693.33
2/26/2013,2954.44,1532.36,697.25
2/27/2013,2996.31,1553.99,706.99
2/28/2013,2993.91,1552.71,706.38
3/1/2013,2998.98,1555.34,707.57
3/4/2013,3011.9,1562.03,710.61
3/5/2013,3037.68,1575.39,716.67
3/6/2013,3045.73,1579.4,718.32
3/7/2013,3052.53,1582.85,719.81
3/8/2013,3069.71,1591.69,723.76
3/11/2013,3080.55,1597.25,726.23
3/12/2013,3075.49,1594.62,725.02
3/13/2013,3082.17,1597.99,726.45
3/14/2013,3102.95,1608.75,731.33
3/15/2013,3098.52,1606.46,730.29
3/18/2013,3077.94,1595.78,725.43
3/19/2013,3068.85,1591.05,723.26
3/20/2013,3087.44,1600.68,727.63
3/21/2013,3063.32,1588.17,721.94
3/22/2013,3082.6,1598.16,726.48
3/25/2013,3072.65,1593,724.13
3/26/2013,3095.37,1604.63,729.26
3/27/2013,3093.36,1603.54,728.7
3/28/2013,3105.44,1609.79,731.54
4/1/2013,3095.48,1604.61,729.17
4/2/2013,3107.24,1610.71,731.94
4/3/2013,3071.44,1592.03,723.32
4/4/2013,3088.82,1601.01,727.36
4/5/2013,3082.14,1597.54,725.79
4/8/2013,3101.53,1607.34,729.98
4/9/2013,3114.96,1614.3,733.13
4/10/2013,3147.74,1631.25,740.8
4/11/2013,3158.18,1636.63,743.21
4/12/2013,3146,1630.3,740.31
4/15/2013,3071.67,1591.78,722.82
4/16/2013,3111.41,1612.38,732.18
4/17/2013,3067.54,1589.65,721.85
4/18/2013,3052.88,1582.02,718.36
4/19/2013,3074.73,1593.31,723.46
4/22/2013,3083.39,1597.8,725.49
4/23/2013,3116.12,1614.76,733.19
4/24/2013,3124.55,1619.06,735.07
4/25/2013,3137.61,1625.8,738.1
4/26/2013,3132.12,1622.93,736.77
4/29/2013,3153.91,1634.2,741.87
4/30/2013,3161.01,1637.87,743.53
5/1/2013,3128.53,1621,735.82
5/2/2013,3153.97,1634.13,741.73
5/3/2013,3187.24,1651.35,749.52
5/6/2013,3191.92,1653.76,750.61
5/7/2013,3211.78,1664.02,755.24
5/8/2013,3227.23,1671.72,758.41
5/9/2013,3211.7,1663.54,754.56
5/10/2013,3223.1,1669.44,757.22
5/13/2013,3222.12,1668.86,756.88
5/14/2013,3259.5,1688.14,765.53
5/15/2013,3278.96,1697.95,769.71
5/16/2013,3263.94,1690.14,766.14
5/17/2013,3302.21,1709.94,775.09
5/20/2013,3305.14,1711.44,775.74
5/21/2013,3309.46,1713.67,776.74
5/22/2013,3281.48,1699.09,770.04
5/23/2013,3273.06,1694.65,767.95
5/24/2013,3270.27,1693.2,767.28
5/28/2013,3292.87,1704.88,772.56
5/29/2013,3276.74,1696.47,768.68
5/30/2013,3289.31,1702.86,771.45
5/31/2013,3239.63,1677.13,759.79
6/3/2013,3259.51,1687.4,764.41
6/4/2013,3241.61,1678.13,760.21
6/5/2013,3198.87,1655.89,750.02
6/6/2013,3228.09,1670.9,756.7
6/7/2013,3270.42,1692.8,766.6
6/10/2013,3272.4,1693.77,766.98
6/11/2013,3237.11,1675.5,758.71
6/12/2013,3214.52,1663.72,753.28
6/13/2013,3264.39,1689.5,764.91
6/14/2013,3240.97,1677.37,759.42
6/17/2013,3267.75,1691.22,765.68
6/18/2013,3292.3,1703.92,771.41
6/19/2013,3245.29,1679.58,760.38
6/20/2013,3166.23,1638.52,741.64
6/21/2013,3177.48,1644.33,744.27
6/24/2013,3138.07,1623.94,735.04
6/25/2013,3171.89,1641.44,742.96
6/26/2013,3201.73,1656.75,749.75
6/27/2013,3225.81,1669.14,755.29
6/28/2013,3209.84,1660.87,751.54
7/1/2013,3224.77,1668.55,754.96
7/2/2013,3220.64,1666.26,753.76
7/3/2013,3219.01,1665.41,753.37
7/5/2013,3254.86,1683.96,761.76
7/8/2013,3278.41,1695.9,766.91
7/9/2013,3303.22,1708.72,772.69
7/10/2013,3299.6,1706.84,771.84
7/11/2013,3340.01,1727.7,781.22
7/12/2013,3348.92,1732.31,783.3
7/15/2013,3358.39,1737.21,785.52
7/16/2013,3344.57,1730.05,782.28
7/17/2013,3352.99,1734.35,784.16
7/18/2013,3381.79,1749.13,790.72
7/19/2013,3392.98,1754.9,793.31
7/22/2013,3400.6,1758.84,795.09
7/23/2013,3400.67,1758.87,795.1
7/24/2013,3378.84,1747.58,789.99
7/25/2013,3386.4,1751.48,791.74
7/26/2013,3385.52,1751.02,791.53
7/29/2013,3373.13,1744.57,788.57
7/30/2013,3369.42,1742.63,787.67
7/31/2013,3373.76,1744.78,788.54
8/1/2013,3417.21,1767.17,798.58
8/2/2013,3420.46,1768.85,799.34
8/5/2013,3412.79,1764.86,797.52
8/6/2013,3390.3,1753.22,792.24
8/7/2013,3379.09,1747.15,789.21
8/8/2013,3394.02,1754.85,792.67
8/9/2013,3383.87,1749.51,790.16
8/12/2013,3376.55,1745.69,788.4
8/13/2013,3384.02,1749.44,789.97
8/14/2013,3367.85,1740.96,786.01
8/15/2013,3322.67,1717.44,775.22
8/16/2013,3310.91,1711.32,772.42
8/19/2013,3282.01,1696.33,765.6
8/20/2013,3297.45,1704.29,769.17
8/21/2013,3273.33,1691.8,763.51
8/22/2013,3300.32,1705.75,769.8
8/23/2013,3316.85,1714.22,773.54
8/26/2013,3298.25,1704.6,769.2
8/27/2013,3246.72,1677.97,757.18
8/28/2013,3256.28,1682.81,759.27
8/29/2013,3260.57,1684.95,760.14
8/30/2013,3252.64,1680.83,758.26
9/3/2013,3263.29,1686.32,760.73
9/4/2013,3286.06,1697.97,765.86
9/5/2013,3293.04,1701.56,767.45
9/6/2013,3292.25,1701.03,767.1
9/9/2013,3324.41,1717.62,774.54
9/10/2013,3354.5,1733.15,781.54
9/11/2013,3367.89,1739.98,784.52
9/12/2013,3352.71,1732.06,780.87
9/13/2013,3362.98,1737.36,783.26
9/16/2013,3387.48,1750.02,788.96
9/17/2013,3401.38,1757.18,792.17
9/18/2013,3437.7,1775.94,800.62
9/19/2013,3425.64,1769.55,797.57
9/20/2013,3395.73,1754.1,790.6
9/23/2013,3379.57,1745.74,786.83
9/24/2013,3369.61,1740.6,784.51
9/25/2013,3366.1,1738.77,783.67
9/26/2013,3371.55,1741.45,784.74
9/27/2013,3355.08,1732.9,780.84
9/30/2013,3333.03,1721.5,775.69
10/1/2013,3355.84,1733.24,780.94
10/2/2013,3355.46,1732.9,780.63
10/3/2013,3326.85,1718.12,773.98
10/4/2013,3350.15,1730.15,779.39
10/7/2013,3323.08,1716.17,773.1
10/8/2013,3289.92,1698.79,765
10/9/2013,3297.95,1702.88,766.78
10/10/2013,3370.72,1740.35,783.53
10/11/2013,3391.9,1751.28,788.45
10/14/2013,3401.01,1755.98,790.57
10/15/2013,3375.54,1742.84,784.65
10/16/2013,3424.56,1768.09,795.96
10/17/2013,3447.93,1780.1,801.31
10/18/2013,3462.83,1787.78,804.75
10/21/2013,3462.73,1787.73,804.73
10/22/2013,3484.45,1798.94,809.78
10/23/2013,3462.78,1787.74,804.73
10/24/2013,3471.64,1792.31,806.78
10/25/2013,3486.23,1799.84,810.17
10/28/2013,3490.92,1802.26,811.25
10/29/2013,3511.86,1813.02,816.05
10/30/2013,3494.73,1804.11,811.97
10/31/2013,3478.76,1795.8,808.15
11/1/2013,3489.85,1801.52,810.72
11/4/2013,3504.96,1809.32,814.22
11/5/2013,3493.31,1803.27,811.47
11/6/2013,3516.26,1814.84,816.39
11/7/2013,3474.74,1793.31,806.59
11/8/2013,3523.24,1818.32,817.82
11/11/2013,3527.62,1820.58,818.84
11/12/2013,3511.73,1812.35,815.11
11/13/2013,3538.96,1826.19,821.12
11/14/2013,3555.05,1834.31,824.57
11/15/2013,3569.72,1841.88,827.96
11/18/2013,3561.43,1837.55,825.97
11/19/2013,3556.32,1834.82,824.64
11/20/2013,3544.56,1828.72,821.87
11/21/2013,3573.89,1843.8,828.59
11/22/2013,3592.15,1853.15,832.72
11/25/2013,3583.72,1848.78,830.74
11/26/2013,3577.79,1845.67,829.28
11/27/2013,3584.7,1849.14,830.75
11/29/2013,3576.82,1845.07,828.91
12/2/2013,3568.87,1840.94,827.02
12/3/2013,3557.31,1834.96,824.32
12/4/2013,3552.7,1832.42,823
12/5/2013,3527.7,1819.49,817.16
12/6/2013,3571.2,1841.83,827.1
12/9/2013,3580.3,1846.49,829.15
12/10/2013,3567.58,1839.92,826.2
12/11/2013,3522.95,1816.84,815.76
12/12/2013,3513.75,1812.01,813.5
12/13/2013,3513.69,1811.97,813.47
12/16/2013,3536.29,1823.61,818.68
12/17/2013,3522.84,1816.67,815.56
12/18/2013,3581.9,1847.1,829.21
12/19/2013,3580.01,1845.97,828.53
12/20/2013,3595.5,1853.96,832.12
12/23/2013,3612.42,1862.6,835.91
12/24/2013,3625.75,1869.39,838.87
12/26/2013,3643.72,1878.65,843.02
12/27/2013,3649.01,1881.22,844.02
12/30/2013,3647.54,1880.44,843.63
12/31/2013,3660.61,1887.14,846.6
1/2/2014,3629.32,1870.84,839.12
1/3/2014,3633.97,1873.22,840.16
1/6/2014,3628.11,1870.19,838.79
1/7/2014,3645.01,1878.9,842.69
1/8/2014,3639.02,1875.57,840.95
1/9/2014,3643.07,1877.65,841.88
1/10/2014,3648.25,1880.32,843.08
1/13/2014,3607.53,1859.25,833.55
1/14/2014,3636.81,1874.34,840.3
1/15/2014,3655.98,1884.21,844.71
1/16/2014,3649.29,1880.73,843.13
1/17/2014,3633.3,1872.48,839.41
1/21/2014,3637.08,1874.4,840.25
1/22/2014,3633.16,1872.31,839.24
1/23/2014,3598.95,1854.68,831.33
1/24/2014,3527.32,1817.76,814.78
1/27/2014,3518.75,1813.31,812.76
1/28/2014,3545.21,1826.95,818.87
1/29/2014,3515.25,1811.44,811.84
1/30/2014,3543.15,1825.76,818.2
1/31/2014,3514.07,1810.78,811.49
2/3/2014,3437.53,1771.34,793.81
2/4/2014,3455.62,1780.63,797.94
2/5/2014,3449.19,1777.05,796.06
2/6/2014,3493.06,1799.34,805.73
2/7/2014,3530.3,1818.53,814.32
2/10/2014,3529.74,1818.21,814.15
2/11/2014,3570.84,1839.37,823.61
2/12/2014,3569.18,1838.14,822.67
2/13/2014,3586.71,1847.07,826.56
2/14/2014,3610.78,1859.42,832.05
2/18/2014,3610.97,1859.5,832.06
2/19/2014,3590.14,1848.74,827.22
2/20/2014,3611.77,1859.72,831.96
2/21/2014,3602.92,1855.11,829.84
2/24/2014,3625.96,1866.97,835.14
2/25/2014,3618.92,1863.33,833.5
2/26/2014,3622.56,1865.09,834.17
2/27/2014,3635.79,1871.83,837.11
2/28/2014,3649.12,1878.69,840.17
3/3/2014,3622.93,1865.2,834.13
3/4/2014,3674.35,1891.66,845.95
3/5/2014,3676.33,1892.57,846.25
3/6/2014,3687.77,1898.31,848.66
3/7/2014,3696.69,1902.83,850.6
3/10/2014,3696.07,1902.46,850.39
3/11/2014,3673.13,1890.63,845.07
3/12/2014,3676.53,1892.24,845.64
3/13/2014,3641.86,1874.33,837.57
3/14/2014,3633.71,1870.1,835.65
3/17/2014,3666.87,1887.16,843.27
3/18/2014,3688.73,1898.4,848.27
3/19/2014,3670.57,1889.05,844.09
3/20/2014,3700.21,1904.29,850.9
3/21/2014,3701.63,1905.02,851.22
3/24/2014,3692.74,1900.45,849.18
3/25/2014,3712.77,1910.7,853.7
3/26/2014,3694.46,1901.25,849.45
3/27/2014,3694.81,1901.29,849.32
3/28/2014,3715.68,1912,854.06
3/31/2014,3743.27,1926.18,860.39
4/1/2014,3758.4,1933.89,863.76
4/2/2014,3769.32,1939.37,866.06
4/3/2014,3774.73,1942.15,867.29
4/4/2014,3745.6,1927.14,860.57
4/7/2014,3710.26,1908.96,852.45
4/8/2014,3725.77,1916.67,855.61
4/9/2014,3752.22,1930.23,861.63
4/10/2014,3690.95,1898.72,847.56
4/11/2014,3662.24,1883.88,840.86
4/14/2014,3692.31,1899.34,847.76
4/15/2014,3717.49,1912.3,853.55
4/16/2014,3748.34,1928.14,860.59
4/17/2014,3753.66,1930.84,861.75
4/21/2014,3760.75,1934.48,863.36
4/22/2014,3769.67,1939.06,865.41
4/23/2014,3769.05,1938.67,865.15
4/24/2014,3771.26,1939.8,865.65
4/25/2014,3752.91,1930.36,861.44
4/28/2014,3764.19,1936.12,863.97
4/29/2014,3779.55,1944.01,867.48
4/30/2014,3788.59,1948.62,869.49
5/1/2014,3782.87,1945.62,868.09
5/2/2014,3776.71,1942.45,866.67
5/5/2014,3774.86,1941.4,866.11
5/6/2014,3744.4,1925.73,859.11
5/7/2014,3779.37,1943.37,866.62
5/8/2014,3775.71,1941.44,865.71
5/9/2014,3776.69,1941.72,865.61
5/12/2014,3805.62,1956.57,872.2
5/13/2014,3809.85,1958.67,873.05
5/14/2014,3794.34,1950.55,869.28
5/15/2014,3762.02,1933.75,861.61
5/16/2014,3769.98,1937.85,863.43
5/19/2014,3778.25,1942.03,865.23
5/20/2014,3752.75,1928.91,859.36
5/21/2014,3778.84,1942.21,865.19
5/22/2014,3784.89,1945.26,866.48
5/23/2014,3795.42,1950.67,868.88
5/27/2014,3811.03,1958.69,872.45
5/28/2014,3812.13,1959.14,872.54
5/29/2014,3828.88,1967.66,876.24
5/30/2014,3836.77,1971.72,878.05
6/2/2014,3839.68,1973.2,878.69
6/3/2014,3841.27,1973.99,879.02
6/4/2014,3846.78,1976.71,880.12
6/5/2014,3871.22,1989.22,885.64
6/6/2014,3890.3,1998.9,889.81
6/9/2014,3894.78,2001.15,890.76
6/10/2014,3894.73,2001.12,890.74
6/11/2014,3877.71,1992.32,886.77
6/12/2014,3857.73,1981.89,881.96
6/13/2014,3875,1990.76,885.9
6/16/2014,3878.13,1992.37,886.61
6/17/2014,3888.92,1997.89,889.05
6/18/2014,3917.75,2012.71,895.65
6/19/2014,3927.34,2017.46,897.59
6/20/2014,3935.55,2021.67,899.46
6/23/2014,3938.04,2022.95,900.02
6/24/2014,3910.55,2008.78,893.67
6/25/2014,3919.5,2013.36,895.69
6/26/2014,3913.47,2010.11,894.09
6/27/2014,3917.56,2012.16,894.95
6/30/2014,3915.52,2011.11,894.47
7/1/2014,3934.22,2020.55,898.5
7/2/2014,3935.27,2021.02,898.64
7/3/2014,3956.82,2032.08,903.55
7/7/2014,3942.19,2024.55,900.19
7/8/2014,3922.1,2013.96,895.19
7/9/2014,3938.52,2022.37,898.91
7/10/2014,3923.94,2014.88,895.58
7/11/2014,3923.89,2014.79,895.47
7/14/2014,3937.85,2021.96,898.65
7/15/2014,3940.41,2023.27,899.24
7/16/2014,3963.94,2035.28,904.5
7/17/2014,3921.51,2013.38,894.64
7/18/2014,3953.07,2029.57,901.83
7/21/2014,3945.95,2025.89,900.17
7/22/2014,3962.94,2034.62,904.04
7/23/2014,3965,2035.67,904.51
7/24/2014,3970.4,2038.43,905.72
7/25/2014,3952.57,2029.25,901.62
7/28/2014,3956.31,2031.17,902.47
7/29/2014,3937.75,2021.62,898.2
7/30/2014,3932.09,2018.59,896.73
7/31/2014,3855.76,1979.34,879.23
8/1/2014,3843.85,1973.23,876.52
8/4/2014,3870.75,1987.03,882.64
8/5/2014,3828.52,1965.26,872.87
8/6/2014,3834.61,1968.1,873.84
8/7/2014,3813.61,1957.28,868.99
8/8/2014,3859.69,1980.91,879.47
8/11/2014,3867.73,1984.81,880.96
8/12/2014,3864.32,1983.03,880.14
8/13/2014,3885.19,1993.54,884.59
8/14/2014,3900.32,2001.28,888.01
8/15/2014,3893.45,1997.61,886.23
8/18/2014,3922.92,2012.67,892.84
8/19/2014,3939.67,2021.22,896.59
8/20/2014,3950.13,2026.55,898.92
8/21/2014,3970.24,2036.87,903.5
8/22/2014,3955.6,2029.29,900.07
8/25/2014,3974.82,2039.15,904.43
8/26/2014,3979.35,2041.46,905.46
8/27/2014,3984.71,2044.06,906.45
8/28/2014,3980.13,2041.64,905.3
8/29/2014,3995.19,2049.36,908.72
9/2/2014,3986.45,2044.85,906.69
9/3/2014,3994.56,2048.88,908.34
9/4/2014,3989.17,2046.09,907.08
9/5/2014,4008.26,2055.88,911.41
9/8/2014,3991.65,2047.18,907.38
9/9/2014,3964.84,2033.42,901.26
9/10/2014,3970.89,2036.44,902.52
9/11/2014,3979.94,2040.91,904.33
9/12/2014,3955.19,2028.22,898.7
9/15/2014,3963.9,2032.68,900.67
9/16/2014,3991.39,2046.76,906.9
9/17/2014,3996.1,2049.16,907.95
9/18/2014,4012.5,2057.41,911.42
9/19/2014,4011.46,2056.87,911.19
9/22/2014,3982.42,2041.98,904.59
9/23/2014,3955.59,2028.16,898.4
9/24/2014,3979.73,2040.53,903.87
9/25/2014,3921.58,2010.71,890.66
9/26/2014,3947.6,2023.88,896.32
9/29/2014,3935.65,2017.71,893.54
9/30/2014,3925.4,2012.38,891.11
10/1/2014,3878.78,1988.44,880.46
10/2/2014,3878.58,1988.23,880.25
10/3/2014,3920.4,2009.65,889.73
10/6/2014,3917.48,2008.15,889.05
10/7/2014,3858.04,1977.68,875.55
10/8/2014,3922.85,2010.61,889.84
10/9/2014,3839.32,1967.73,870.79
10/10/2014,3808.91,1952.07,863.78
10/13/2014,3755.44,1924.66,851.66
10/14/2014,3760.83,1927.42,852.87
10/15/2014,3721.68,1907.32,843.94
10/16/2014,3723.88,1908.42,844.39
10/17/2014,3769.46,1931.78,854.73
10/20/2014,3796.6,1945.67,860.86
10/21/2014,3864.02,1980.2,876.11
10/22/2014,3839.74,1967.69,870.51
10/23/2014,3874.61,1985.56,878.42
10/24/2014,3901.17,1999.16,884.42
10/27/2014,3893.66,1995.3,882.7
10/28/2014,3935.9,2016.94,892.28
10/29/2014,3933.57,2015.66,891.62
10/30/2014,3953.79,2025.95,896.1
10/31/2014,3999.34,2049.29,906.42
11/3/2014,3995.77,2047.45,905.6
11/4/2014,3987.05,2042.99,903.63
11/5/2014,4019.27,2059.17,910.44
11/6/2014,4034.77,2067,913.8
11/7/2014,4042.11,2070.53,915.12
11/10/2014,4052.68,2075.93,917.49
11/11/2014,4052.47,2075.82,917.44
11/12/2014,4045.24,2071.86,915.42
11/13/2014,4045.47,2071.94,915.41
11/14/2014,4048.27,2073.22,915.82
11/17/2014,4061.18,2079.77,918.65
11/18/2014,4076.46,2087.55,922.05
11/19/2014,4073.6,2086.07,921.37
11/20/2014,4082.03,2090.36,923.24
11/21/2014,4106.05,2102.59,928.57
11/24/2014,4109.33,2104.26,929.3
11/25/2014,4100.95,2099.89,927.29
11/26/2014,4110.86,2104.85,929.37
11/28/2014,4090.71,2094.51,924.77
12/1/2014,4075.59,2086.77,921.35
12/2/2014,4106.34,2102.48,928.25
12/3/2014,4123.68,2111.12,931.83
12/4/2014,4114.41,2106.36,929.71
12/5/2014,4123.79,2111.16,931.83
12/8/2014,4095.26,2096.39,925.14
12/9/2014,4088.97,2093.17,923.72
12/10/2014,4021.38,2058.53,908.39
12/11/2014,4040.86,2068.34,912.56
12/12/2014,3968.91,2031.51,896.3
12/15/2014,3944.17,2018.82,890.67
12/16/2014,3922.88,2007.92,885.86
12/17/2014,4004.05,2049.45,904.17
12/18/2014,4100.17,2098.46,925.6
12/19/2014,4122.88,2110.08,930.72
12/22/2014,4137.28,2117.4,933.9
12/23/2014,4160.16,2129.08,939.01
12/24/2014,4156.54,2127.18,938.13
12/26/2014,4164.31,2131.15,939.88
12/29/2014,4170.69,2134.27,941.1
12/30/2014,4156.36,2126.88,937.78
12/31/2014,4112.92,2104.64,927.97
1/2/2015,4114.34,2105.24,928.09
1/5/2015,4027.51,2060.76,908.45
1/6/2015,3990.95,2042.06,900.2
1/7/2015,4029.72,2061.53,908.41
1/8/2015,4100.28,2097.62,924.3
1/9/2015,4059.62,2076.81,915.13
1/12/2015,4024.32,2058.76,907.17
1/13/2015,4009.74,2051.23,903.79
1/14/2015,3979.44,2035.72,896.94
1/15/2015,3946.59,2018.88,889.49
1/16/2015,4001.15,2046.79,901.79
1/20/2015,4001.44,2046.93,901.84
1/21/2015,4023.78,2058.29,906.77
1/22/2015,4080.28,2087.18,919.49
1/23/2015,4044.17,2068.71,911.36
1/26/2015,4058.89,2076.24,914.66
1/27/2015,4018.4,2055.52,905.54
1/28/2015,3945.85,2018.33,889.06
1/29/2015,3980.96,2036.26,896.94
1/30/2015,3930.44,2010.4,885.53
2/2/2015,3996.29,2044.06,900.32
2/3/2015,4068.7,2081.08,916.62
2/4/2015,4047.33,2069.9,911.44
2/5/2015,4087.69,2090.51,920.48
2/6/2015,4089.8,2091.27,920.49
2/9/2015,4076.35,2084.36,917.41
2/10/2015,4108.94,2101,924.72
2/11/2015,4103.1,2097.74,923
2/12/2015,4141.13,2116.89,931.11
2/13/2015,4156.9,2124.84,934.51
2/17/2015,4163.32,2128.11,935.92
2/18/2015,4153.03,2122.81,933.56
2/19/2015,4141.23,2116.59,930.63
2/20/2015,4161.85,2127.05,935.14
2/23/2015,4152.74,2122.38,933.09
2/24/2015,4174.43,2133.45,937.94
2/25/2015,4171.1,2131.67,937.07
2/26/2015,4154.64,2123.15,933.21
2/27/2015,4146.14,2118.79,931.28
3/2/2015,4160.73,2126.22,934.52
3/3/2015,4146.96,2119.18,931.42
3/4/2015,4125.39,2108.01,926.35
3/5/2015,4131.75,2111.21,927.72
3/6/2015,4075.6,2082.39,914.92
3/9/2015,4089.78,2089.55,917.97
3/10/2015,4019.87,2053.81,902.25
3/11/2015,4020.23,2053.87,902.15
3/12/2015,4075.42,2081.96,914.38
3/13/2015,4047.51,2067.68,908.09
3/16/2015,4100.2,2094.57,919.88
3/17/2015,4080.87,2084.69,915.53
3/18/2015,4134.52,2112.1,927.57
3/19/2015,4096.5,2092.68,919.04
3/20/2015,4135.94,2112.82,927.88
3/23/2015,4134.05,2111.85,927.46
3/24/2015,4102.81,2095.85,920.37
3/25/2015,4062.65,2075.32,911.34
3/26/2015,4052.74,2070.25,909.11
3/27/2015,4057.56,2072.55,909.95
3/30/2015,4116.05,2102.36,922.98
3/31/2015,4084.72,2086.3,915.87
4/1/2015,4073.17,2080.27,913.09
4/2/2015,4090.15,2088.93,916.88
4/6/2015,4119.04,2103.68,923.34
4/7/2015,4108.92,2098.51,921.07
4/8/2015,4112.67,2100.01,921.3
4/9/2015,4135.56,2111.69,926.43
4/10/2015,4162.39,2125.39,932.44
4/13/2015,4143.76,2115.84,928.2
4/14/2015,4158.96,2123.6,931.61
4/15/2015,4185.76,2137.28,937.61
4/16/2015,4178.74,2133.67,935.99
4/17/2015,4133.25,2110.44,925.8
4/20/2015,4162.27,2125.25,932.29
4/21/2015,4142.91,2115.35,927.94
4/22/2015,4163.31,2125.76,932.5
4/23/2015,4175.98,2132.16,935.23
4/24/2015,4170.77,2129.5,934.06
4/27/2015,4156.22,2122.06,930.8
4/28/2015,4178.97,2133.64,935.83
4/29/2015,4175.64,2131.87,934.98
4/30/2015,4145.94,2116.66,928.27
5/1/2015,4181.12,2134.62,936.14
5/4/2015,4200,2144.26,940.36
5/5/2015,4157.55,2122.56,930.83
5/6/2015,4141.59,2114.01,926.67
5/7/2015,4149.34,2117.88,928.28
5/8/2015,4202.11,2144.81,940.08
5/11/2015,4180.2,2133.37,934.8
5/12/2015,4170.43,2128.37,932.59
5/13/2015,4171.21,2128.57,932.47
5/14/2015,4203.58,2144.99,939.56
5/15/2015,4207.29,2146.73,940.17
5/18/2015,4218.82,2152.54,942.64
5/19/2015,4217.63,2151.87,942.29
5/20/2015,4217.52,2151.71,942.11
5/21/2015,4228.5,2157.21,944.41
5/22/2015,4216.47,2151.07,941.72
5/26/2015,4174.34,2129.56,932.29
5/27/2015,4201.66,2143.41,938.26
5/28/2015,4198.85,2141.86,937.46
5/29/2015,4176.47,2130.41,932.41
6/1/2015,4179.07,2131.68,932.92
6/2/2015,4180.87,2132.6,933.31
6/3/2015,4192.73,2138.51,935.77
6/4/2015,4154.14,2118.82,927.14
6/5/2015,4152.98,2118.21,926.85
6/8/2015,4133.05,2107.85,922.12
6/9/2015,4139.85,2111.28,923.59
6/10/2015,4188.74,2136.18,934.45
6/11/2015,4196.76,2140.13,936.02
6/12/2015,4168.36,2125.63,929.67
6/15/2015,4147.22,2114.84,924.94
6/16/2015,4171.23,2127.07,930.27
6/17/2015,4175.29,2129.14,931.18
6/18/2015,4208.84,2146.08,938.42
6/19/2015,4183.92,2133.37,932.86
6/22/2015,4205.99,2144.63,937.78
6/23/2015,4213.35,2148.33,939.35
6/24/2015,4180.03,2131.31,931.89
6/25/2015,4162.35,2122.29,927.94
6/26/2015,4169.6,2125.83,929.32
6/29/2015,4087.59,2083.95,910.94
6/30/2015,4094.38,2087.38,912.4
7/1/2015,4120.82,2100.69,918.05
7/2/2015,4118.19,2099.35,917.46
7/6/2015,4096.16,2088.1,912.53
7/7/2015,4122.33,2101.44,918.36
7/8/2015,4054.09,2066.28,902.62
7/9/2015,4067.22,2072.97,905.53
7/10/2015,4111.55,2095.56,915.4
7/13/2015,4150.3,2115.27,923.97
7/14/2015,4167.97,2124.28,927.9
7/15/2015,4161.39,2120.92,926.43
7/16/2015,4187.36,2134.12,932.16
7/17/2015,4171.89,2126.23,928.72
7/20/2015,4165.16,2122.79,927.2
7/21/2015,4141.45,2110.7,921.91
7/22/2015,4142.71,2111.27,922.08
7/23/2015,4116.94,2098.06,916.23
7/24/2015,4065.91,2072.05,904.87
7/27/2015,4041.39,2059.55,899.41
7/28/2015,4092.06,2085.37,910.68
7/29/2015,4128.1,2103.66,918.59
7/30/2015,4126.6,2102.81,918.14
7/31/2015,4109.96,2094.32,914.41
8/3/2015,4091.63,2084.97,910.33
8/4/2015,4081.7,2079.9,908.11
8/5/2015,4096.75,2087.24,910.97
8/6/2015,4083.31,2080.25,907.78
8/7/2015,4064.74,2070.79,903.64
8/10/2015,4124.24,2101.08,916.84
8/11/2015,4087.11,2081.92,908.24
8/12/2015,4089.21,2082.76,908.37
8/13/2015,4081.29,2078.64,906.48
8/14/2015,4098.03,2087.17,910.2
8/17/2015,4111.85,2093.95,912.89
8/18/2015,4102.6,2089.21,910.81
8/19/2015,4062.16,2068.57,901.76
8/20/2015,3983.5,2028.51,884.3
8/21/2015,3869.7,1970.45,858.87
8/24/2015,3709.95,1889.09,823.39
8/25/2015,3650.11,1858.62,810.1
8/26/2015,3778.77,1924.08,838.58
8/27/2015,3877.92,1974.52,860.53
8/28/2015,3882.06,1976.54,861.31
8/31/2015,3864.37,1967.48,857.31
9/1/2015,3747.1,1907.76,831.28
9/2/2015,3802.67,1935.93,843.43
9/3/2015,3817.67,1943.53,846.7
9/4/2015,3752.75,1910.42,832.22
9/8/2015,3846.83,1958.19,852.9
9/9/2015,3792.67,1930.57,840.82
9/10/2015,3807.69,1938.13,844.02
9/11/2015,3820.77,1944.66,846.74
9/14/2015,3805.07,1936.65,843.23
9/15/2015,3855.06,1962.08,854.29
9/16/2015,3894.61,1982.19,863.03
9/17/2015,3874.01,1971.51,858.18
9/18/2015,3800.32,1934.01,841.85
9/21/2015,3821.53,1944.8,846.55
9/22/2015,3774.81,1921.02,836.2
9/23/2015,3764.26,1915.64,833.84
9/24/2015,3753.69,1910.26,831.5
9/25/2015,3766.85,1916.95,834.41
9/28/2015,3680.44,1872.77,814.96
9/29/2015,3693.81,1879.53,817.86
9/30/2015,3756.59,1911.44,831.71
10/1/2015,3754.17,1910.18,831.13
10/2/2015,3805.79,1936.32,842.38
10/5/2015,3888.27,1978.25,860.59
10/6/2015,3885.42,1976.8,859.96
10/7/2015,3920.58,1994.27,867.12
10/8/2015,3960.07,2014.35,875.86
10/9/2015,3952.52,2010.5,874.17
10/12/2015,3951.4,2009.92,873.92
10/13/2015,3927.24,1997.6,868.51
10/14/2015,3906.4,1986.97,863.86
10/15/2015,3966.03,2017.23,876.95
10/16/2015,3982.43,2025.57,880.58
10/19/2015,3969.81,2019.15,877.79
10/20/2015,3972.37,2020.45,878.34
10/21/2015,3949.2,2008.58,873.1
10/22/2015,4020.2,2044.65,888.74
10/23/2015,4042.21,2055.85,893.61
10/26/2015,4023.16,2046.15,889.39
10/27/2015,4003.45,2036.13,885.03
10/28/2015,4058.94,2064.25,897.16
10/29/2015,4049.46,2059.37,894.97
10/30/2015,4031.55,2050.26,891.01
11/2/2015,4086.13,2078.01,903.07
11/3/2015,4101.67,2085.91,906.5
11/4/2015,4081.67,2075.46,901.67
11/5/2015,4078.99,2074.05,901.01
11/6/2015,4082.62,2075.78,901.64
11/9/2015,4042.72,2055.24,892.47
11/10/2015,4056.36,2061.91,895.1
11/11/2015,4040.69,2053.95,891.65
11/12/2015,3976.67,2021.29,877.35
11/13/2015,3944.9,2005.14,870.34
11/16/2015,4010.32,2038.16,884.44
11/17/2015,3999.04,2032.39,881.9
11/18/2015,4060.7,2063.68,895.42
11/19/2015,4053.98,2060.21,893.86
11/20/2015,4056.94,2061.61,894.36
11/23/2015,4050.32,2058.21,892.85
11/24/2015,4063.69,2064.99,895.77
11/25/2015,4059.05,2062.6,894.7
11/27/2015,4062.46,2064.21,895.28
11/30/2015,4052.1,2058.9,892.93
12/1/2015,4093.78,2080.04,902.07
12/2/2015,4039.3,2052.15,889.75
12/3/2015,3986.88,2025.47,878.14
12/4/2015,4063.12,2064.2,894.93
12/7/2015,4027.67,2046.13,887.04
12/8/2015,3984.5,2024.1,877.38
12/9/2015,3967.68,2015.52,873.64
12/10/2015,3975.44,2019.45,875.31
12/11/2015,3900.79,1981.43,858.74
12/14/2015,3915.26,1988.77,861.91
12/15/2015,3972.56,2017.87,874.51
12/16/2015,4027.48,2045.7,886.51
12/17/2015,3964.14,2013.34,872.3
12/18/2015,3896.81,1979.15,857.49
12/21/2015,3927.3,1994.55,864.08
12/22/2015,3970.39,2016.41,873.52
12/23/2015,4034.38,2048.86,887.53
12/24/2015,4026.27,2044.74,885.74
12/28/2015,4007.53,2035.22,881.61
12/29/2015,4045.36,2054.25,889.68
12/30/2015,4014.97,2038.76,882.9
12/31/2015,3984,2023.03,876.09
1/4/2016,3934.97,1997.93,865.02
1/5/2016,3945.23,2003.14,867.28
1/6/2016,3885.08,1972.26,853.56
1/7/2016,3799.21,1928.65,834.67
1/8/2016,3753.25,1905.31,824.57
1/11/2016,3748.86,1903.09,823.61
1/12/2016,3769.74,1913.69,828.19
1/13/2016,3689,1872.63,810.36
1/14/2016,3751,1904.09,823.95
1/15/2016,3672.05,1863.98,806.56
1/19/2016,3667.58,1861.71,805.58
1/20/2016,3610.6,1832.64,792.85
1/21/2016,3635.94,1845.48,798.39
1/22/2016,3700.48,1878.24,812.56
1/25/2016,3630.1,1842.51,797.1
1/26/2016,3697.59,1876.77,811.92
1/27/2016,3680.62,1868.1,808.11
1/28/2016,3694.36,1875.01,811.04
1/29/2016,3789.53,1923.29,831.9
2/1/2016,3781.69,1919.29,830.15
2/2/2016,3704.44,1880.08,813.18
2/3/2016,3744.06,1899.89,821.45
2/4/2016,3764.24,1910.1,825.84
2/5/2016,3726.62,1890.97,817.52
2/8/2016,3684.91,1869.73,808.26
2/9/2016,3672.39,1863.15,805.19
2/10/2016,3658.58,1855.91,801.83
2/11/2016,3599.57,1825.82,788.67
2/12/2016,3685.69,1869.38,807.37
2/16/2016,3742.25,1897.91,819.52
2/17/2016,3799.57,1926.91,831.98
2/18/2016,3790.53,1922.29,829.96
2/19/2016,3782.29,1918.02,828.01
2/22/2016,3840.28,1947.43,840.71
2/23/2016,3788.22,1921,829.26
2/24/2016,3802.94,1928.41,832.42
2/25/2016,3843.81,1948.99,841.15
2/26/2016,3840.68,1947.33,840.37
2/29/2016,3810.48,1931.92,833.62
3/1/2016,3894.42,1974.47,851.97
3/2/2016,3925.65,1990.16,858.59
3/3/2016,3950.89,2002.89,864.01
3/4/2016,3969.26,2012.18,868.01
3/7/2016,3993.81,2024.58,873.31
3/8/2016,3934.71,1994.52,860.24
3/9/2016,3955.29,2004.78,864.49
3/10/2016,3957.03,2005.6,864.79
3/11/2016,4022.58,2038.65,878.86
3/14/2016,4011.68,2033.12,876.47
3/15/2016,3998.45,2026.4,873.56
3/16/2016,4019.69,2037.14,878.16
3/17/2016,4058.16,2056.62,886.55
3/18/2016,4084.07,2069.75,892.21
3/21/2016,4083.76,2069.59,892.13
3/22/2016,4073.63,2064.37,889.79
3/23/2016,4040.06,2047.36,882.46
3/24/2016,4036.28,2045.44,881.63
3/28/2016,4039.24,2046.94,882.28
3/29/2016,4062.88,2058.74,887.18
3/30/2016,4079.95,2067.31,890.79
3/31/2016,4071.51,2063.03,888.95
4/1/2016,4085.31,2070.02,891.96
4/4/2016,4071.04,2062.59,888.55
4/5/2016,4027.31,2040.43,879.01
4/6/2016,4063.98,2058.66,886.51
4/7/2016,4015.44,2034.05,875.9
4/8/2016,4034.69,2043.81,880.1
4/11/2016,4030.93,2041.9,879.28
4/12/2016,4077.19,2065.32,889.34
4/13/2016,4125.29,2089.61,899.73
4/14/2016,4128.82,2091.27,900.32
4/15/2016,4120.37,2086.99,898.47
4/18/2016,4149.41,2101.7,904.81
4/19/2016,4183.9,2119.17,912.33
4/20/2016,4193.41,2123.95,914.35
4/21/2016,4164.19,2109.12,907.93
4/22/2016,4191.25,2122.82,913.83
4/25/2016,4175.52,2114.85,910.4
4/26/2016,4195.62,2125.03,914.78
4/27/2016,4221.78,2138.21,920.37
4/28/2016,4183.15,2118.58,911.87
4/29/2016,4157.43,2105.54,906.24
5/2/2016,4184.4,2119.19,912.11
5/3/2016,4140.15,2096.77,902.45
5/4/2016,4110.44,2081.5,895.64
5/5/2016,4108.69,2080.54,895.17
5/6/2016,4118.58,2085.45,897.17
5/9/2016,4109.38,2080.78,895.15
5/10/2016,4160.69,2106.75,906.32
5/11/2016,4129.93,2090.69,898.93
5/12/2016,4130.81,2091.05,898.99
5/13/2016,4086.96,2068.82,889.4
5/16/2016,4124.37,2087.65,897.38
5/17/2016,4096.4,2073.31,891.04
5/18/2016,4098.1,2074.04,891.21
5/19/2016,4088.63,2069.24,889.15
5/20/2016,4111.67,2080.79,894
5/23/2016,4103.12,2076.44,892.11
5/24/2016,4150.32,2100.31,902.36
5/25/2016,4187.94,2119.3,910.45
5/26/2016,4181.75,2116.01,908.89
5/27/2016,4200.32,2125.23,912.67
5/31/2016,4195.37,2122.71,911.57
6/1/2016,4204.05,2126.97,913.27
6/2/2016,4215.71,2132.81,915.72
6/3/2016,4203.1,2126.42,912.97
6/6/2016,4231.84,2140.94,919.18
6/7/2016,4242.69,2146.41,921.51
6/8/2016,4257.16,2153.55,924.4
6/9/2016,4245.84,2147.79,921.89
6/10/2016,4205.7,2127.48,913.17
6/13/2016,4175.33,2111.92,906.28
6/14/2016,4160.38,2104.32,903
6/15/2016,4153.54,2100.84,901.48
6/16/2016,4168.63,2108.37,904.6
6/17/2016,4171.32,2109.73,905.18
6/20/2016,4194.89,2121.64,910.29
6/21/2016,4208.52,2128.49,913.18
6/22/2016,4202.29,2125.33,911.81
6/23/2016,4264.89,2156.99,925.4
6/24/2016,4102.93,2075.07,890.25
6/27/2016,4022.93,2034.61,872.9
6/28/2016,4093.21,2069.96,887.86
6/29/2016,4168.84,2108.09,904.1
6/30/2016,4232.73,2140.4,917.96
7/1/2016,4237.78,2142.78,918.81
7/5/2016,4193.42,2120.29,909.11
7/6/2016,4217.37,2132.07,913.82
7/7/2016,4209.92,2128.28,912.18
7/8/2016,4275.32,2161.34,926.34
7/11/2016,4290.35,2168.94,929.6
7/12/2016,4329.67,2188.82,938.12
7/13/2016,4335.37,2191.64,939.27
7/14/2016,4358.3,2203.21,944.21
7/15/2016,4355.22,2201.65,943.54
7/18/2016,4362.46,2205.28,945.06
7/19/2016,4355.66,2201.83,943.56
7/20/2016,4363.6,2205.69,945.07
7/21/2016,4349.11,2198.34,941.9
7/22/2016,4371.72,2209.77,946.8
7/25/2016,4353.32,2200.47,942.81
7/26/2016,4361.09,2204.36,944.43
7/27/2016,4345.21,2196.3,940.95
7/28/2016,4342.69,2194.95,940.29
7/29/2016,4347.73,2197.48,941.36
8/1/2016,4324.43,2185.7,936.31
8/2/2016,4298.18,2172.42,930.62
8/3/2016,4321.15,2183.74,935.17
8/4/2016,4318.51,2182.3,934.45
8/5/2016,4363.52,2205.03,944.17
8/8/2016,4366.31,2206.36,944.66
8/9/2016,4364.4,2205.36,944.2
8/10/2016,4347.58,2196.43,939.95
8/11/2016,4374.2,2209.76,945.53
8/12/2016,4371.38,2208.3,944.87
8/15/2016,4385.76,2215.46,947.83
8/16/2016,4367.69,2206.31,943.88
8/17/2016,4379.6,2212.09,946.13
8/18/2016,4396.95,2220.83,949.85
8/19/2016,4385.86,2215.12,947.29
8/22/2016,4379.18,2211.74,945.83
8/23/2016,4386.82,2215.58,947.47
8/24/2016,4369.39,2206.73,943.63
8/25/2016,4364.55,2204.27,942.57
8/26/2016,4354.02,2198.93,940.26
8/29/2016,4385.37,2214.61,946.81
8/30/2016,4383.53,2213.6,946.3
8/31/2016,4373.21,2208.23,943.84
9/1/2016,4367.76,2205.47,942.66
9/2/2016,4387.91,2215.58,946.92
9/6/2016,4398.66,2220.99,949.2
9/7/2016,4399.7,2221.3,949.12
9/8/2016,4404.79,2223.84,950.18
9/9/2016,4298.84,2170.34,927.31
9/12/2016,4360.02,2201.19,940.46
9/13/2016,4284.43,2162.8,923.83
9/14/2016,4269.57,2155.29,920.61
9/15/2016,4307.3,2174.24,928.61
9/16/2016,4285.72,2163.34,923.95
9/19/2016,4291.02,2166,925.07
9/20/2016,4287.34,2164.14,924.27
9/21/2016,4337.12,2189.25,934.98
9/22/2016,4361.06,2201.33,940.14
9/23/2016,4337.37,2189.37,935.03
9/26/2016,4298.41,2169.66,926.56
9/27/2016,4320.54,2180.79,931.28
9/28/2016,4356.83,2198.91,938.81
9/29/2016,4316.5,2178.52,930.08
9/30/2016,4356.98,2198.95,938.8
10/3/2016,4342.4,2191.51,935.54
10/4/2016,4317.76,2178.94,930.05
10/5/2016,4350.21,2194.92,936.47
10/6/2016,4350.5,2195.05,936.51
10/7/2016,4338.43,2188.94,933.88
10/10/2016,4357.56,2198.59,938
10/11/2016,4304.68,2171.91,926.62
10/12/2016,4307.1,2173.08,927.06
10/13/2016,4292.44,2165.64,923.85
10/14/2016,4292.34,2165.59,923.82
10/17/2016,4280.63,2159.68,921.29
10/18/2016,4304.27,2171.6,926.38
10/19/2016,4318.62,2178.71,929.28
10/20/2016,4314.37,2176.5,928.28
10/21/2016,4299.9,2169.2,925.16
10/24/2016,4309.61,2174.1,927.25
10/25/2016,4303.17,2170.81,925.8
10/26/2016,4309.02,2173.75,927.05
10/27/2016,4304.44,2171.41,926.02
10/28/2016,4287.59,2162.85,922.32
10/31/2016,4290.99,2164.56,923.04
11/1/2016,4267.76,2152.84,918.03
11/2/2016,4242.52,2139.95,912.39
11/3/2016,4234.54,2135.74,910.4
11/4/2016,4225.12,2130.98,908.36
11/7/2016,4318.29,2177.96,928.39
11/8/2016,4332.93,2184.87,930.85
11/9/2016,4407.65,2222.49,946.83
11/10/2016,4454.57,2246.07,956.79
11/11/2016,4446.83,2242.17,955.13
11/14/2016,4479.21,2258.37,961.91
11/15/2016,4512.4,2275.05,968.96
11/16/2016,4484.43,2260.67,962.55
11/17/2016,4499.15,2268.02,965.62
11/18/2016,4493.83,2265.21,964.29
11/21/2016,4524.48,2280.65,970.86
11/22/2016,4535.15,2285.98,973.08
11/23/2016,4548.51,2292.69,975.91
11/25/2016,4568.34,2302.67,980.14
11/28/2016,4541.46,2288.98,974.17
11/29/2016,4541.05,2288.63,973.89
11/30/2016,4561.22,2298.61,977.95
12/1/2016,4573.68,2304.87,980.6
12/2/2016,4568.93,2302.48,979.58
12/5/2016,4594.92,2315.45,984.97
12/6/2016,4616.62,2326.36,989.58
12/7/2016,4681.58,2358.9,1003.23
12/8/2016,4695.33,2365.8,1006.15
12/9/2016,4718.41,2377.43,1011.09
12/12/2016,4716.02,2376.19,1010.53
12/13/2016,4741.04,2388.64,1015.67
12/14/2016,4691.51,2363.65,1005.01
12/15/2016,4715.78,2375.86,1010.17
12/16/2016,4708.05,2371.94,1008.49
12/19/2016,4713.76,2374.79,1009.67
12/20/2016,4733.22,2384.54,1013.76
12/21/2016,4724,2379.85,1011.72
12/22/2016,4718.11,2376.77,1010.31
12/23/2016,4725.4,2380.37,1011.76
12/27/2016,4732.41,2383.89,1013.25
12/28/2016,4691.86,2363.31,1004.34
12/29/2016,4687.69,2361.16,1003.39
12/30/2016,4677.16,2355.85,1001.12
1/3/2017,4720.28,2377.55,1010.33
1/4/2017,4747.46,2390.96,1015.75
1/5/2017,4728.99,2381.66,1011.79
1/6/2017,4736.55,2385.12,1012.93
1/9/2017,4705.46,2369.47,1006.28
1/10/2017,4708.81,2371.15,1007
1/11/2017,4725.82,2379.68,1010.57
1/12/2017,4711.32,2372.34,1007.43
1/13/2017,4718.35,2375.89,1008.93
1/17/2017,4696.73,2365,1004.31
1/18/2017,4704.76,2368.91,1005.83
1/19/2017,4680.02,2356.44,1000.53
1/20/2017,4697.41,2365.15,1004.19
1/23/2017,4676.22,2354.47,999.64
1/24/2017,4713.36,2373.17,1007.58
1/25/2017,4755.08,2394.17,1016.49
1/26/2017,4749.11,2391.14,1015.19
1/27/2017,4733.89,2383.44,1011.87
1/30/2017,4705.63,2369.18,1005.78
1/31/2017,4708.19,2370.46,1006.32
2/1/2017,4700.1,2366.13,1004.23
2/2/2017,4702.69,2367.34,1004.66
2/3/2017,4748.18,2390.18,1014.29
2/6/2017,4732.54,2382.31,1010.94
2/7/2017,4726.05,2379.03,1009.54
2/8/2017,4726.51,2378.88,1009.1
2/9/2017,4760.63,2396.02,1016.34
2/10/2017,4779.06,2405.24,1020.2
2/13/2017,4807.6,2419.34,1025.91
2/14/2017,4833.88,2432.37,1031.24
2/15/2017,4858.29,2444.51,1036.25
2/16/2017,4851.38,2440.94,1034.65
2/17/2017,4858.98,2444.74,1036.23
2/21/2017,4893.42,2462.07,1043.58
2/22/2017,4884.71,2457.64,1041.65
2/23/2017,4894.09,2462.26,1043.52
2/24/2017,4894.59,2462.34,1043.38
2/27/2017,4900.67,2465.34,1044.59
2/28/2017,4889.6,2459.72,1042.17
3/1/2017,4962.96,2496.42,1057.51
3/2/2017,4931.33,2480.42,1050.64
3/3/2017,4929.93,2479.7,1050.32
3/6/2017,4907.78,2468.53,1045.56
3/7/2017,4887.15,2458.15,1041.16
3/8/2017,4869.77,2449.14,1037.08
3/9/2017,4875.69,2452.11,1038.34
3/10/2017,4888.77,2458.68,1041.1
3/13/2017,4887.67,2457.91,1040.56
3/14/2017,4870.19,2449.11,1036.83
3/15/2017,4909.3,2468.76,1045.13
3/16/2017,4901.02,2464.58,1043.34
3/17/2017,4884.6,2456.31,1039.84
3/20/2017,4866.17,2447.01,1035.86
3/21/2017,4798.89,2413.1,1021.43
3/22/2017,4799.12,2413.16,1021.41
3/23/2017,4800.27,2413.74,1021.64
3/24/2017,4794.75,2410.96,1020.47
3/27/2017,4786.33,2406.73,1018.68
3/28/2017,4826.04,2426.69,1027.13
3/29/2017,4827.22,2427.08,1027.09
3/30/2017,4850.47,2438.74,1031.99
3/31/2017,4831.17,2429.04,1027.88
4/3/2017,4819.55,2423.18,1025.4
4/4/2017,4823.73,2425.03,1025.93
4/5/2017,4805.49,2415.81,1021.98
4/6/2017,4821.9,2423.72,1024.99
4/7/2017,4814.76,2420.13,1023.47
4/10/2017,4820.46,2422.97,1024.65
4/11/2017,4815.81,2420.59,1023.59
4/12/2017,4797.66,2411.44,1019.7
4/13/2017,4755.44,2390.22,1010.72
4/17/2017,4795.4,2410.3,1019.21
4/18/2017,4776.11,2400.56,1015.05
4/19/2017,4761.77,2393.22,1011.82
4/20/2017,4798.67,2411.75,1019.63
4/21/2017,4774.2,2399.45,1014.43
4/24/2017,4829.84,2427.41,1026.24
4/25/2017,4857.35,2441.23,1032.09
4/26/2017,4856.86,2440.96,1031.96
4/27/2017,4848.42,2436.62,1030.02
4/28/2017,4827.9,2426.3,1025.64
5/1/2017,4825.35,2425.01,1025.1
5/2/2017,4823.72,2424.19,1024.75
5/3/2017,4829.48,2426.82,1025.6
5/4/2017,4829.13,2426.58,1025.43
5/5/2017,4849.65,2436.89,1029.79
5/8/2017,4845.75,2434.85,1028.85
5/9/2017,4830.39,2427.12,1025.57
5/10/2017,4839.63,2431.29,1026.87
5/11/2017,4827.62,2425.09,1024.09
5/12/2017,4810.34,2416.4,1020.4
5/15/2017,4837.24,2429.78,1025.92
5/16/2017,4827.87,2424.99,1023.82
5/17/2017,4743.53,2382.27,1005.44
5/18/2017,4748.3,2384.66,1006.43
5/19/2017,4785.44,2403.28,1014.26
5/22/2017,4802.96,2412.07,1017.96
5/23/2017,4818.9,2420.06,1021.32
5/24/2017,4822.61,2421.89,1022.05
5/25/2017,4829.55,2425.28,1023.39
5/26/2017,4831.13,2426.01,1023.64
5/30/2017,4818.87,2419.76,1020.91
5/31/2017,4812.5,2416.41,1019.35
6/1/2017,4860.1,2440.19,1029.27
6/2/2017,4857.9,2439.08,1028.79
6/5/2017,4850.97,2435.57,1027.28
6/6/2017,4837.85,2428.98,1024.5
6/7/2017,4844.98,2432.35,1025.71
6/8/2017,4854.7,2437.22,1027.75
6/9/2017,4903.25,2461.59,1038.03
6/12/2017,4913.64,2466.74,1040.13
6/13/2017,4929.05,2474.32,1043.17
6/14/2017,4925.5,2472.51,1042.39
6/15/2017,4914.81,2467.04,1039.98
6/16/2017,4913.08,2466.16,1039.6
6/19/2017,4941.3,2480.31,1045.55
6/20/2017,4906.76,2462.97,1038.24
6/21/2017,4883.78,2451.36,1033.27
6/22/2017,4877.76,2448.34,1031.99
6/23/2017,4877.21,2448.06,1031.88
6/26/2017,4893.86,2456.4,1035.37
6/27/2017,4873.46,2446.16,1031.06
6/28/2017,4913.52,2466.05,1039.23
6/29/2017,4895.98,2457.22,1035.48
6/30/2017,4903.9,2461.18,1037.13
7/3/2017,4942.32,2480.32,1045.06
7/5/2017,4933.39,2475.61,1042.85
7/6/2017,4887.71,2452.31,1032.66
7/7/2017,4906.88,2461.93,1036.71
7/10/2017,4900,2458.47,1035.26
7/11/2017,4892.28,2454.6,1033.62
7/12/2017,4916.07,2466.49,1038.58
7/13/2017,4926.01,2471.44,1040.63
7/14/2017,4939.33,2478.11,1043.43
7/17/2017,4937.44,2477.14,1043
7/18/2017,4925.08,2470.92,1040.36
7/19/2017,4950.53,2483.61,1045.63
7/20/2017,4951.39,2483.93,1045.65
7/21/2017,4945.01,2480.73,1044.3
7/24/2017,4936.68,2476.54,1042.53
7/25/2017,4967.7,2492.1,1049.08
7/26/2017,4959.75,2488.11,1047.4
7/27/2017,4966.71,2491.48,1048.7
7/28/2017,4960.89,2488.53,1047.42
7/31/2017,4971.17,2493.68,1049.59
8/1/2017,4985.87,2501.05,1052.68
8/2/2017,4983.54,2499.64,1051.86
8/3/2017,4974.41,2494.82,1049.59
8/4/2017,4984.16,2499.71,1051.65
8/7/2017,4984.18,2499.68,1051.6
8/8/2017,4972.4,2493.69,1049
8/9/2017,4967,2490.85,1047.67
8/10/2017,4906.7,2460.34,1034.57
8/11/2017,4898.32,2456.06,1032.69
8/14/2017,4940.33,2477.04,1041.44
8/15/2017,4938.03,2475.82,1040.85
8/16/2017,4941.9,2477.35,1041.1
8/17/2017,4868.06,2440.28,1025.46
8/18/2017,4858.76,2435.59,1023.46
8/21/2017,4861.5,2436.93,1023.99
8/22/2017,4900.91,2456.67,1032.28
8/23/2017,4889.96,2451.11,1029.88
8/24/2017,4877.92,2445.07,1027.33
8/25/2017,4894.07,2453.09,1030.63
8/28/2017,4887.01,2449.55,1029.14
8/29/2017,4882.19,2447.05,1028
8/30/2017,4894.26,2452.84,1030.18
8/31/2017,4913.35,2462.36,1034.13
9/1/2017,4932.7,2471.98,1038.1
9/5/2017,4885.86,2448.51,1028.24
9/6/2017,4903.78,2457.48,1032.01
9/7/2017,4884.35,2447.55,1027.64
9/8/2017,4889.03,2449.86,1028.57
9/11/2017,4949.35,2480.07,1041.25
9/12/2017,4977.45,2494.09,1047.07
9/13/2017,4987.17,2498.95,1049.1
9/14/2017,4986.31,2498.33,1048.66
9/15/2017,5000.69,2505.42,1051.53
9/18/2017,5016.86,2513.5,1054.9
9/19/2017,5025.92,2518.02,1056.78
9/20/2017,5035.7,2522.93,1058.84
9/21/2017,5028,2519.04,1057.17
9/22/2017,5033.39,2521.71,1058.27
9/25/2017,5047.82,2528.94,1061.3
9/26/2017,5043.09,2526.51,1060.23
9/27/2017,5056.41,2533.18,1063.03
9/28/2017,5063.41,2536.47,1064.19
9/29/2017,5074.41,2541.95,1066.46
10/2/2017,5103.97,2556.76,1072.67
10/3/2017,5115.39,2562.47,1075.06
10/4/2017,5121.05,2565.19,1076.09
10/5/2017,5146.38,2577.67,1081.12
10/6/2017,5133.32,2570.78,1077.88
10/9/2017,5115.02,2561.62,1074.04
10/10/2017,5136.85,2572.53,1078.6
10/11/2017,5136.8,2572.5,1078.58
10/12/2017,5116.6,2562.33,1074.27
10/13/2017,5116.27,2562.14,1074.17
10/16/2017,5126.14,2567.05,1076.19
10/17/2017,5122.56,2565.26,1075.44
10/18/2017,5128.73,2568.35,1076.74
10/19/2017,5139.04,2573.43,1078.79
10/20/2017,5174.83,2591.27,1086.19
10/23/2017,5164.02,2585.82,1083.87
10/24/2017,5176.39,2592,1086.44
10/25/2017,5147.74,2577.65,1080.43
10/26/2017,5159.71,2583.65,1082.94
10/27/2017,5153.19,2580.38,1081.57
10/30/2017,5127.53,2567.45,1076.07
10/31/2017,5132.81,2570.06,1077.14
11/1/2017,5148.37,2577.86,1080.4
11/2/2017,5151.32,2579.15,1080.76
11/3/2017,5148.44,2577.56,1079.95
11/6/2017,5147.15,2576.85,1079.59
11/7/2017,5137.87,2572.19,1077.63
11/8/2017,5136.76,2571.62,1077.38
11/9/2017,5126.98,2566.52,1075.04
11/10/2017,5121.18,2563.3,1073.39
11/13/2017,5125.83,2565.61,1074.33
11/14/2017,5113.73,2559.33,1071.49
11/15/2017,5094.87,2549.84,1067.47
11/16/2017,5133.83,2568.9,1075.02
11/17/2017,5127.93,2565.9,1073.7
11/20/2017,5135.87,2569.84,1075.32
11/21/2017,5155.93,2579.87,1079.52
11/22/2017,5152.43,2578.05,1078.69
11/24/2017,5155.29,2579.41,1079.19
11/27/2017,5147.75,2575.56,1077.5
11/28/2017,5223.39,2613.4,1093.33
11/29/2017,5268.89,2636.07,1102.71
11/30/2017,5306.84,2654.73,1110.2
12/1/2017,5304.85,2653.69,1109.73
12/4/2017,5337.02,2669.75,1116.41
12/5/2017,5305.34,2653.86,1109.72
12/6/2017,5291.18,2646.76,1106.73
12/7/2017,5300.75,2651.31,1108.42
12/8/2017,5332.69,2667.2,1114.98
12/11/2017,5344.84,2673.27,1117.5
12/12/2017,5362.48,2682.04,1121.12
12/13/2017,5349.8,2675.68,1118.44
12/14/2017,5320.65,2661.01,1112.23
12/15/2017,5366.13,2683.69,1121.64
12/18/2017,5395.63,2698.43,1127.78
12/19/2017,5377.64,2689.41,1123.99
12/20/2017,5378.86,2689.92,1124.1
12/21/2017,5406.46,2703.72,1129.87
12/22/2017,5406.51,2703.74,1129.87
12/26/2017,5408.22,2704.52,1130.12
12/27/2017,5407.64,2704.19,1129.94
12/28/2017,5420.31,2710.29,1132.27
12/29/2017,5395.59,2697.84,1126.98
1/2/2018,5431.39,2715.7,1134.41
1/3/2018,5453.12,2726.57,1138.94
1/4/2018,5481.61,2740.57,1144.55
1/5/2018,5502.28,2750.9,1148.87
1/8/2018,5508.78,2754.14,1150.21
1/9/2018,5513.94,2756.26,1150.64
1/10/2018,5517.16,2757.86,1151.3
1/11/2018,5563.07,2780.79,1160.86
1/12/2018,5596.71,2797.61,1167.88
1/16/2018,5572.8,2785.63,1162.85
1/17/2018,5612.17,2805.3,1171.07
1/18/2018,5596.48,2797.37,1167.67
1/19/2018,5619.79,2809,1172.5
1/22/2018,5668.18,2833.17,1182.57
1/23/2018,5670.24,2834.15,1182.93
1/24/2018,5680.66,2839.36,1185.11
1/25/2018,5678.49,2838.27,1184.65
1/26/2018,5730.74,2864.36,1195.51
1/29/2018,5693.87,2845.83,1187.67
1/30/2018,5626.72,2812.21,1173.59
1/31/2018,5619.4,2808.51,1172
2/1/2018,5628.86,2813.02,1173.68
2/2/2018,5501.97,2749.5,1147.07
2/5/2018,5271.28,2634.22,1098.97
2/6/2018,5338.12,2667.51,1112.76
2/7/2018,5326.32,2661.59,1110.27
2/8/2018,5143.73,2570.2,1072
2/9/2018,5206.19,2601.12,1084.61
2/12/2018,5268.25,2632.07,1097.47
2/13/2018,5279.02,2637.4,1099.63
2/14/2018,5343.7,2669.56,1112.89
2/15/2018,5392.8,2693.79,1122.71
2/16/2018,5399.22,2696.88,1123.88
2/20/2018,5347.82,2671.1,1113.03
2/21/2018,5309.84,2652.11,1105.1
2/22/2018,5312.9,2653.57,1105.64
2/23/2018,5394.26,2694.13,1122.46
2/26/2018,5455.59,2724.65,1135.08
2/27/2018,5381.28,2687.36,1119.37
2/28/2018,5311.28,2652.33,1104.71
3/1/2018,5251.41,2622.28,1092.04
3/2/2018,5272.39,2632.64,1096.24
3/5/2018,5333.11,2662.95,1108.85
3/6/2018,5345.69,2669.18,1111.4
3/7/2018,5326.52,2659.58,1107.38
3/8/2018,5345.04,2668.54,1110.83
3/9/2018,5432.79,2712.32,1129.01
3/12/2018,5421,2706.43,1126.56
3/13/2018,5392.19,2691.95,1120.45
3/14/2018,5349.91,2670.6,1111.32
3/15/2018,5342.42,2666.82,1109.71
3/16/2018,5360.2,2675.65,1113.34
3/19/2018,5296.46,2643.82,1100.09
3/20/2018,5291.74,2641.45,1099.08
3/21/2018,5300.49,2645.75,1100.8
3/22/2018,5175.51,2583.31,1074.78
3/23/2018,5075.16,2533.21,1053.92
3/26/2018,5189.35,2590.21,1077.64
3/27/2018,5139.76,2565.45,1067.33
3/28/2018,5142.47,2566.61,1067.62
3/29/2018,5202.8,2596.65,1080.05
4/2/2018,5094.6,2542.64,1057.58
4/3/2018,5162.31,2576.4,1071.58
4/4/2018,5215.47,2602.87,1082.53
4/5/2018,5255.94,2622.88,1090.67
4/6/2018,5152.54,2571.27,1069.21
4/9/2018,5166.44,2577.75,1071.46
4/10/2018,5245.3,2617.08,1087.79
4/11/2018,5218.85,2603.85,1082.27
4/12/2018,5256.49,2622.6,1090.03
4/13/2018,5242.68,2615.68,1087.11
4/16/2018,5286.92,2637.73,1096.26
4/17/2018,5310.58,2649.53,1101.17
4/18/2018,5310.7,2649.59,1101.19
4/19/2018,5296.74,2642.48,1098.09
4/20/2018,5266.66,2627.42,1091.77
4/23/2018,5276.24,2632.2,1093.76
4/24/2018,5238.75,2613.48,1085.97
4/25/2018,5252.32,2620.25,1088.78
4/26/2018,5272.8,2630.46,1093.03
4/27/2018,5280.04,2633.98,1094.39
4/30/2018,5229.04,2608.49,1083.76
5/1/2018,5217.09,2602.52,1081.27
5/2/2018,5168.23,2578.15,1071.14
5/3/2018,5142.37,2565.07,1065.54
5/4/2018,5199.48,2593.38,1077.13
5/7/2018,5206.29,2596.75,1078.5
5/8/2018,5203.8,2595.51,1077.98
5/9/2018,5252.17,2619.48,1087.79
5/10/2018,5302.16,2644.19,1097.83
5/11/2018,5314.59,2650.08,1099.98
5/14/2018,5322.07,2653.76,1101.46
5/15/2018,5302.41,2643.87,1097.28
5/16/2018,5327.59,2656.3,1102.31
5/17/2018,5333.2,2658.73,1102.96
5/18/2018,5307.87,2646,1097.59
5/21/2018,5346.46,2665.2,1105.51
5/22/2018,5336.37,2660.15,1103.4
5/23/2018,5330.38,2657.14,1102.13
5/24/2018,5311.19,2647.54,1098.12
5/25/2018,5286.73,2635.26,1092.93
5/29/2018,5206.84,2595.38,1076.35
5/30/2018,5289.04,2636.2,1093.13
5/31/2018,5242.59,2612.83,1083.23
6/1/2018,5283.05,2632.93,1091.49
6/4/2018,5291.72,2637.23,1093.26
6/5/2018,5286.33,2634.47,1092.03
6/6/2018,5336.24,2659.32,1102.31
6/7/2018,5359.87,2670.9,1106.92
6/8/2018,5378.21,2679.97,1110.62
6/11/2018,5386.43,2684.06,1112.31
6/12/2018,5382.78,2682.18,1111.47
6/13/2018,5356.76,2669.17,1106.04
6/14/2018,5353.78,2667.42,1105.05
6/15/2018,5351.13,2665.99,1104.36
6/18/2018,5333.25,2657.08,1100.66
6/19/2018,5320.26,2650.59,1097.95
6/20/2018,5319.86,2650.39,1097.87
6/21/2018,5290.06,2635.45,1091.59
6/22/2018,5319.3,2649.97,1097.57
6/25/2018,5272.11,2626.46,1087.83
6/26/2018,5275.5,2628.15,1088.53
6/27/2018,5251.9,2616.39,1083.66
6/28/2018,5273.3,2626.89,1087.85
6/29/2018,5275.71,2628,1088.21
7/2/2018,5275.09,2627.65,1088.03
7/3/2018,5268.07,2624.15,1086.58
7/5/2018,5302.8,2641.17,1093.35
7/6/2018,5336.38,2657.84,1100.2
7/9/2018,5385.91,2682.02,1109.75
7/10/2018,5407.5,2692.76,1114.17
7/11/2018,5358.25,2668.24,1104.03
7/12/2018,5381.88,2679.98,1108.86
7/13/2018,5384.26,2681.16,1109.34
7/16/2018,5388.68,2683.3,1110.17
7/17/2018,5394.34,2686.1,1111.32
7/18/2018,5413.59,2695.69,1115.28
7/19/2018,5398.51,2688.07,1112.03
7/20/2018,5383.98,2680.76,1108.93
7/23/2018,5395.74,2686.62,1111.35
7/24/2018,5421.19,2699.23,1116.52
7/25/2018,5446.14,2711.64,1121.63
7/26/2018,5471.18,2724.11,1126.79
7/27/2018,5462.23,2719.64,1124.94
7/30/2018,5474.44,2725.63,1127.32
7/31/2018,5489.47,2733.07,1130.36
8/1/2018,5456.23,2716.52,1123.52
8/2/2018,5462.17,2719.36,1124.58
8/3/2018,5498.45,2737.21,1131.76
8/6/2018,5512.28,2743.99,1134.46
8/7/2018,5528.9,2752.26,1137.88
8/8/2018,5519.65,2747.64,1135.94
8/9/2018,5505.54,2740.25,1132.53
8/10/2018,5470.99,2722.79,1125.06
8/13/2018,5438.27,2706.48,1118.3
8/14/2018,5475.23,2724.75,1125.73
8/15/2018,5437.13,2705.72,1117.81
8/16/2018,5499.98,2736.6,1130.17
8/17/2018,5526.84,2749.85,1135.55
8/20/2018,5549.32,2760.98,1140.08
8/21/2018,5563.84,2768.16,1143.01
8/22/2018,5548.9,2760.71,1139.91
8/23/2018,5532.39,2752.46,1136.48
8/24/2018,5555.32,2763.86,1141.18
8/27/2018,5593.8,2782.91,1148.94
8/28/2018,5588.8,2780.41,1147.9
8/29/2018,5601.3,2786.59,1150.41
8/30/2018,5568.85,2770.23,1143.45
8/31/2018,5563.98,2767.73,1142.34
9/4/2018,5555.2,2763.22,1140.35
9/5/2018,5578.55,2774.83,1145.13
9/6/2018,5563.05,2766.83,1141.56
9/7/2018,5551.18,2760.82,1138.97
9/10/2018,5563.23,2766.81,1141.44
9/11/2018,5567.87,2769.03,1142.27
9/12/2018,5576.21,2773.17,1143.97
9/13/2018,5590.22,2779.91,1146.54
9/14/2018,5597.74,2783.45,1147.8
9/17/2018,5597.26,2783.2,1147.68
9/18/2018,5617.9,2793.44,1151.89
9/19/2018,5637.86,2803.36,1155.98
9/20/2018,5675.27,2821.89,1163.54
9/21/2018,5682.42,2825.41,1164.96
9/24/2018,5640.6,2804.61,1156.38
9/25/2018,5620.61,2794.61,1152.2
9/26/2018,5591.23,2780,1146.17
9/27/2018,5589.98,2779.15,1145.61
9/28/2018,5585.04,2776.63,1144.5
10/1/2018,5607.28,2787.68,1149.05
10/2/2018,5618.59,2793.27,1151.32
10/3/2018,5623.64,2795.78,1152.36
10/4/2018,5620.09,2793.7,1151.19
10/5/2018,5602.82,2785.1,1147.65
10/8/2018,5629.8,2798.51,1153.17
10/9/2018,5614.69,2790.51,1149.4
10/10/2018,5473.2,2720.18,1120.42
10/11/2018,5334.31,2651.15,1091.98
10/12/2018,5363.99,2665.86,1098.01
10/15/2018,5355.32,2661.53,1096.2
10/16/2018,5437.6,2702.38,1112.98
10/17/2018,5441.51,2704.29,1113.75
10/18/2018,5392.17,2679.67,1103.5
10/19/2018,5400.96,2684.01,1105.26
10/22/2018,5348.52,2657.9,1094.47
10/23/2018,5315.69,2641.53,1087.67
10/24/2018,5185.02,2576.6,1060.94
10/25/2018,5239.25,2603.54,1072.03
10/26/2018,5168.82,2568.54,1057.62
10/29/2018,5181.59,2574.87,1060.2
10/30/2018,5267.49,2617.47,1077.66
10/31/2018,5287.6,2627.43,1081.73
11/1/2018,5331.89,2649.4,1090.73
11/2/2018,5318.76,2642.73,1087.85
11/5/2018,5380.81,2673.52,1100.49
11/6/2018,5414.31,2690.1,1107.25
11/7/2018,5491.79,2728.58,1123.08
11/8/2018,5480.5,2722.47,1120.08
11/9/2018,5447.84,2705.94,1112.99
11/12/2018,5373.51,2669.03,1097.81
11/13/2018,5365.08,2664.8,1096.03
11/14/2018,5328.98,2646.75,1088.49
11/15/2018,5370.17,2666.81,1096.37
11/16/2018,5394.15,2678.62,1101.12
11/19/2018,5369.8,2666.49,1096.1
11/20/2018,5260.32,2612.03,1073.62
11/21/2018,5271.21,2617.39,1075.78
11/23/2018,5232.96,2598.32,1067.87
11/26/2018,5299.76,2631.39,1081.37
11/27/2018,5317.87,2640.38,1085.06
11/28/2018,5399.6,2680.95,1101.72
11/29/2018,5390.37,2676.1,1099.47
11/30/2018,5426.84,2694.12,1106.78
12/3/2018,5467.83,2714.46,1115.14
12/4/2018,5309.3,2635.69,1082.72
12/6/2018,5279.86,2620.72,1076.22
12/7/2018,5187.83,2574.86,1057.21
12/10/2018,5163.21,2562.63,1052.18
12/11/2018,5151.62,2556.81,1049.72
12/12/2018,5166.08,2563.96,1052.64
12/13/2018,5162.1,2561.83,1051.61
12/14/2018,5084.19,2523.03,1035.56
12/17/2018,4991.36,2476.91,1016.59
12/18/2018,4963.12,2462.88,1010.81
12/19/2018,4904.07,2433.5,998.68
12/20/2018,4831.07,2397.24,983.76
12/21/2018,4758.27,2361.12,968.94
12/24/2018,4629.55,2297.13,942.57
12/26/2018,4839.9,2401.51,985.4
12/27/2018,4878.58,2420.62,993.17
12/28/2018,4875.07,2418.72,992.24
12/31/2018,4912.53,2437.19,999.7
1/2/2019,4933.2,2447.44,1003.9
1/3/2019,4817.46,2389.78,980.03
1/4/2019,4972.39,2466.64,1011.55
1/7/2019,5004.83,2482.73,1018.14
1/8/2019,5044.38,2502.34,1026.18
1/9/2019,5066.91,2513.21,1030.34
1/10/2019,5091.76,2525.54,1035.4
1/11/2019,5095.42,2527.35,1036.14
1/14/2019,5079.01,2519.14,1032.71
1/15/2019,5111.18,2535.09,1039.23
1/16/2019,5141.64,2550.15,1045.36
1/17/2019,5180,2569.09,1053.05
1/18/2019,5257.79,2607.64,1068.82
1/22/2019,5182.56,2570.3,1053.49
1/23/2019,5195.06,2576.5,1056.03
1/24/2019,5205.96,2581.86,1058.17
1/25/2019,5260.12,2608.68,1069.13
1/28/2019,5234.48,2595.96,1063.92
1/29/2019,5240.51,2598.94,1065.13
1/30/2019,5303.55,2630.07,1077.76
1/31/2019,5333.71,2644.86,1083.65
2/1/2019,5344.96,2650.28,1085.73
2/4/2019,5374.03,2664.67,1091.59
2/5/2019,5391.58,2673.36,1095.15
2/6/2019,5388.41,2671.73,1094.42
2/7/2019,5339.75,2647.44,1084.31
2/8/2019,5331.55,2642.99,1082.12
2/11/2019,5332.92,2643.66,1082.39
2/12/2019,5400.14,2676.86,1095.87
2/13/2019,5422.08,2687.68,1100.25
2/14/2019,5399.83,2676.25,1095.18
2/15/2019,5470.44,2711.14,1109.36
2/19/2019,5483.02,2717.25,1111.75
2/20/2019,5501.35,2726.28,1115.38
2/21/2019,5474.58,2712.92,1109.84
2/22/2019,5494.21,2722.62,1113.77
2/25/2019,5504.74,2727.74,1115.77
2/26/2019,5493.2,2722.01,1113.42
2/27/2019,5482.99,2716.81,1111.15
2/28/2019,5453.6,2701.95,1104.8
3/1/2019,5485.72,2717.79,1111.2
3/4/2019,5460.11,2705.08,1105.98
3/5/2019,5450,2700.02,1103.86
3/6/2019,5410.84,2680.56,1095.86
3/7/2019,5370.77,2660.49,1087.44
3/8/2019,5366.67,2658.35,1086.46
3/11/2019,5443.99,2696.63,1102.08
3/12/2019,5460.34,2704.69,1105.35
3/13/2019,5497.69,2723.12,1112.81
3/14/2019,5502.2,2725.04,1113.3
3/15/2019,5525.11,2736.33,1117.85
3/18/2019,5560.08,2753.64,1124.91
3/19/2019,5547.29,2747.26,1122.27
3/20/2019,5503.18,2725.42,1113.35
3/21/2019,5560.97,2753.99,1124.98
3/22/2019,5450.45,2699.14,1102.45
3/25/2019,5433.16,2690.52,1098.87
3/26/2019,5472.19,2709.84,1106.76
3/27/2019,5453.51,2700.56,1102.95
3/28/2019,5475.32,2711.19,1107.13
3/29/2019,5511.57,2729.09,1114.38
4/1/2019,5583.37,2764.63,1128.89
4/2/2019,5578.74,2762.3,1127.9
4/3/2019,5592.95,2769.33,1130.77
4/4/2019,5619.94,2782.47,1135.91
4/5/2019,5651.63,2798.15,1142.3
4/8/2019,5663.66,2804.1,1144.73
4/9/2019,5619.72,2782.02,1135.41
4/10/2019,5639.17,2791.58,1139.25
4/11/2019,5642.11,2793.02,1139.81
4/12/2019,5680.77,2812.09,1147.54
4/15/2019,5674.94,2809.16,1146.3
4/16/2019,5689.14,2816.19,1149.17
4/17/2019,5689.6,2816.34,1149.15
4/18/2019,5693.17,2818.07,1149.82
4/22/2019,5687.77,2815.35,1148.67
4/23/2019,5731.12,2836.75,1157.34
4/24/2019,5714.39,2828.47,1153.96
4/25/2019,5686.38,2814.6,1148.31
4/26/2019,5714.21,2828.34,1153.88
4/29/2019,5728.12,2835.14,1156.57
4/30/2019,5738.92,2840.46,1158.71
5/1/2019,5713.94,2828.08,1153.65
5/2/2019,5699.7,2820.98,1150.71
5/3/2019,5745.8,2843.68,1159.86
5/6/2019,5715.51,2828.61,1153.63
5/7/2019,5622.19,2782.42,1134.78
5/8/2019,5607.21,2774.97,1131.72
5/9/2019,5595.65,2768.87,1128.87
5/10/2019,5615.22,2778.15,1132.26
5/13/2019,5473.09,2707.79,1103.55
5/14/2019,5520.93,2731.3,1112.97
5/15/2019,5533.33,2737.38,1115.41
5/16/2019,5567.42,2753.92,1121.84
5/17/2019,5539.66,2740.05,1116.06
5/20/2019,5508.59,2724.66,1109.77
5/21/2019,5561.82,2750.95,1120.44
5/22/2019,5528.01,2734.21,1113.6
5/23/2019,5461.28,2701.09,1100
5/24/2019,5471.39,2705.95,1101.85
5/28/2019,5405.45,2673.33,1088.56
5/29/2019,5376.03,2658.74,1082.59
5/30/2019,5374.17,2657.68,1082.02
5/31/2019,5304.29,2622.99,1067.77
6/3/2019,5340.78,2641.02,1075.09
6/4/2019,5464.33,2702.02,1099.84
6/5/2019,5495.9,2717.51,1106.02
6/6/2019,5528.42,2733.26,1112.12
6/7/2019,5567.94,2752.68,1119.92
6/10/2019,5596.34,2766.72,1125.62
6/11/2019,5603.36,2770.14,1126.97
6/12/2019,5584.79,2760.93,1123.19
6/13/2019,5618.11,2777.06,1129.43
6/14/2019,5609.56,2772.71,1127.53
6/17/2019,5601.52,2768.73,1125.92
6/18/2019,5662.68,2798.95,1138.2
6/19/2019,5669.54,2802.34,1139.57
6/20/2019,5722.37,2828.36,1150.06
6/21/2019,5715.87,2825.11,1148.71
6/24/2019,5696.98,2815.78,1144.92
6/25/2019,5662.35,2798.66,1137.96
6/26/2019,5663.23,2799.1,1138.14
6/27/2019,5691.15,2812.73,1143.53
6/28/2019,5733.02,2833.37,1151.86
7/1/2019,5775.36,2854.28,1160.35
7/2/2019,5779.82,2856.45,1161.2
7/3/2019,5822.12,2877.08,1169.32
7/5/2019,5817.83,2874.88,1168.36
7/8/2019,5787.3,2859.8,1162.23
7/9/2019,5788.28,2859.95,1161.98
7/10/2019,5799.63,2865.55,1164.25
7/11/2019,5821.58,2876.39,1168.65
7/12/2019,5863.23,2896.91,1176.92
7/15/2019,5859.07,2894.85,1176.09
7/16/2019,5844.3,2887.52,1173.08
7/17/2019,5795.81,2863.55,1163.33
7/18/2019,5824.66,2877.7,1168.97
7/19/2019,5792.18,2861.61,1162.39
7/22/2019,5803.86,2867.33,1164.68
7/23/2019,5855.16,2892.66,1174.95
7/24/2019,5888.1,2908.86,1181.47
7/25/2019,5859.54,2894.75,1175.73
7/26/2019,5890.58,2910.06,1181.93
7/29/2019,5887.23,2908.4,1181.24
7/30/2019,5882.11,2905.74,1180.03
7/31/2019,5834.01,2881.95,1170.35
8/1/2019,5753.11,2841.97,1154.1
8/2/2019,5715.18,2823.1,1146.31
8/5/2019,5545.73,2739.33,1112.23
8/6/2019,5609.23,2770.64,1124.89
8/7/2019,5605.24,2768.64,1124.05
8/8/2019,5703.57,2816.84,1143.27
8/9/2019,5664.39,2797.22,1135.05
8/12/2019,5595.5,2763.05,1121.04
8/13/2019,5678.72,2804.08,1137.63
8/14/2019,5508.86,2720.1,1103.46
8/15/2019,5514.68,2722.79,1104.38
8/16/2019,5607.84,2768.53,1122.69
8/19/2019,5674.07,2801.13,1135.81
8/20/2019,5625.78,2777.17,1125.98
8/21/2019,5667.86,2797.88,1134.33
8/22/2019,5673.44,2800.6,1135.39
8/23/2019,5521.58,2725.62,1104.99
8/26/2019,5577.87,2753.32,1116.13
8/27/2019,5545.47,2737.31,1109.63
8/28/2019,5593.45,2760.99,1119.22
8/29/2019,5666.91,2797.03,1133.62
8/30/2019,5683.02,2804.9,1136.73
9/3/2019,5645.05,2786.04,1128.98
9/4/2019,5712.63,2819.29,1142.36
9/5/2019,5788.63,2856.51,1157.16
9/6/2019,5800.7,2862.42,1159.51
9/9/2019,5849.41,2886.37,1169.13
9/10/2019,5888.17,2905.45,1176.81
9/11/2019,5940.07,2931.02,1187.13
9/12/2019,5943.58,2932.58,1187.6
9/13/2019,5948.74,2934.8,1188.2
9/16/2019,5936.3,2928.63,1185.66
9/17/2019,5938.96,2929.93,1186.18
9/18/2019,5943.66,2932.24,1187.11
9/19/2019,5928.1,2924.46,1183.87
9/20/2019,5903.44,2912.29,1178.93
9/23/2019,5908.49,2914.78,1179.94
9/24/2019,5864.51,2893.01,1171.06
9/25/2019,5899.99,2910.52,1178.15
9/26/2019,5878.34,2899.82,1173.79
9/27/2019,5865.18,2893.17,1170.96
9/30/2019,5895.53,2908.07,1176.92
10/1/2019,5816.3,2868.94,1161.04
10/2/2019,5710.82,2816.91,1139.98
10/3/2019,5743.09,2832.55,1146.05
10/4/2019,5827.2,2874.03,1162.83
10/7/2019,5802.19,2861.7,1157.84
10/8/2019,5713.15,2817.77,1140.05
10/9/2019,5761.51,2841.28,1149.24
10/10/2019,5810.81,2865.56,1159.04
10/11/2019,5887.05,2903.09,1174.16
10/14/2019,5878.05,2898.65,1172.36
10/15/2019,5935.89,2927.18,1183.9
10/16/2019,5924.97,2921.72,1181.62
10/17/2019,5944.86,2931.46,1185.5
10/18/2019,5945.04,2931.51,1185.48
10/21/2019,5994.55,2955.87,1195.29
10/22/2019,6009.18,2963.06,1198.16
10/23/2019,6024.42,2970.51,1201.11
10/24/2019,6016.82,2966.76,1199.6
10/25/2019,6048.13,2982.17,1205.8
10/28/2019,6073.68,2994.77,1210.9
10/29/2019,6064.31,2990.14,1209.01
10/30/2019,6069.18,2992.43,1209.84
10/31/2019,6051.75,2983.76,1206.27
11/1/2019,6136.09,3025.22,1222.91
11/4/2019,6178.73,3046.22,1231.38
11/5/2019,6184.03,3048.83,1232.42
11/6/2019,6188.94,3051.18,1233.32
11/7/2019,6218.16,3064.97,1238.3
11/8/2019,6233.77,3072.49,1241.17
11/11/2019,6218.65,3065.03,1238.16
11/12/2019,6220.39,3065.84,1238.44
11/13/2019,6220.56,3065.88,1238.42
11/14/2019,6222.47,3066.56,1238.44
11/15/2019,6272.1,3090.7,1247.89
11/18/2019,6278.2,3093.68,1249.07
11/19/2019,6253.29,3081.3,1243.97
11/20/2019,6227.17,3068.37,1238.7
11/21/2019,6223.72,3066.59,1237.91
11/22/2019,6242.83,3076,1241.69
11/25/2019,6288.35,3098.32,1250.6
11/26/2019,6283.86,3096.07,1249.66
11/27/2019,6309.2,3108.44,1254.55
11/29/2019,6285.09,3096.33,1249.44
12/2/2019,6240.39,3074.27,1240.5
12/3/2019,6181.3,3045.1,1228.67
12/4/2019,6230.69,3069.31,1238.32
12/5/2019,6250.58,3078.72,1241.76
12/6/2019,6314.91,3110.32,1254.43
12/9/2019,6293.49,3099.68,1250.05
12/10/2019,6292.36,3099.07,1249.75
12/11/2019,6307.53,3106.52,1252.73
12/12/2019,6382.62,3143.35,1267.45
12/13/2019,6373.13,3138.55,1265.39
12/16/2019,6421.33,3162.26,1274.93
12/17/2019,6429.34,3166.19,1276.5
12/18/2019,6423.81,3163.38,1275.27
12/19/2019,6441.13,3171.78,1278.55
12/20/2019,6470.04,3186.01,1284.28
12/23/2019,6473.94,3187.93,1285.05
12/24/2019,6471.09,3186.43,1284.36
12/26/2019,6486.74,3194.03,1287.32
12/27/2019,6486.64,3193.96,1287.27
12/30/2019,6457.23,3179.28,1281.17
12/31/2019,6481.05,3190.91,1285.77
1/2/2020,6502.83,3201.45,1289.84
1/3/2020,6458.33,3179.43,1280.86
1/6/2020,6469.27,3184.82,1283.03
1/7/2020,6443.39,3171.99,1277.78
1/8/2020,6462.26,3181.26,1281.5
1/9/2020,6490.48,3194.64,1286.4
1/10/2020,6467.08,3183.11,1281.76
1/13/2020,6491.47,3195.12,1286.59
1/14/2020,6498.22,3198.34,1287.8
1/15/2020,6506.04,3202.18,1289.33
1/16/2020,6553.27,3225.36,1298.61
1/17/2020,6565.56,3231.39,1301.02
1/21/2020,6537.01,3217.33,1295.34
1/22/2020,6538.95,3218.22,1295.64
1/23/2020,6540.89,3219.11,1295.94
1/24/2020,6477.12,3187.67,1283.23
1/27/2020,6388.34,3143.97,1265.64
1/28/2020,6427.83,3163.38,1273.42
1/29/2020,6399.08,3149.19,1267.66
1/30/2020,6422.01,3160.21,1271.85
1/31/2020,6310.02,3104.95,1249.47
2/3/2020,6329.59,3114.55,1253.31
2/4/2020,6404.37,3151.34,1268.11
2/5/2020,6520.8,3208.63,1291.16
2/6/2020,6522.25,3209.09,1291.11
2/7/2020,6484.76,3190.48,1283.47
2/10/2020,6504.88,3200.08,1287.05
2/11/2020,6531.71,3213.2,1292.25
2/12/2020,6564.93,3229.5,1298.76
2/13/2020,6552.27,3222.86,1295.71
2/14/2020,6549.72,3221.29,1294.78
2/18/2020,6522.69,3207.89,1289.3
2/19/2020,6541.28,3216.98,1292.9
2/20/2020,6537.73,3215.18,1292.12
2/21/2020,6506.71,3199.87,1285.92
2/24/2020,6306.93,3101.47,1246.24
2/25/2020,6107.12,3003.21,1206.75
2/26/2020,6050.93,2975.57,1195.64
2/27/2020,5800.3,2852.13,1145.86
2/28/2020,5709.93,2807.52,1127.77
