date,tr,net_tr,utilities
1/29/2010,279.31,122.76,149.93
2/1/2010,281.38,123.67,151.04
2/2/2010,283.7,124.69,152.29
2/3/2010,281.7,123.8,151.14
2/4/2010,274.29,120.53,147.15
2/5/2010,273.55,120.21,146.75
2/8/2010,270.67,118.92,145.12
2/9/2010,273.36,120.09,146.51
2/10/2010,272.16,119.52,145.68
2/11/2010,273.93,120.26,146.45
2/12/2010,272.24,119.49,145.48
2/16/2010,277.3,121.72,148.18
2/17/2010,276.61,121.41,147.8
2/18/2010,278.22,122.12,148.66
2/19/2010,282.17,123.85,150.78
2/22/2010,280.33,123.04,149.79
2/23/2010,278.06,122.05,148.58
2/24/2010,278.66,122.26,148.67
2/25/2010,277.88,121.91,148.24
2/26/2010,275.82,121,147.14
3/1/2010,279.48,122.61,149.09
3/2/2010,280.78,123.18,149.78
3/3/2010,280.5,123.06,149.64
3/4/2010,280.77,123.17,149.77
3/5/2010,283.86,124.53,151.42
3/8/2010,284.09,124.57,151.31
3/9/2010,283.31,124.23,150.89
3/10/2010,283.64,124.38,151.07
3/11/2010,284.34,124.68,151.44
3/12/2010,282.39,123.83,150.4
3/15/2010,283.73,124.42,151.12
3/16/2010,286.79,125.75,152.71
3/17/2010,287.79,126.18,153.24
3/18/2010,286.61,125.66,152.57
3/19/2010,286.02,125.4,152.26
3/22/2010,284.23,124.62,151.31
3/23/2010,285.21,125.03,151.78
3/24/2010,282.41,123.8,150.29
3/25/2010,280.48,122.96,149.27
3/26/2010,281.2,123.27,149.65
3/29/2010,284.75,124.8,151.41
3/30/2010,284.3,124.6,151.17
3/31/2010,283.41,124.22,150.7
4/1/2010,287.09,125.83,152.66
4/5/2010,288.69,126.53,153.51
4/6/2010,291.22,127.64,154.85
4/7/2010,288.52,126.45,153.42
4/8/2010,286.99,125.76,152.53
4/9/2010,288.57,126.46,153.37
4/12/2010,289.58,126.9,153.91
4/13/2010,288.54,126.45,153.36
4/14/2010,288.63,126.48,153.41
4/15/2010,288.12,126.26,153.13
4/16/2010,285.01,124.9,151.48
4/19/2010,285.5,125.11,151.74
4/20/2010,288.75,126.53,153.47
4/21/2010,289.19,126.73,153.7
4/22/2010,290.21,127.17,154.24
4/23/2010,292.64,128.24,155.53
4/26/2010,291.5,127.74,154.93
4/27/2010,286.32,125.47,152.18
4/28/2010,289.08,126.67,153.6
4/29/2010,289.51,126.81,153.65
4/30/2010,290.87,127.41,154.37
5/3/2010,294.75,129.11,156.43
5/4/2010,289.37,126.75,153.57
5/5/2010,287.42,125.88,152.44
5/6/2010,279.82,122.52,148.33
5/7/2010,278.15,121.8,147.45
5/10/2010,286.69,125.5,151.84
5/11/2010,287.24,125.74,152.13
5/12/2010,290.08,126.93,153.42
5/13/2010,288.49,126.24,152.58
5/14/2010,286.1,125.19,151.31
5/17/2010,286.36,125.3,151.45
5/18/2010,283.52,124.06,149.95
5/19/2010,281.06,122.95,148.52
5/20/2010,272.04,119.01,143.75
5/21/2010,273.55,119.67,144.55
5/24/2010,271.12,118.61,143.27
5/25/2010,269.25,117.79,142.28
5/26/2010,269.1,117.68,142.05
5/27/2010,274.63,120.1,144.96
5/28/2010,274.56,120.07,144.92
6/1/2010,268.38,117.36,141.65
6/2/2010,274.22,119.9,144.66
6/3/2010,276.9,121.07,146.06
6/4/2010,268.71,117.49,141.74
6/7/2010,270.31,118.16,142.47
6/8/2010,274.06,119.77,144.33
6/9/2010,272.26,118.98,143.38
6/10/2010,279.55,122.17,147.22
6/11/2010,279.49,122.14,147.19
6/14/2010,280.63,122.64,147.79
6/15/2010,286.32,125.12,150.78
6/16/2010,288.07,125.88,151.67
6/17/2010,290.29,126.84,152.8
6/18/2010,290.66,127,152.99
6/21/2010,288.41,126.02,151.81
6/22/2010,281.38,122.93,148.06
6/23/2010,278.4,121.63,146.49
6/24/2010,277.51,121.25,146.02
6/25/2010,278.35,121.61,146.47
6/28/2010,280.49,122.52,147.47
6/29/2010,274.76,120.02,144.46
6/30/2010,272.81,119.17,143.44
7/1/2010,271.93,118.78,142.97
7/2/2010,272.06,118.84,143.04
7/6/2010,275.24,120.22,144.71
7/7/2010,283.82,123.97,149.22
7/8/2010,286.15,124.97,150.37
7/9/2010,287.95,125.76,151.32
7/12/2010,288.89,126.17,151.81
7/13/2010,289.88,126.6,152.33
7/14/2010,290.06,126.68,152.43
7/15/2010,291.86,127.47,153.38
7/16/2010,287.07,125.37,150.86
7/19/2010,291.31,127.23,153.09
7/20/2010,293.76,128.29,154.37
7/21/2010,289.6,126.48,152.19
7/22/2010,294.34,128.55,154.68
7/23/2010,294.61,128.67,154.82
7/26/2010,296.56,129.52,155.84
7/27/2010,301.33,131.6,158.35
7/28/2010,299.78,130.91,157.49
7/29/2010,295.29,128.91,154.95
7/30/2010,293.44,128.1,153.97
8/2/2010,299.28,130.65,157.04
8/3/2010,298.42,130.27,156.59
8/4/2010,298.88,130.45,156.73
8/5/2010,299.01,130.51,156.8
8/6/2010,299.48,130.69,156.97
8/9/2010,300.72,131.23,157.61
8/10/2010,302.13,131.83,158.29
8/11/2010,296.36,129.27,155.11
8/12/2010,295.58,128.88,154.5
8/13/2010,296.53,129.3,155
8/16/2010,296.81,129.4,155.08
8/17/2010,299.48,130.57,156.47
8/18/2010,297.92,129.89,155.66
8/19/2010,293.77,128.08,153.49
8/20/2010,294.38,128.34,153.81
8/23/2010,296.1,129.09,154.7
8/24/2010,296.95,129.46,155.15
8/25/2010,296.5,129.22,154.71
8/26/2010,295.13,128.62,154
8/27/2010,300.77,131.07,156.92
8/30/2010,296.58,129.24,154.71
8/31/2010,297.78,129.76,155.34
9/1/2010,304.36,132.63,158.77
9/2/2010,303.87,132.42,158.52
9/3/2010,305.71,133.22,159.48
9/7/2010,304.23,132.55,158.59
9/8/2010,303.1,132.02,157.87
9/9/2010,305.36,133,159.03
9/10/2010,303.94,132.38,158.29
9/13/2010,305.13,132.9,158.91
9/14/2010,304.57,132.66,158.62
9/15/2010,302.99,131.97,157.8
9/16/2010,301.68,131.39,157.08
9/17/2010,301.31,131.23,156.88
9/20/2010,305.22,132.93,158.92
9/21/2010,303.75,132.28,158.11
9/22/2010,305.71,133.13,159.12
9/23/2010,302.59,131.78,157.5
9/24/2010,307.38,133.86,159.99
9/27/2010,307.88,134.07,160.21
9/28/2010,308.74,134.41,160.53
9/29/2010,307.64,133.93,159.96
9/30/2010,306.5,133.43,159.37
10/1/2010,308.5,134.3,160.41
10/4/2010,307.47,133.85,159.87
10/5/2010,310.92,135.36,161.67
10/6/2010,309.69,134.8,160.95
10/7/2010,310.04,134.95,161.13
10/8/2010,310.85,135.31,161.55
10/11/2010,310.96,135.36,161.61
10/12/2010,309.93,134.91,161.07
10/13/2010,310.91,135.34,161.58
10/14/2010,310.43,135.13,161.34
10/15/2010,311.49,135.59,161.88
10/18/2010,314.17,136.76,163.28
10/19/2010,312.28,135.93,162.29
10/20/2010,314.72,136.99,163.56
10/21/2010,313.16,136.32,162.76
10/22/2010,311.36,135.53,161.82
10/25/2010,310.36,135.1,161.3
10/26/2010,309.8,134.85,161.01
10/27/2010,308.5,134.27,160.28
10/28/2010,309.39,134.62,160.56
10/29/2010,309.95,134.86,160.85
11/1/2010,307.31,133.71,159.48
11/2/2010,310.94,135.29,161.37
11/3/2010,310.24,134.96,160.91
11/4/2010,313.4,136.34,162.55
11/5/2010,313.39,136.33,162.54
11/8/2010,311.62,135.54,161.53
11/9/2010,310.32,134.91,160.64
11/10/2010,308.64,134.14,159.6
11/11/2010,308.59,134.12,159.58
11/12/2010,306.3,133.12,158.36
11/15/2010,307.29,133.53,158.8
11/16/2010,303.66,131.95,156.92
11/17/2010,303.48,131.88,156.83
11/18/2010,305.17,132.61,157.7
11/19/2010,304.35,132.25,157.28
11/22/2010,305.09,132.57,157.66
11/23/2010,301.95,131.19,155.95
11/24/2010,303.43,131.8,156.6
11/26/2010,301.78,131.08,155.73
11/29/2010,300.7,130.61,155.15
11/30/2010,300.57,130.55,155.08
12/1/2010,303.86,131.98,156.78
12/2/2010,304.82,132.4,157.28
12/3/2010,305.69,132.77,157.73
12/6/2010,304.45,132.21,156.98
12/7/2010,302.93,131.55,156.19
12/8/2010,301.8,131.02,155.47
12/9/2010,302.85,131.48,156
12/10/2010,304.05,131.99,156.62
12/13/2010,305.46,132.61,157.34
12/14/2010,306.33,132.98,157.79
12/15/2010,303.64,131.82,156.4
12/16/2010,306.3,132.97,157.77
12/17/2010,307.34,133.42,158.31
12/20/2010,308.47,133.91,158.89
12/21/2010,308.48,133.9,158.81
12/22/2010,310.13,134.6,159.62
12/23/2010,310.37,134.71,159.74
12/27/2010,310.24,134.65,159.68
12/28/2010,310.98,134.97,160.06
12/29/2010,310.44,134.7,159.65
12/30/2010,309.86,134.45,159.35
12/31/2010,309.84,134.44,159.34
1/3/2011,311.43,135.14,160.16
1/4/2011,312.94,135.79,160.94
1/5/2011,311.02,134.96,159.95
1/6/2011,311.19,135.01,159.96
1/7/2011,312.35,135.51,160.55
1/10/2011,310.62,134.76,159.67
1/11/2011,311.05,134.95,159.89
1/12/2011,312.64,135.64,160.7
1/13/2011,312.5,135.58,160.63
1/14/2011,313.86,136.17,161.33
1/18/2011,314.61,136.49,161.72
1/19/2011,314.25,136.34,161.53
1/20/2011,316.21,137.19,162.54
1/21/2011,316.01,137.1,162.44
1/24/2011,317.7,137.83,163.3
1/25/2011,317.26,137.64,163.08
1/26/2011,316.1,137.14,162.48
1/27/2011,317.29,137.64,163.05
1/28/2011,313.13,135.83,160.88
1/31/2011,313.42,135.96,161.03
2/1/2011,316.84,137.44,162.79
2/2/2011,315.21,136.74,161.95
2/3/2011,316.27,137.15,162.31
2/4/2011,314.48,136.37,161.4
2/7/2011,316.6,137.29,162.48
2/8/2011,316.64,137.27,162.35
2/9/2011,316.71,137.27,162.25
2/10/2011,317.08,137.42,162.39
2/11/2011,316.79,137.25,162.09
2/14/2011,314.48,136.22,160.8
2/15/2011,315.54,136.68,161.35
2/16/2011,314.47,136.22,160.8
2/17/2011,315.46,136.65,161.3
2/18/2011,315.46,136.65,161.3
2/22/2011,314.39,136.18,160.76
2/23/2011,313.28,135.7,160.19
2/24/2011,312.25,135.25,159.64
2/25/2011,314.14,136.06,160.58
2/28/2011,317.54,137.52,162.26
3/1/2011,314.53,136.21,160.71
3/2/2011,315.43,136.55,160.96
3/3/2011,318.44,137.85,162.49
3/4/2011,316.61,137.06,161.56
3/7/2011,317.82,137.57,162.14
3/8/2011,321.36,139.05,163.73
3/9/2011,324.92,140.59,165.54
3/10/2011,320.89,138.85,163.49
3/11/2011,321.86,139.27,163.98
3/14/2011,317.44,137.35,161.73
3/15/2011,311.52,134.8,158.72
3/16/2011,306.42,132.58,156.07
3/17/2011,307.09,132.85,156.37
3/18/2011,308.19,133.33,156.93
3/21/2011,312.14,135.04,158.94
3/22/2011,312.47,135.17,159.06
3/23/2011,312.36,135.12,159
3/24/2011,313.46,135.6,159.56
3/25/2011,313.48,135.61,159.57
3/28/2011,312.42,135.15,159.03
3/29/2011,315.44,136.42,160.44
3/30/2011,319.25,138.07,162.38
3/31/2011,318.35,137.68,161.92
4/1/2011,320.62,138.66,163.08
4/4/2011,320.37,138.56,162.95
4/5/2011,319.33,138.1,162.42
4/6/2011,321.74,139.15,163.64
4/7/2011,320.34,138.52,162.86
4/8/2011,319.58,138.19,162.47
4/11/2011,315.23,136.31,160.26
4/12/2011,314.51,136,159.89
4/13/2011,315.58,136.46,160.44
4/14/2011,317.2,137.16,161.26
4/15/2011,320.67,138.66,163.02
4/18/2011,317.92,137.48,161.63
4/19/2011,317.94,137.48,161.64
4/20/2011,321.5,139.02,163.45
4/21/2011,322.08,139.27,163.74
4/25/2011,322.28,139.36,163.84
4/26/2011,325.03,140.55,165.24
4/27/2011,327.66,141.67,166.53
4/28/2011,330.47,142.84,167.77
4/29/2011,331.16,143.14,168.11
5/2/2011,331.41,143.24,168.24
5/3/2011,333.62,144.2,169.36
5/4/2011,333.02,143.91,168.94
5/5/2011,330.57,142.85,167.7
5/6/2011,332.49,143.66,168.58
5/9/2011,333.29,144.01,168.99
5/10/2011,337.83,145.95,171.22
5/11/2011,337.11,145.63,170.83
5/12/2011,340.37,146.99,172.29
5/13/2011,338.89,146.35,171.54
5/16/2011,339.05,146.4,171.54
5/17/2011,341.54,147.48,172.81
5/18/2011,340.67,147.06,172.23
5/19/2011,341.36,147.36,172.58
5/20/2011,341.27,147.32,172.53
5/23/2011,337.19,145.57,170.47
5/24/2011,336.61,145.31,170.18
5/25/2011,335.84,144.95,169.67
5/26/2011,335.6,144.84,169.53
5/27/2011,335.95,144.99,169.68
5/31/2011,338.25,145.98,170.84
6/1/2011,334.77,144.45,168.99
6/2/2011,333.85,144.05,168.52
6/3/2011,331.49,143.04,167.33
6/6/2011,329.97,142.37,166.53
6/7/2011,330.54,142.6,166.74
6/8/2011,331.3,142.89,166.97
6/9/2011,331.47,142.96,167.06
6/10/2011,329.57,142.14,166.1
6/13/2011,330.82,142.68,166.73
6/14/2011,332.15,143.26,167.4
6/15/2011,328.09,141.5,165.35
6/16/2011,330.84,142.68,166.7
6/17/2011,332.94,143.59,167.76
6/20/2011,334.79,144.38,168.69
6/21/2011,335.15,144.52,168.82
6/22/2011,332.95,143.56,167.66
6/23/2011,330.11,142.34,166.23
6/24/2011,330.84,142.65,166.6
6/27/2011,333.38,143.75,167.88
6/28/2011,335.16,144.48,168.65
6/29/2011,336.66,145.13,169.4
6/30/2011,337.9,145.66,170.03
7/1/2011,342.06,147.46,172.12
7/5/2011,340.03,146.58,171.1
7/6/2011,340.7,146.87,171.43
7/7/2011,342.03,147.42,172.03
7/8/2011,340.86,146.92,171.44
7/11/2011,337.06,145.28,169.53
7/12/2011,338.62,145.96,170.31
7/13/2011,337.81,145.61,169.91
7/14/2011,336.3,144.96,169.15
7/15/2011,336.83,145.18,169.41
7/18/2011,333.64,143.81,167.81
7/19/2011,336.36,144.98,169.18
7/20/2011,338.31,145.82,170.16
7/21/2011,343.52,148.07,172.78
7/22/2011,341.6,147.24,171.81
7/25/2011,342.51,147.63,172.27
7/26/2011,341.26,147.09,171.64
7/27/2011,340.12,146.59,171.04
7/28/2011,338.13,145.68,169.82
7/29/2011,334.79,144.24,168.15
8/1/2011,335.8,144.68,168.65
8/2/2011,330.41,142.35,165.94
8/3/2011,330.24,142.25,165.74
8/4/2011,319.56,137.65,160.38
8/5/2011,322.34,138.85,161.78
8/8/2011,304.91,131.32,152.93
8/9/2011,314.83,135.57,157.85
8/10/2011,308.69,132.89,154.61
8/11/2011,322.06,138.6,161.14
8/12/2011,320.15,137.77,160.15
8/15/2011,331.43,142.6,165.72
8/16/2011,330.43,142.17,165.22
8/17/2011,333.15,143.35,166.58
8/18/2011,328.92,141.53,164.46
8/19/2011,326.4,140.44,163.2
8/22/2011,326.01,140.27,163.01
8/23/2011,332,142.85,166
8/24/2011,339.01,145.81,169.29
8/25/2011,333.87,143.6,166.72
8/26/2011,333.52,143.45,166.55
8/29/2011,340.04,146.25,169.78
8/30/2011,340,146.23,169.74
8/31/2011,342.48,147.29,170.98
9/1/2011,340.38,146.39,169.94
9/2/2011,336.48,144.71,167.99
9/6/2011,334.62,143.9,167.02
9/7/2011,338.31,145.44,168.68
9/8/2011,338.11,145.34,168.53
9/9/2011,331.24,142.39,165.11
9/12/2011,334.05,143.6,166.51
9/13/2011,335.9,144.39,167.43
9/14/2011,338.46,145.49,168.71
9/15/2011,343.08,147.47,170.97
9/16/2011,346.62,148.99,172.74
9/19/2011,345.03,148.31,171.94
9/20/2011,349.79,150.34,174.26
9/21/2011,343.77,147.75,171.26
9/22/2011,337.56,145.08,168.17
9/23/2011,340.85,146.5,169.81
9/26/2011,343.69,147.72,171.22
9/27/2011,344.65,148.12,171.65
9/28/2011,341.59,146.79,170.08
9/29/2011,346.97,149.08,172.68
9/30/2011,343.13,147.43,170.77
10/3/2011,335.19,144.02,166.81
10/4/2011,333.62,143.35,166.04
10/5/2011,333.73,143.39,166.09
10/6/2011,339.27,145.75,168.77
10/7/2011,340.68,146.36,169.47
10/10/2011,347.53,149.3,172.88
10/11/2011,343.85,147.72,171.05
10/12/2011,343.37,147.51,170.81
10/13/2011,343.46,147.55,170.85
10/14/2011,346.41,148.82,172.32
10/17/2011,345.51,148.43,171.87
10/18/2011,347.93,149.47,173.08
10/19/2011,348.29,149.63,173.26
10/20/2011,350.29,150.49,174.25
10/21/2011,356.05,152.96,177.12
10/24/2011,354.58,152.33,176.39
10/25/2011,350.15,150.43,174.18
10/26/2011,352.45,151.42,175.33
10/27/2011,360.01,154.65,179.06
10/28/2011,357.78,153.69,177.93
10/31/2011,355.48,152.7,176.78
11/1/2011,348.48,149.7,173.3
11/2/2011,354.26,152.18,176.16
11/3/2011,358.96,154.12,178.2
11/4/2011,357,153.27,177.23
11/7/2011,359.26,154.25,178.35
11/8/2011,361.29,155.08,179.2
11/9/2011,353.49,151.72,175.29
11/10/2011,356,152.76,176.39
11/11/2011,360.89,154.86,178.81
11/14/2011,356.89,153.11,176.72
11/15/2011,357.51,153.38,177.03
11/16/2011,353.15,151.47,174.73
11/17/2011,351.06,150.58,173.7
11/18/2011,353.3,151.53,174.8
11/21/2011,349.1,149.74,172.73
11/22/2011,344.88,147.9,170.54
11/23/2011,339.6,145.63,167.93
11/25/2011,341.17,146.31,168.7
11/28/2011,345.67,148.23,170.91
11/29/2011,349.53,149.89,172.82
11/30/2011,359.42,154.1,177.59
12/1/2011,358.59,153.74,177.18
12/2/2011,354.86,152.14,175.34
12/5/2011,357.83,153.41,176.77
12/6/2011,358.63,153.75,177.16
12/7/2011,357.9,153.39,176.62
12/8/2011,352.73,151.16,174.02
12/9/2011,357.66,153.27,176.45
12/12/2011,354.25,151.81,174.76
12/13/2011,356.16,152.63,175.71
12/14/2011,353.29,151.4,174.29
12/15/2011,358.13,153.46,176.64
12/16/2011,357.02,152.98,176.09
12/19/2011,354.17,151.76,174.68
12/20/2011,361.72,154.99,178.36
12/21/2011,367.07,157.28,181
12/22/2011,367.49,157.45,181.15
12/23/2011,370.07,158.55,182.4
12/27/2011,373.02,159.8,183.83
12/28/2011,371.03,158.92,182.73
12/29/2011,373.98,160.18,184.18
12/30/2011,371.54,159.14,182.98
1/3/2012,365.21,156.42,179.86
1/4/2012,363.22,155.57,178.88
1/5/2012,363.75,155.8,179.14
1/6/2012,361.68,154.92,178.12
1/9/2012,362.34,155.2,178.45
1/10/2012,362.84,155.41,178.69
1/11/2012,361.33,154.76,177.95
1/12/2012,360.63,154.46,177.6
1/13/2012,360.11,154.24,177.35
1/17/2012,360.22,154.29,177.4
1/18/2012,360.12,154.24,177.35
1/19/2012,357.08,152.94,175.86
1/20/2012,357.96,153.32,176.29
1/23/2012,358.92,153.73,176.76
1/24/2012,356.08,152.51,175.36
1/25/2012,361.93,155.02,178.24
1/26/2012,363.03,155.49,178.79
1/27/2012,358.21,153.42,176.39
1/30/2012,356.5,152.68,175.52
1/31/2012,358.05,153.34,176.28
2/1/2012,359.4,153.92,176.95
2/2/2012,358.62,153.54,176.37
2/3/2012,359.68,153.97,176.79
2/6/2012,358.33,153.39,176.13
2/7/2012,360.92,154.48,177.34
2/8/2012,361.06,154.51,177.29
2/9/2012,360.24,154.16,176.87
2/10/2012,359.83,153.97,176.64
2/13/2012,359.17,153.63,176.1
2/14/2012,359.86,153.92,176.4
2/15/2012,358.2,153.15,175.35
2/16/2012,362.27,154.89,177.34
2/17/2012,361.8,154.69,177.11
2/21/2012,360.88,154.29,176.67
2/22/2012,361.53,154.57,176.98
2/23/2012,360.8,154.26,176.63
2/24/2012,362.52,154.99,177.47
2/27/2012,361.87,154.71,177.13
2/28/2012,360.58,154.15,176.47
2/29/2012,360.63,154.11,176.27
3/1/2012,361.41,154.45,176.65
3/2/2012,361.45,154.47,176.67
3/5/2012,362.13,154.76,177
3/6/2012,360.4,154.02,176.16
3/7/2012,360.69,154.09,176.11
3/8/2012,361.98,154.64,176.72
3/9/2012,363.7,155.37,177.56
3/12/2012,367.81,157.11,179.52
3/13/2012,368.61,157.44,179.86
3/14/2012,363.4,155.21,177.31
3/15/2012,363.14,155.1,177.15
3/16/2012,362.2,154.69,176.68
3/19/2012,360.39,153.92,175.8
3/20/2012,360.9,154.12,176
3/21/2012,360.33,153.88,175.72
3/22/2012,360.61,153.98,175.8
3/23/2012,360.65,154,175.82
3/26/2012,363.42,155.18,177.17
3/27/2012,364.99,155.86,177.93
3/28/2012,362.18,154.63,176.44
3/29/2012,363.53,155.2,177.1
3/30/2012,365.52,156.05,178.07
4/2/2012,367.05,156.7,178.81
4/3/2012,367.24,156.78,178.9
4/4/2012,366.67,156.54,178.63
4/5/2012,363.95,155.38,177.31
4/9/2012,361.98,154.54,176.34
4/10/2012,357.17,152.48,174
4/11/2012,357.92,152.8,174.36
4/12/2012,359.25,153.37,175.02
4/13/2012,357.83,152.77,174.32
4/16/2012,361.35,154.27,176.04
4/17/2012,363.68,155.26,177.17
4/18/2012,362.65,154.82,176.67
4/19/2012,361.57,154.36,176.14
4/20/2012,365.31,155.96,177.96
4/23/2012,363.2,155.06,176.94
4/24/2012,366.04,156.27,178.32
4/25/2012,367.89,157.06,179.22
4/26/2012,370.25,158.05,180.32
4/27/2012,371.54,158.6,180.92
4/30/2012,372.18,158.87,181.23
5/1/2012,373.95,159.63,182.1
5/2/2012,371.82,158.71,181.03
5/3/2012,370.31,157.99,180.03
5/4/2012,370.88,158.24,180.31
5/7/2012,369.98,157.86,179.87
5/8/2012,370.97,158.24,180.2
5/9/2012,370.7,158.12,180.07
5/10/2012,374.8,159.86,182.01
5/11/2012,374.9,159.87,181.93
5/14/2012,374.05,159.48,181.41
5/15/2012,371.95,158.58,180.39
5/16/2012,372.27,158.65,180.31
5/17/2012,370.03,157.7,179.22
5/18/2012,369.78,157.59,179.1
5/21/2012,370.45,157.88,179.43
5/22/2012,372.69,158.84,180.51
5/23/2012,370.27,157.8,179.34
5/24/2012,372.29,158.66,180.32
5/25/2012,373.07,158.99,180.7
5/29/2012,374.61,159.65,181.42
5/30/2012,371.88,158.44,179.93
5/31/2012,374.29,159.44,181
6/1/2012,372.82,158.81,180.28
6/4/2012,374.16,159.38,180.93
6/5/2012,375.55,159.97,181.6
6/6/2012,380.51,162.05,183.84
6/7/2012,383.28,163.21,185.13
6/8/2012,384.68,163.81,185.81
6/11/2012,383.84,163.44,185.36
6/12/2012,384.65,163.79,185.76
6/13/2012,384.4,163.68,185.63
6/14/2012,387.53,165.01,187.14
6/15/2012,389.21,165.73,187.96
6/18/2012,390.68,166.34,188.63
6/19/2012,390.05,166.06,188.27
6/20/2012,385.78,164.24,186.2
6/21/2012,381.75,162.53,184.26
6/22/2012,382.2,162.72,184.48
6/25/2012,381.12,162.24,183.9
6/26/2012,382.13,162.67,184.39
6/27/2012,386.3,164.44,186.36
6/28/2012,387.3,164.84,186.76
6/29/2012,389.46,165.76,187.8
7/2/2012,392.25,166.95,189.14
7/3/2012,391.11,166.46,188.6
7/5/2012,389.14,165.62,187.64
7/6/2012,387.73,165.02,186.96
7/9/2012,386.52,164.51,186.38
7/10/2012,387.41,164.89,186.81
7/11/2012,389.51,165.78,187.83
7/12/2012,389.67,165.85,187.9
7/13/2012,393.61,167.53,189.8
7/16/2012,392.88,167.22,189.45
7/17/2012,393.97,167.68,189.97
7/18/2012,395.51,168.33,190.72
7/19/2012,396.06,168.57,190.98
7/20/2012,396.83,168.9,191.35
7/23/2012,394,167.69,189.99
7/24/2012,390.61,166.25,188.35
7/25/2012,390.14,166.05,188.13
7/26/2012,396.69,168.84,191.28
7/27/2012,401,170.67,193.34
7/30/2012,402.79,171.42,194.17
7/31/2012,399.36,169.96,192.51
8/1/2012,396.63,168.79,191.17
8/2/2012,394.13,167.67,189.77
8/3/2012,398.84,169.65,191.94
8/6/2012,397.58,169.11,191.33
8/7/2012,393.94,167.55,189.52
8/8/2012,394.21,167.64,189.56
8/9/2012,394.42,167.73,189.66
8/10/2012,395.81,168.31,190.28
8/13/2012,394.67,167.75,189.47
8/14/2012,394.66,167.74,189.44
8/15/2012,392.99,166.97,188.39
8/16/2012,391.6,166.38,187.72
8/17/2012,391.03,166.14,187.45
8/20/2012,391.41,166.3,187.63
8/21/2012,388.76,165.17,186.36
8/22/2012,387.97,164.84,185.98
8/23/2012,383.9,163.1,184.03
8/24/2012,385.75,163.89,184.92
8/27/2012,386.44,164.18,185.25
8/28/2012,385.65,163.85,184.87
8/29/2012,384.92,163.46,184.23
8/30/2012,383.28,162.77,183.45
8/31/2012,382.91,162.61,183.27
9/4/2012,384.03,163.08,183.81
9/5/2012,382.56,162.44,183.03
9/6/2012,387.16,164.36,185.09
9/7/2012,385.85,163.8,184.47
9/10/2012,385.33,163.57,184.18
9/11/2012,384.15,163.07,183.62
9/12/2012,382.12,162.21,182.65
9/13/2012,387.72,164.57,185.28
9/14/2012,384.79,163.33,183.88
9/17/2012,382.57,162.39,182.82
9/18/2012,380.98,161.7,182.01
9/19/2012,381.81,162.05,182.4
9/20/2012,383.21,162.64,183.07
9/21/2012,383.44,162.74,183.18
9/24/2012,387.26,164.36,185
9/25/2012,386.06,163.85,184.43
9/26/2012,387.12,164.28,184.84
9/27/2012,385.58,163.6,184.02
9/28/2012,387.4,164.38,184.89
10/1/2012,385.78,163.69,184.12
10/2/2012,387.43,164.39,184.91
10/3/2012,389.58,165.3,185.93
10/4/2012,391.93,166.3,187.06
10/5/2012,391.18,165.98,186.7
10/8/2012,391.59,166.15,186.89
10/9/2012,391.27,166.02,186.74
10/10/2012,390.24,165.58,186.25
10/11/2012,390.58,165.73,186.41
10/12/2012,388.3,164.76,185.33
10/15/2012,390.38,165.64,186.31
10/16/2012,391.54,166.13,186.87
10/17/2012,396.44,168.21,189.21
10/18/2012,398.12,168.93,190.01
10/19/2012,395.43,167.78,188.72
10/22/2012,393.91,167.14,188
10/23/2012,390.34,165.62,186.3
10/24/2012,387.81,164.55,185.09
10/25/2012,389.46,165.25,185.88
10/26/2012,389.49,165.26,185.88
10/31/2012,392.95,166.7,187.44
11/1/2012,388.83,164.9,185.28
11/2/2012,386.1,163.75,183.98
11/5/2012,379.89,161.08,180.92
11/6/2012,379.95,161.1,180.89
11/7/2012,371.9,157.66,176.96
11/8/2012,371.38,157.43,176.7
11/9/2012,369.03,156.41,175.48
11/12/2012,365.78,155.03,173.94
11/13/2012,367.43,155.68,174.54
11/14/2012,364.75,154.47,172.98
11/15/2012,362.25,153.41,171.8
11/16/2012,366.22,155.09,173.68
11/19/2012,366.16,155.07,173.66
11/20/2012,365.33,154.72,173.26
11/21/2012,363.87,154.1,172.57
11/23/2012,362.92,153.7,172.12
11/26/2012,367.61,155.68,174.34
11/27/2012,368.48,156.05,174.75
11/28/2012,370.34,156.76,175.35
11/29/2012,372.45,157.66,176.35
11/30/2012,376.15,159.22,178.1
12/3/2012,373.79,158.22,176.98
12/4/2012,371.83,157.39,176.05
12/5/2012,377.82,159.91,178.81
12/6/2012,377.39,159.69,178.47
12/7/2012,377.57,159.77,178.56
12/10/2012,377.76,159.84,178.61
12/11/2012,378.48,160.14,178.95
12/12/2012,378.04,159.95,178.74
12/13/2012,376.41,159.26,177.97
12/14/2012,375.08,158.7,177.34
12/17/2012,380.74,161.09,179.98
12/18/2012,383.68,162.33,181.36
12/19/2012,380.44,160.96,179.83
12/20/2012,382,161.62,180.57
12/21/2012,379.98,160.76,179.61
12/24/2012,378.79,160.24,179
12/26/2012,375.45,158.82,177.36
12/27/2012,374.87,158.54,176.97
12/28/2012,371.16,156.97,175.22
12/31/2012,376.34,159.16,177.66
1/2/2013,383.17,162.05,180.88
1/3/2013,383.17,162.05,180.88
1/4/2013,385.24,162.93,181.86
1/7/2013,380.84,161.06,179.78
1/8/2013,380.12,160.76,179.45
1/9/2013,379.27,160.4,179.05
1/10/2013,381.05,161.15,179.89
1/11/2013,381.31,161.26,180.01
1/14/2013,380.76,161.03,179.75
1/15/2013,381.92,161.52,180.3
1/16/2013,380.03,160.72,179.4
1/17/2013,381.51,161.35,180.1
1/18/2013,384.78,162.73,181.65
1/22/2013,387.93,164.06,183.13
1/23/2013,386.75,163.56,182.58
1/24/2013,388.61,164.35,183.45
1/25/2013,390.75,165.25,184.46
1/28/2013,390.07,164.97,184.14
1/29/2013,393.12,166.25,185.55
1/30/2013,393.34,166.33,185.61
1/31/2013,394.68,166.84,186.04
2/1/2013,395.46,167.17,186.41
2/4/2013,392.88,166.08,185.19
2/5/2013,393.84,166.46,185.55
2/6/2013,394.96,166.9,185.96
2/7/2013,395.61,167.18,186.26
2/8/2013,395.56,167.16,186.24
2/11/2013,396.48,167.53,186.6
2/12/2013,398.26,168.25,187.35
2/13/2013,398.03,168.07,186.94
2/14/2013,394.82,166.67,185.25
2/15/2013,395.91,167.13,185.76
2/19/2013,399.52,168.66,187.46
2/20/2013,398.63,168.28,187.04
2/21/2013,396.82,167.52,186.19
2/22/2013,401.01,169.29,188.16
2/25/2013,396.83,167.52,186.2
2/26/2013,398.51,168.19,186.83
2/27/2013,402.55,169.85,188.56
2/28/2013,403.48,170.24,189
3/1/2013,404.39,170.62,189.42
3/4/2013,408.22,172.24,191.22
3/5/2013,410.53,173.22,192.3
3/6/2013,410.29,173.07,192.03
3/7/2013,408.61,172.35,191.19
3/8/2013,409.57,172.75,191.64
3/11/2013,410.84,173.28,192.19
3/12/2013,409.4,172.67,191.52
3/13/2013,410.97,173.33,192.26
3/14/2013,412,173.76,192.69
3/15/2013,414.63,174.87,193.93
3/18/2013,412.27,173.87,192.82
3/19/2013,413.34,174.31,193.27
3/20/2013,416.38,175.59,194.69
3/21/2013,414.34,174.73,193.74
3/22/2013,415.14,175.07,194.11
3/25/2013,414.11,174.63,193.63
3/26/2013,418.45,176.41,195.47
3/27/2013,420.1,177.11,196.24
3/28/2013,425.34,179.32,198.69
4/1/2013,424.49,178.96,198.3
4/2/2013,426.05,179.61,199.02
4/3/2013,424.82,179.1,198.45
4/4/2013,428.68,180.73,200.25
4/5/2013,430.53,181.51,201.12
4/8/2013,433.98,182.96,202.73
4/9/2013,432.55,182.36,202.06
4/10/2013,435.9,183.77,203.62
4/11/2013,437.15,184.29,204.21
4/12/2013,438.51,184.87,204.85
4/15/2013,432.34,182.27,201.96
4/16/2013,437.4,184.4,204.33
4/17/2013,435.09,183.43,203.25
4/18/2013,436.67,184.09,203.99
4/19/2013,443,186.76,206.94
4/22/2013,442.71,186.64,206.81
4/23/2013,443.8,187.1,207.32
4/24/2013,445.15,187.67,207.95
4/25/2013,445.53,187.83,208.13
4/26/2013,445.58,187.83,208.09
4/29/2013,449.33,189.4,209.79
4/30/2013,450.64,189.95,210.4
5/1/2013,446.32,188.12,208.36
5/2/2013,445.57,187.76,207.83
5/3/2013,444.96,187.48,207.45
5/6/2013,438.63,184.81,204.5
5/7/2013,442.72,186.52,206.34
5/8/2013,439,184.92,204.51
5/9/2013,432.06,181.99,201.26
5/10/2013,433.22,182.48,201.77
5/13/2013,431.03,181.5,200.57
5/14/2013,433.94,182.72,201.89
5/15/2013,437.94,184.34,203.51
5/16/2013,434.33,182.82,201.83
5/17/2013,438.72,184.67,203.88
5/20/2013,436.72,183.82,202.94
5/21/2013,437.2,184.03,203.17
5/22/2013,430.03,181.01,199.84
5/23/2013,426.79,179.64,198.33
5/24/2013,422.42,177.81,196.3
5/28/2013,417.41,175.7,193.97
5/29/2013,411.15,173.04,190.99
5/30/2013,412.24,173.47,191.39
5/31/2013,409.79,172.44,190.25
6/3/2013,410.61,172.79,190.63
6/4/2013,408.91,172.07,189.84
6/5/2013,405.53,170.59,188.07
6/6/2013,410.6,172.69,190.28
6/7/2013,413.54,173.92,191.64
6/10/2013,412.78,173.59,191.25
6/11/2013,410.13,172.48,190.02
6/12/2013,405.78,170.65,188
6/13/2013,412.65,173.52,191.14
6/14/2013,413.08,173.71,191.34
6/17/2013,414.42,174.27,191.96
6/18/2013,417.42,175.52,193.3
6/19/2013,407.82,171.48,188.85
6/20/2013,396.13,166.57,183.44
6/21/2013,401.35,168.76,185.85
6/24/2013,401.25,168.72,185.81
6/25/2013,406.18,170.79,188.09
6/26/2013,411.62,173.05,190.51
6/27/2013,412.21,173.28,190.7
6/28/2013,413.72,173.91,191.4
7/1/2013,408.3,171.63,188.89
7/2/2013,408.08,171.54,188.79
7/3/2013,407.48,171.29,188.51
7/5/2013,405.51,170.46,187.6
7/8/2013,411.32,172.9,190.29
7/9/2013,414.42,174.21,191.72
7/10/2013,416.4,175.04,192.64
7/11/2013,423.18,177.89,195.77
7/12/2013,424.61,178.49,196.44
7/15/2013,431.35,181.32,199.55
7/16/2013,429.18,180.41,198.55
7/17/2013,428.78,180.24,198.36
7/18/2013,432.94,181.99,200.29
7/19/2013,432.61,181.85,200.14
7/22/2013,432.38,181.75,200.03
7/23/2013,433.61,182.27,200.6
7/24/2013,426.9,179.45,197.5
7/25/2013,430.67,181.04,199.24
7/26/2013,432.2,181.68,199.95
7/29/2013,433.15,182.07,200.35
7/30/2013,434.35,182.56,200.86
7/31/2013,431.34,181.29,199.44
8/1/2013,435.01,182.77,200.93
8/2/2013,434.65,182.62,200.76
8/5/2013,431.76,181.38,199.34
8/6/2013,429.32,180.34,198.15
8/7/2013,431.49,181.23,199.05
8/8/2013,433.18,181.94,199.84
8/9/2013,430.25,180.71,198.48
8/12/2013,427.77,179.63,197.21
8/13/2013,425.6,178.69,196.11
8/14/2013,422.99,177.52,194.62
8/15/2013,417.04,175.02,191.88
8/16/2013,412.54,173.13,189.82
8/19/2013,409.3,171.77,188.32
8/20/2013,412.74,173.22,189.91
8/21/2013,407.94,171.2,187.7
8/22/2013,410.61,172.32,188.93
8/23/2013,413.81,173.66,190.4
8/26/2013,410.56,172.3,188.9
8/27/2013,410.39,172.23,188.82
8/28/2013,411.89,172.82,189.38
8/29/2013,409.72,171.91,188.38
8/30/2013,409.85,171.96,188.44
9/3/2013,405.21,170.02,186.31
9/4/2013,405.06,169.9,186.04
9/5/2013,403.54,169.26,185.34
9/6/2013,406.14,170.31,186.38
9/9/2013,407.87,171.03,187.14
9/10/2013,410.79,172.25,188.48
9/11/2013,407.02,170.67,186.75
9/12/2013,405.89,170.17,186.14
9/13/2013,409.05,171.49,187.59
9/16/2013,409.95,171.87,188
9/17/2013,412.32,172.85,189.03
9/18/2013,424.69,178.04,194.7
9/19/2013,422.75,177.22,193.81
9/20/2013,416.63,174.66,191
9/23/2013,421.47,176.69,193.22
9/24/2013,421.05,176.51,193.03
9/25/2013,418.1,175.26,191.62
9/26/2013,417.81,175.1,191.37
9/27/2013,414.98,173.92,190.07
9/30/2013,414.48,173.71,189.84
10/1/2013,415.97,174.33,190.52
10/2/2013,416.58,174.59,190.8
10/3/2013,411.42,172.42,188.44
10/4/2013,412.28,172.78,188.83
10/7/2013,410.45,172.02,187.99
10/8/2013,413.08,173.12,189.2
10/9/2013,414.89,173.88,190.03
10/10/2013,421.04,176.46,192.84
10/11/2013,422.95,177.26,193.72
10/14/2013,420.51,176.23,192.6
10/15/2013,414.67,173.79,189.93
10/16/2013,418.78,175.51,191.81
10/17/2013,425.5,178.33,194.89
10/18/2013,426.66,178.81,195.42
10/21/2013,425.78,178.44,195.02
10/22/2013,431.2,180.71,197.5
10/23/2013,431.34,180.77,197.56
10/24/2013,430.33,180.35,197.1
10/25/2013,435.23,182.41,199.35
10/28/2013,434.24,181.99,198.89
10/29/2013,434.85,182.24,199.14
10/30/2013,432.11,181.07,197.83
10/31/2013,430.34,180.27,196.78
11/1/2013,433.52,181.6,198.24
11/4/2013,434.5,182.01,198.69
11/5/2013,431.5,180.71,197.16
11/6/2013,437.42,183.16,199.77
11/7/2013,433.18,181.39,197.83
11/8/2013,432.46,181.06,197.42
11/11/2013,432.55,181.1,197.45
11/12/2013,428.62,179.44,195.63
11/13/2013,430.67,180.2,196.18
11/14/2013,434.34,181.73,197.85
11/15/2013,436.96,182.83,199.04
11/18/2013,436.55,182.66,198.86
11/19/2013,433.48,181.37,197.45
11/20/2013,428.29,179.2,195.09
11/21/2013,429.39,179.66,195.59
11/22/2013,429.23,179.59,195.52
11/25/2013,427.52,178.87,194.72
11/26/2013,423.54,177.18,192.8
11/27/2013,422.4,176.7,192.27
11/29/2013,422.16,176.6,192.17
12/2/2013,420.56,175.93,191.44
12/3/2013,422.92,176.92,192.51
12/4/2013,424.29,177.43,192.93
12/5/2013,421.13,176.11,191.5
12/6/2013,426.47,178.3,193.77
12/9/2013,424.22,177.35,192.71
12/10/2013,419.81,175.51,190.71
12/11/2013,416.53,174.12,189.17
12/12/2013,417.02,174.31,189.35
12/13/2013,416.45,174.08,189.09
12/16/2013,418.9,175.1,190.2
12/17/2013,418.02,174.74,189.8
12/18/2013,423.57,177.05,192.32
12/19/2013,420.45,175.75,190.91
12/20/2013,424.28,177.35,192.65
12/23/2013,422.83,176.75,191.99
12/24/2013,424.42,177.39,192.65
12/26/2013,422.68,176.67,191.86
12/27/2013,423.88,177.12,192.22
12/30/2013,425.08,177.62,192.77
12/31/2013,426.06,178.03,193.21
1/2/2014,419.49,175.29,190.23
1/3/2014,418.28,174.78,189.68
1/6/2014,418.67,174.94,189.86
1/7/2014,422.48,176.53,191.59
1/8/2014,420.18,175.57,190.54
1/9/2014,422.58,176.57,191.63
1/10/2014,428.67,179.12,194.39
1/13/2014,424.74,177.48,192.61
1/14/2014,425.12,177.63,192.78
1/15/2014,424.21,177.26,192.37
1/16/2014,426.96,178.4,193.62
1/17/2014,426.85,178.36,193.57
1/21/2014,431.77,180.41,195.8
1/22/2014,432.26,180.62,196.02
1/23/2014,430.92,180.06,195.42
1/24/2014,426.11,178.05,193.23
1/27/2014,427,178.42,193.64
1/28/2014,428.74,179.15,194.43
1/29/2014,428.33,178.98,194.24
1/30/2014,435.26,181.81,197.15
1/31/2014,438.83,183.3,198.77
2/3/2014,435.44,181.89,197.23
2/4/2014,432.77,180.77,196.02
2/5/2014,430.64,179.85,194.97
2/6/2014,433.67,181.08,196.21
2/7/2014,436.35,182.2,197.42
2/10/2014,439.64,183.55,198.83
2/11/2014,443.69,185.22,200.58
2/12/2014,444.08,185.27,200.32
2/13/2014,449.2,187.4,202.63
2/14/2014,452.24,188.67,204
2/18/2014,453.51,189.2,204.57
2/19/2014,450.98,188.14,203.43
2/20/2014,454.62,189.66,205.07
2/21/2014,455.29,189.94,205.38
2/24/2014,453.9,189.36,204.75
2/25/2014,453.54,189.21,204.59
2/26/2014,452,188.49,203.6
2/27/2014,450.9,188.01,203.05
2/28/2014,453.74,189.2,204.33
3/3/2014,449.46,187.41,202.4
3/4/2014,452.99,188.89,203.99
3/5/2014,449.93,187.59,202.54
3/6/2014,447.44,186.51,201.26
3/7/2014,448.56,186.97,201.76
3/10/2014,447.87,186.67,201.42
3/11/2014,446.37,186.05,200.74
3/12/2014,452.1,188.44,203.31
3/13/2014,456.37,190.2,205.19
3/14/2014,459,191.3,206.37
3/17/2014,461.85,192.49,207.66
3/18/2014,461.09,192.15,207.25
3/19/2014,454.33,189.34,204.21
3/20/2014,454.8,189.53,204.42
3/21/2014,458.4,191.03,206.04
3/24/2014,459.51,191.49,206.54
3/25/2014,461.41,192.27,207.33
3/26/2014,459.57,191.5,206.5
3/27/2014,463.43,193.08,208.11
3/28/2014,464.21,193.4,208.46
3/31/2014,469.06,195.42,210.64
4/1/2014,466.03,194.16,209.27
4/2/2014,465.09,193.77,208.85
4/3/2014,466.61,194.4,209.53
4/4/2014,469.24,195.49,210.71
4/7/2014,468.31,195.11,210.3
4/8/2014,475.3,198.02,213.44
4/9/2014,474.05,197.5,212.87
4/10/2014,472.22,196.74,212.05
4/11/2014,471.73,196.53,211.83
4/14/2014,474.79,197.81,213.21
4/15/2014,481.1,200.44,216.04
4/16/2014,484.69,201.93,217.65
4/17/2014,479.07,199.59,215.13
4/21/2014,478.29,199.27,214.78
4/22/2014,478.48,199.35,214.87
4/23/2014,479.12,199.61,215.15
4/24/2014,482.17,200.88,216.52
4/25/2014,487.65,203.17,218.98
4/28/2014,490.22,204.23,220.11
4/29/2014,488.14,203.35,219.14
4/30/2014,488.99,203.7,219.49
5/1/2014,491.04,204.49,220.19
5/2/2014,481.29,200.43,215.82
5/5/2014,485.17,202.03,217.5
5/6/2014,482.97,201.12,216.52
5/7/2014,490.88,204.38,219.96
5/8/2014,485.19,202.01,217.41
5/9/2014,478.39,199.17,214.34
5/12/2014,473.9,197.27,212.22
5/13/2014,474.8,197.63,212.56
5/14/2014,477.45,198.62,213.35
5/15/2014,475.72,197.9,212.57
5/16/2014,476.99,198.43,213.14
5/19/2014,469.54,195.33,209.81
5/20/2014,469.59,195.35,209.84
5/21/2014,469.92,195.49,209.98
5/22/2014,473.75,197.08,211.7
5/23/2014,472.64,196.62,211.2
5/27/2014,476.49,198.22,212.92
5/28/2014,479.36,199.35,213.98
5/29/2014,480.24,199.68,214.25
5/30/2014,483.87,201.2,215.87
6/2/2014,483.63,201.09,215.76
6/3/2014,485.17,201.74,216.45
6/4/2014,485.41,201.81,216.47
6/5/2014,489.39,203.47,218.25
6/6/2014,487.91,202.81,217.44
6/9/2014,484.5,201.38,215.88
6/10/2014,483.09,200.79,215.25
6/11/2014,476.98,198.26,212.53
6/12/2014,478.56,198.9,213.18
6/13/2014,481.66,200.19,214.56
6/16/2014,484.96,201.56,216.03
6/17/2014,484.23,201.24,215.65
6/18/2014,495.01,205.72,220.45
6/19/2014,499.28,207.49,222.35
6/20/2014,496.27,206.24,221.01
6/23/2014,494.7,205.59,220.31
6/24/2014,495.93,206.1,220.86
6/25/2014,498.32,207.09,221.92
6/26/2014,499.62,207.59,222.37
6/27/2014,501.45,208.34,223.12
6/30/2014,505.53,210.03,224.93
7/1/2014,500.57,207.98,222.73
7/2/2014,490.77,203.9,218.37
7/3/2014,485.48,201.71,216.02
7/7/2014,487.52,202.55,216.92
7/8/2014,490.52,203.8,218.26
7/9/2014,489.78,203.49,217.93
7/10/2014,492.75,204.72,219.25
7/11/2014,489.34,203.31,217.73
7/14/2014,483.46,200.86,215.11
7/15/2014,485.9,201.88,216.2
7/16/2014,487.82,202.68,217.06
7/17/2014,483.01,200.68,214.92
7/18/2014,488.23,202.85,217.24
7/21/2014,487.75,202.65,217.02
7/22/2014,486.95,202.32,216.67
7/23/2014,486.8,202.25,216.6
7/24/2014,488.55,202.98,217.38
7/25/2014,484.71,201.38,215.67
7/28/2014,491.82,204.34,218.83
7/29/2014,486.68,202.19,216.52
7/30/2014,478.86,198.92,212.95
7/31/2014,471.27,195.71,209.38
8/1/2014,473.25,196.54,210.26
8/4/2014,470.48,195.38,209.03
8/5/2014,464.61,192.93,206.36
8/6/2014,458.87,190.52,203.71
8/7/2014,464.11,192.69,206.04
8/8/2014,473.31,196.52,210.12
8/11/2014,471.55,195.76,209.27
8/12/2014,471.29,195.62,209.03
8/13/2014,473.19,196.3,209.47
8/14/2014,477.74,198.18,211.48
8/15/2014,479.22,198.8,212.14
8/18/2014,478.4,198.46,211.78
8/19/2014,484.31,200.91,214.39
8/20/2014,485.4,201.36,214.87
8/21/2014,486.55,201.84,215.38
8/22/2014,485.11,201.24,214.75
8/25/2014,488.15,202.5,216.09
8/26/2014,482.64,200.22,213.65
8/27/2014,487.76,202.26,215.62
8/28/2014,491.05,203.62,217.08
8/29/2014,494.7,205.14,218.7
9/2/2014,489.68,203.05,216.47
9/3/2014,492.56,204.23,217.67
9/4/2014,492.55,204.22,217.67
9/5/2014,498.66,206.76,220.37
9/8/2014,495.51,205.39,218.78
9/9/2014,489.62,202.95,216.17
9/10/2014,487.69,202.15,215.32
9/11/2014,492.04,203.93,217.14
9/12/2014,483.09,200.22,213.2
9/15/2014,484.58,200.84,213.85
9/16/2014,490.67,203.34,216.48
9/17/2014,489.51,202.86,215.97
9/18/2014,486.14,201.46,214.48
9/19/2014,490.31,203.19,216.32
9/22/2014,486.78,201.73,214.76
9/23/2014,485.11,201.02,213.96
9/24/2014,483.54,200.37,213.27
9/25/2014,480.82,199.24,212.07
9/26/2014,481.92,199.66,212.42
9/29/2014,484.53,200.74,213.57
9/30/2014,485.49,201.14,213.99
10/1/2014,488.08,202.22,215.14
10/2/2014,487.53,201.98,214.89
10/3/2014,490.53,203.23,216.22
10/6/2014,490.49,203.21,216.2
10/7/2014,490,203.01,215.98
10/8/2014,500.91,207.53,220.79
10/9/2014,492.65,204.11,217.15
10/10/2014,495.15,205.14,218.25
10/13/2014,494.68,204.95,218.05
10/14/2014,499.47,206.93,220.16
10/15/2014,492.84,204.18,217.23
10/16/2014,493,204.25,217.3
10/17/2014,495.89,205.45,218.58
10/20/2014,502.82,208.32,221.63
10/21/2014,504.68,209.09,222.45
10/22/2014,507.86,210.41,223.86
10/23/2014,508.84,210.81,224.29
10/24/2014,513.72,212.84,226.44
10/27/2014,512.65,212.39,225.96
10/28/2014,516.27,213.89,227.56
10/29/2014,513.19,212.61,226.17
10/30/2014,524.36,217.17,230.84
10/31/2014,524.55,217.24,230.93
11/3/2014,528.2,218.75,232.53
11/4/2014,525.06,217.46,231.15
11/5/2014,537.42,222.55,236.5
11/6/2014,527.98,218.61,232.24
11/7/2014,533.48,220.86,234.58
11/10/2014,536.39,222.04,235.78
11/11/2014,534.49,221.26,234.95
11/12/2014,524.65,217.06,230.18
11/13/2014,520.35,215.28,228.3
11/14/2014,518.4,214.48,227.44
11/17/2014,525.38,217.36,230.5
11/18/2014,526.77,217.94,231.11
11/19/2014,526.42,217.79,230.96
11/20/2014,525.18,217.28,230.42
11/21/2014,527.2,218.12,231.3
11/24/2014,522.57,216.19,229.25
11/25/2014,522.61,216.14,229
11/26/2014,525.26,217.23,230.16
11/28/2014,530.87,219.55,232.61
12/1/2014,531.74,219.91,233
12/2/2014,535.4,221.43,234.6
12/3/2014,533.89,220.8,233.94
12/4/2014,533.45,220.62,233.74
12/5/2014,529.02,218.79,231.8
12/8/2014,533.41,220.52,233.45
12/9/2014,536.05,221.61,234.6
12/10/2014,529.54,218.92,231.76
12/11/2014,535.07,221.18,234.08
12/12/2014,529.95,219.06,231.84
12/15/2014,525.22,217.11,229.77
12/16/2014,524.24,216.7,229.34
12/17/2014,534.38,220.9,233.78
12/18/2014,544.97,225.26,238.35
12/19/2014,545.05,225.29,238.38
12/22/2014,546.84,226.03,239.16
12/23/2014,548.52,226.7,239.84
12/24/2014,558.44,230.8,244.17
12/26/2014,565.18,233.59,247.12
12/29/2014,571.8,236.29,249.87
12/30/2014,559.85,231.35,244.65
12/31/2014,549.53,227.09,240.14
1/2/2015,552.67,228.38,241.51
1/5/2015,545.44,225.39,238.35
1/6/2015,546.1,225.67,238.64
1/7/2015,551.43,227.87,240.97
1/8/2015,555.32,229.48,242.67
1/9/2015,551.71,227.98,241.09
1/12/2015,550.24,227.38,240.45
1/13/2015,551.97,228.09,241.21
1/14/2015,557.19,230.25,243.49
1/15/2015,561.18,231.9,245.23
1/16/2015,566.15,233.95,247.4
1/20/2015,567.43,234.48,247.96
1/21/2015,573.04,236.8,250.41
1/22/2015,570.51,235.75,249.31
1/23/2015,572.43,236.55,250.15
1/26/2015,572.19,236.45,250.04
1/27/2015,573.13,236.84,250.46
1/28/2015,567.75,234.61,248.1
1/29/2015,575.41,237.77,251.4
1/30/2015,562.58,232.46,245.77
2/2/2015,565.02,233.46,246.84
2/3/2015,567.41,234.45,247.88
2/4/2015,560.33,231.5,244.69
2/5/2015,565.23,233.51,246.8
2/6/2015,542.1,223.93,236.6
2/9/2015,537.24,221.92,234.47
2/10/2015,548.56,226.58,239.35
2/11/2015,536.5,221.47,233.63
2/12/2015,534.11,220.42,232.39
2/13/2015,525.9,217.02,228.74
2/17/2015,525.38,216.8,228.52
2/18/2015,537.79,221.92,233.92
2/19/2015,531.91,219.5,231.36
2/20/2015,532.14,219.59,231.46
2/23/2015,535.71,221.06,233.01
2/24/2015,538.99,222.42,234.44
2/25/2015,530.9,218.99,230.61
2/26/2015,527.08,217.4,228.89
2/27/2015,526.57,217.19,228.67
3/2/2015,516.26,212.94,224.2
3/3/2015,519.95,214.46,225.8
3/4/2015,516.7,213.12,224.38
3/5/2015,520.65,214.74,226.1
3/6/2015,505.2,208.3,219.15
3/9/2015,505.84,208.56,219.39
3/10/2015,505.01,208.22,219.03
3/11/2015,501.69,206.85,217.59
3/12/2015,511.31,210.8,221.71
3/13/2015,506.3,208.71,219.47
3/16/2015,514.9,212.26,223.2
3/17/2015,513.99,211.88,222.81
3/18/2015,527.96,217.64,228.86
3/19/2015,522.74,215.49,226.6
3/20/2015,527.62,217.5,228.71
3/23/2015,528.22,217.75,228.98
3/24/2015,522.02,215.19,226.29
3/25/2015,515.78,212.6,223.52
3/26/2015,511.67,210.91,221.73
3/27/2015,514.67,212.1,222.89
3/30/2015,521.37,214.87,225.8
3/31/2015,521.1,214.76,225.68
4/1/2015,521.68,215,225.93
4/2/2015,523.05,215.56,226.52
4/6/2015,529.71,218.3,229.41
4/7/2015,523.99,215.95,226.93
4/8/2015,522.49,215.33,226.28
4/9/2015,519.99,214.3,225.2
4/10/2015,524.08,215.98,226.97
4/13/2015,518.64,213.74,224.61
4/14/2015,521.54,214.94,225.87
4/15/2015,522.54,215.35,226.3
4/16/2015,519.37,214.04,224.93
4/17/2015,517.59,213.31,224.16
4/20/2015,525.29,216.48,227.49
4/21/2015,520.23,214.39,225.3
4/22/2015,521.55,214.94,225.87
4/23/2015,524.77,216.27,227.27
4/24/2015,529.94,218.4,229.51
4/27/2015,523.39,215.7,226.67
4/28/2015,527.2,217.26,228.29
4/29/2015,525.46,216.54,227.51
4/30/2015,518.76,213.77,224.58
5/1/2015,521.74,214.99,225.85
5/4/2015,525.55,216.56,227.5
5/5/2015,513.7,211.66,222.31
5/6/2015,511.01,210.51,221
5/7/2015,513.17,211.4,221.94
5/8/2015,517.09,213.02,223.64
5/11/2015,513.53,211.54,222.07
5/12/2015,512.19,210.96,221.4
5/13/2015,507.75,209.02,219.07
5/14/2015,513.58,211.36,221.38
5/15/2015,520.04,214.02,224.17
5/18/2015,522.05,214.83,224.96
5/19/2015,523.23,215.31,225.47
5/20/2015,524.1,215.67,225.84
5/21/2015,523.82,215.55,225.72
5/22/2015,522.89,215.17,225.32
5/26/2015,519.32,213.7,223.78
5/27/2015,521.8,214.62,224.48
5/28/2015,523.13,215.16,225.06
5/29/2015,522.25,214.8,224.68
6/1/2015,523.03,215.12,225.01
6/2/2015,515.75,212.13,221.88
6/3/2015,508.53,209.16,218.77
6/4/2015,507.29,208.65,218.24
6/5/2015,500.95,206.02,215.44
6/8/2015,498.3,204.87,214.09
6/9/2015,497.57,204.57,213.78
6/10/2015,499.77,205.47,214.72
6/11/2015,503.51,207,216.28
6/12/2015,499.04,205.16,214.36
6/15/2015,498.02,204.74,213.92
6/16/2015,500.33,205.67,214.85
6/17/2015,504.97,207.58,216.84
6/18/2015,511.8,210.39,219.78
6/19/2015,506.55,208.23,217.52
6/22/2015,505.84,207.94,217.22
6/23/2015,498.91,205.09,214.24
6/24/2015,494.97,203.47,212.55
6/25/2015,491.78,202.14,211.11
6/26/2015,494.79,203.34,212.26
6/29/2015,491.98,202.18,211.06
6/30/2015,490.88,201.72,210.56
7/1/2015,493.72,202.89,211.78
7/2/2015,500.48,205.67,214.68
7/6/2015,501.72,206.18,215.22
7/7/2015,514.19,211.3,220.56
7/8/2015,511.57,210.22,219.44
7/9/2015,506.1,207.98,217.09
7/10/2015,508.83,209.1,218.26
7/13/2015,508.97,209.16,218.33
7/14/2015,508.39,208.92,218.07
7/15/2015,510.82,209.92,219.12
7/16/2015,518.7,213.15,222.5
7/17/2015,513.17,210.88,220.13
7/20/2015,510.83,209.92,219.12
7/21/2015,505.9,207.89,217.01
7/22/2015,508.32,208.89,218.04
7/23/2015,500.88,205.83,214.85
7/24/2015,500.98,205.87,214.9
7/27/2015,507.49,208.55,217.69
7/28/2015,510.01,209.58,218.77
7/29/2015,511.73,210.28,219.49
7/30/2015,515.57,211.84,221.06
7/31/2015,520.61,213.91,223.22
8/3/2015,523.52,215.11,224.47
8/4/2015,514.93,211.58,220.79
8/5/2015,516.6,212.23,221.4
8/6/2015,519.21,213.28,222.42
8/7/2015,525.71,215.95,225.2
8/10/2015,523.59,215.08,224.29
8/11/2015,526.02,216.06,225.27
8/12/2015,535.43,219.78,228.83
8/13/2015,535.57,219.79,228.69
8/14/2015,539.68,221.47,230.44
8/17/2015,542.35,222.54,231.5
8/18/2015,540.83,221.92,230.86
8/19/2015,543.13,222.86,231.84
8/20/2015,539.93,221.55,230.47
8/21/2015,533.4,218.87,227.68
8/24/2015,513.55,210.73,219.21
8/25/2015,497.31,204.06,212.28
8/26/2015,506.37,207.69,215.84
8/27/2015,512.45,210.19,218.44
8/28/2015,510.93,209.56,217.79
8/31/2015,502.7,206.19,214.28
9/1/2015,489.25,200.67,208.55
9/2/2015,489.32,200.7,208.57
9/3/2015,491.84,201.73,209.65
9/4/2015,484.67,198.77,206.51
9/8/2015,495.06,202.97,210.74
9/9/2015,488.8,200.4,208.07
9/10/2015,487.99,200.05,207.67
9/11/2015,491.88,201.65,209.33
9/14/2015,493.15,202.17,209.87
9/15/2015,495.77,203.22,210.91
9/16/2015,500.76,205.27,213.03
9/17/2015,507.46,208,215.83
9/18/2015,504.31,206.71,214.49
9/21/2015,506.46,207.59,215.41
9/22/2015,500.17,205.01,212.73
9/23/2015,501.52,205.55,213.24
9/24/2015,505.62,207.23,214.98
9/25/2015,510.71,209.32,217.14
9/28/2015,508.05,208.18,215.87
9/29/2015,508.5,208.37,216.06
9/30/2015,517.37,212,219.82
10/1/2015,511.21,209.48,217.21
10/2/2015,517.94,212.23,220.07
10/5/2015,524.92,215.09,223.03
10/6/2015,521.12,213.54,221.42
10/7/2015,519.53,212.88,220.74
10/8/2015,525.78,215.45,223.4
10/9/2015,523.65,214.57,222.49
10/12/2015,528.37,216.51,224.5
10/13/2015,527.01,215.95,223.92
10/14/2015,526.99,215.94,223.91
10/15/2015,534.49,219.02,227.1
10/16/2015,535.66,219.5,227.6
10/19/2015,535.63,219.48,227.58
10/20/2015,537.3,220.17,228.29
10/21/2015,536.46,219.82,227.94
10/22/2015,542.8,222.42,230.63
10/23/2015,533.15,218.47,226.53
10/26/2015,530.93,217.56,225.58
10/27/2015,529.41,216.94,224.94
10/28/2015,523.48,214.5,222.4
10/29/2015,520.37,213.2,221
10/30/2015,523.02,214.29,222.13
11/2/2015,523.78,214.6,222.45
11/3/2015,525.27,215.21,223.08
11/4/2015,527.69,216.18,224.02
11/5/2015,523.45,214.44,222.22
11/6/2015,504.68,206.72,214.14
11/9/2015,506.31,207.36,214.76
11/10/2015,510.87,209.09,216.2
11/11/2015,515.43,210.95,218.13
11/12/2015,510.01,208.68,215.63
11/13/2015,508.15,207.92,214.85
11/16/2015,516.95,211.49,218.49
11/17/2015,507.39,207.58,214.45
11/18/2015,511.17,209.13,216.05
11/19/2015,516.22,211.2,218.18
11/20/2015,518.55,212.15,219.17
11/23/2015,513.73,210.13,216.97
11/24/2015,512.61,209.63,216.35
11/25/2015,509.71,208.44,215.13
11/27/2015,510.89,208.93,215.62
11/30/2015,511.8,209.3,216.01
12/1/2015,515.72,210.9,217.66
12/2/2015,504.42,206.28,212.89
12/3/2015,500.07,204.5,211.06
12/4/2015,507.75,207.64,214.3
12/7/2015,509.74,208.42,215.01
12/8/2015,508.91,208.03,214.5
12/9/2015,509.08,208.1,214.57
12/10/2015,500.8,204.7,211.03
12/11/2015,499.28,204.08,210.39
12/14/2015,501.56,205.01,211.35
12/15/2015,506,206.83,213.22
12/16/2015,518.97,212.13,218.68
12/17/2015,519.64,212.39,218.91
12/18/2015,513.09,209.71,216.15
12/21/2015,513.44,209.85,216.3
12/22/2015,517.52,211.5,217.95
12/23/2015,525.65,214.81,221.31
12/24/2015,525.21,214.62,221.13
12/28/2015,526.22,215.04,221.55
12/29/2015,529.25,216.23,222.67
12/30/2015,528.46,215.91,222.34
12/31/2015,522.91,213.64,220
1/4/2016,521.51,213.07,219.41
1/5/2016,525.62,214.74,221.14
1/6/2016,524.63,214.34,220.72
1/7/2016,520.92,212.82,219.16
1/8/2016,520.8,212.78,219.12
1/11/2016,523.94,214.06,220.44
1/12/2016,521.39,213.02,219.36
1/13/2016,521.37,213.01,219.35
1/14/2016,529.17,216.2,222.64
1/15/2016,524.46,214.27,220.66
1/19/2016,532.26,217.46,223.94
1/20/2016,520.08,212.48,218.81
1/21/2016,520.08,212.48,218.81
1/22/2016,529.15,216.19,222.63
1/25/2016,524.51,214.29,220.68
1/26/2016,528.49,215.92,222.35
1/27/2016,529.51,216.34,222.78
1/28/2016,538.17,219.86,226.38
1/29/2016,548.7,224.15,230.77
2/1/2016,554.42,226.49,233.18
2/2/2016,556.48,227.33,234.04
2/3/2016,563.36,230.11,236.84
2/4/2016,561.1,229.18,235.87
2/5/2016,562.82,229.89,236.59
2/8/2016,560.77,229.02,235.62
2/9/2016,562.93,229.88,236.46
2/10/2016,562.41,229.54,235.81
2/11/2016,552.48,225.41,231.39
2/12/2016,550.78,224.7,230.6
2/16/2016,554.08,226.05,231.99
2/17/2016,552.94,225.57,231.48
2/18/2016,562,229.27,235.28
2/19/2016,558.46,227.82,233.79
2/22/2016,564.69,230.37,236.4
2/23/2016,565.17,230.56,236.6
2/24/2016,568.13,231.72,237.68
2/25/2016,573.75,234.01,240.03
2/26/2016,558.08,227.62,233.47
2/29/2016,559.34,228.12,233.94
3/1/2016,556.59,227,232.79
3/2/2016,559.51,228.14,233.84
3/3/2016,562.83,229.49,235.23
3/4/2016,569.39,232.17,237.97
3/7/2016,572.65,233.48,239.29
3/8/2016,577.89,235.56,241.26
3/9/2016,580.83,236.75,242.49
3/10/2016,581.34,236.96,242.7
3/11/2016,582.29,237.33,243.03
3/14/2016,582.8,237.53,243.24
3/15/2016,584.09,238.06,243.78
3/16/2016,589.89,240.42,246.2
3/17/2016,596.22,242.99,248.79
3/18/2016,592.48,241.46,247.23
3/21/2016,591.75,241.17,246.93
3/22/2016,589.81,240.36,246.04
3/23/2016,594.1,242.11,247.83
3/24/2016,595.9,242.84,248.58
3/28/2016,593.76,241.97,247.69
3/29/2016,602.45,245.46,251.16
3/30/2016,601.04,244.89,250.57
3/31/2016,604.28,246.21,251.93
4/1/2016,606.64,247.17,252.91
4/4/2016,604.23,246.19,251.91
4/5/2016,592.84,241.55,247.16
4/6/2016,592.13,241.26,246.86
4/7/2016,591.96,241.19,246.79
4/8/2016,594.68,242.3,247.92
4/11/2016,592.31,241.33,246.93
4/12/2016,596.62,243.09,248.73
4/13/2016,592.73,241.5,247.11
4/14/2016,591.94,241.18,246.78
4/15/2016,595.84,242.77,248.4
4/18/2016,597.8,243.57,249.22
4/19/2016,598.53,243.87,249.53
4/20/2016,583.9,237.9,243.43
4/21/2016,571.28,232.76,238.17
4/22/2016,576.56,234.91,240.37
4/25/2016,577.64,235.35,240.82
4/26/2016,578.55,235.72,241.2
4/27/2016,586.78,239.07,244.61
4/28/2016,586.43,238.91,244.4
4/29/2016,589.7,240.24,245.76
5/2/2016,594.35,242.14,247.7
5/3/2016,594.24,242.09,247.66
5/4/2016,601.04,244.83,250.39
5/5/2016,598.82,243.92,249.44
5/6/2016,594.91,242.3,247.7
5/9/2016,598.03,243.57,249
5/10/2016,598.9,243.91,249.3
5/11/2016,600.84,244.63,249.9
5/12/2016,604.29,245.96,251.06
5/13/2016,601.41,244.78,249.86
5/16/2016,602.28,245.12,250.15
5/17/2016,592.25,241.03,245.98
5/18/2016,581.33,236.52,241.21
5/19/2016,586.74,238.72,243.46
5/20/2016,588.05,239.26,244
5/23/2016,582.34,236.93,241.63
5/24/2016,588.83,239.57,244.32
5/25/2016,587.1,238.87,243.6
5/26/2016,593.85,241.55,246.19
5/27/2016,595.26,242.12,246.77
5/31/2016,598.6,243.48,248.16
6/1/2016,600.93,244.38,248.95
6/2/2016,600.52,244.21,248.78
6/3/2016,610.49,248.27,252.91
6/6/2016,609.49,247.85,252.45
6/7/2016,608.65,247.48,252.02
6/8/2016,612.73,249.1,253.57
6/9/2016,618.11,251.29,255.8
6/10/2016,616.4,250.59,255.09
6/13/2016,615.51,250.23,254.73
6/14/2016,618.94,251.6,256.07
6/15/2016,614.53,249.81,254.25
6/16/2016,618.71,251.5,255.93
6/17/2016,620.85,252.36,256.81
6/20/2016,618.34,251.34,255.77
6/21/2016,619.35,251.76,256.19
6/22/2016,616.57,250.63,255.04
6/23/2016,618.61,251.46,255.89
6/24/2016,619.19,251.69,256.12
6/27/2016,627.16,254.93,259.42
6/28/2016,629.73,255.91,260.25
6/29/2016,631.48,256.62,260.97
6/30/2016,645.34,262.25,266.7
7/1/2016,644.99,262.11,266.56
7/5/2016,649.67,264.01,268.49
7/6/2016,651.25,264.65,269.14
7/7/2016,639.45,259.86,264.27
7/8/2016,645.74,262.41,266.87
7/11/2016,645.2,262.19,266.64
7/12/2016,636.39,258.61,263
7/13/2016,641.26,260.59,265.01
7/14/2016,637.08,258.89,263.29
7/15/2016,638.96,259.66,264.06
7/18/2016,640.45,260.26,264.68
7/19/2016,639.5,259.87,264.29
7/20/2016,636.35,258.59,262.98
7/21/2016,639.88,260.03,264.44
7/22/2016,648.3,263.45,267.92
7/25/2016,647.37,263.08,267.54
7/26/2016,641.74,260.79,265.21
7/27/2016,634.36,257.77,262.12
7/28/2016,636.4,258.58,262.9
7/29/2016,640.88,260.4,264.75
8/1/2016,640.75,260.35,264.69
8/2/2016,636.98,258.82,263.14
8/3/2016,633.34,257.31,261.54
8/4/2016,632.72,257.05,261.25
8/5/2016,623.99,253.51,257.65
8/8/2016,623.58,253.3,257.36
8/9/2016,623.1,253.09,257.1
8/10/2016,623.48,253.16,256.96
8/11/2016,625.04,253.69,257.27
8/12/2016,625.64,253.92,257.47
8/15/2016,616.15,250.04,253.48
8/16/2016,608.76,247.05,250.44
8/17/2016,617.79,250.71,254.15
8/18/2016,625.36,253.78,257.27
8/19/2016,617.77,250.7,254.14
8/22/2016,619.49,251.4,254.85
8/23/2016,616.49,250.18,253.62
8/24/2016,616.48,250.18,253.62
8/25/2016,616.74,250.28,253.72
8/26/2016,604.1,245.11,248.36
8/29/2016,608.84,247.03,250.31
8/30/2016,602.57,244.49,247.73
8/31/2016,604.86,245.36,248.49
9/1/2016,602.33,244.34,247.46
9/2/2016,609.8,247.37,250.52
9/6/2016,616.73,250.16,253.33
9/7/2016,616.51,250.02,253.05
9/8/2016,618.73,250.91,253.93
9/9/2016,595.53,241.5,244.4
9/12/2016,605.84,245.68,248.64
9/13/2016,597.63,242.33,245.2
9/14/2016,600.37,243.44,246.32
9/15/2016,604.86,245.23,248.05
9/16/2016,610.4,247.48,250.32
9/19/2016,616.46,249.93,252.81
9/20/2016,615.28,249.45,252.32
9/21/2016,628.19,254.69,257.62
9/22/2016,631.75,256.13,259.08
9/23/2016,630.95,255.81,258.75
9/26/2016,629.64,255.28,258.21
9/27/2016,621.98,252.15,254.99
9/28/2016,620.55,251.52,254.25
9/29/2016,611.56,247.88,250.56
9/30/2016,607.23,246.12,248.79
10/3/2016,599.05,242.81,245.44
10/4/2016,586.06,237.54,240.11
10/5/2016,584.61,236.95,239.52
10/6/2016,584.5,236.91,239.48
10/7/2016,584.08,236.74,239.31
10/10/2016,588.96,238.72,241.3
10/11/2016,582.03,235.91,238.46
10/12/2016,587.78,238.24,240.82
10/13/2016,595.17,241.24,243.85
10/14/2016,591.89,239.9,242.5
10/17/2016,595.13,241.22,243.83
10/18/2016,600.01,243.2,245.83
10/19/2016,598.71,242.67,245.3
10/20/2016,598.33,242.52,245.14
10/21/2016,595.16,241.23,243.85
10/24/2016,597.5,242.18,244.8
10/25/2016,600.58,243.43,246.07
10/26/2016,601.92,243.97,246.61
10/27/2016,598.83,242.7,245.3
10/28/2016,600.58,243.39,245.95
10/31/2016,612.48,248.22,250.83
11/1/2016,601.67,243.84,246.4
11/2/2016,594.04,240.73,243.24
11/3/2016,596.21,241.59,244.07
11/4/2016,594.07,240.73,243.19
11/7/2016,604.68,245.02,247.51
11/8/2016,609.39,246.87,249.26
11/9/2016,587.13,237.84,240.09
11/10/2016,572.94,232.06,234.17
11/11/2016,570.74,231.16,233.27
11/14/2016,569.74,230.72,232.73
11/15/2016,579.41,234.64,236.68
11/16/2016,575.25,232.88,234.74
11/17/2016,575.36,232.86,234.57
11/18/2016,573.45,232.08,233.79
11/21/2016,579.7,234.62,236.34
11/22/2016,581.6,235.34,236.95
11/23/2016,576.34,233.21,234.8
11/25/2016,584.56,236.53,238.15
11/28/2016,596.12,241.21,242.86
11/29/2016,598.02,241.98,243.63
11/30/2016,579.42,234.4,235.88
12/1/2016,574.18,232.28,233.75
12/2/2016,579.46,234.42,235.9
12/5/2016,580.82,234.95,236.41
12/6/2016,579.37,234.37,235.82
12/7/2016,586.85,237.34,238.68
12/8/2016,588.39,237.95,239.27
12/9/2016,594.48,240.41,241.75
12/12/2016,600.55,242.87,244.21
12/13/2016,606.82,245.4,246.76
12/14/2016,594.55,240.42,241.72
12/15/2016,598.37,241.95,243.21
12/16/2016,605.78,244.95,246.22
12/19/2016,608.04,245.86,247.14
12/20/2016,608.75,246.15,247.43
12/21/2016,606.47,245.23,246.5
12/22/2016,608.72,246.11,247.34
12/23/2016,608.65,246.09,247.32
12/27/2016,608.82,246.13,247.31
12/28/2016,603.28,243.84,244.89
12/29/2016,611.02,246.97,248.03
12/30/2016,608.06,245.78,246.83
1/3/2017,606.23,245.04,246.09
1/4/2017,608.27,245.86,246.91
1/5/2017,608.86,246.1,247.15
1/6/2017,610.85,246.9,247.96
1/9/2017,602.85,243.67,244.72
1/10/2017,601.21,243.01,244.05
1/11/2017,607.05,245.37,246.42
1/12/2017,607.81,245.67,246.73
1/13/2017,606.8,245.26,246.32
1/17/2017,613.84,248.11,249.17
1/18/2017,612.82,247.7,248.76
1/19/2017,607.49,245.54,246.6
1/20/2017,608.42,245.92,246.97
1/23/2017,605.45,244.72,245.77
1/24/2017,605.45,244.72,245.77
1/25/2017,605.32,244.67,245.72
1/26/2017,605.49,244.74,245.79
1/27/2017,605.48,244.72,245.75
1/30/2017,605.89,244.87,245.85
1/31/2017,615.68,248.82,249.82
2/1/2017,605.11,244.54,245.5
2/2/2017,610.89,246.88,247.85
2/3/2017,611.85,247.24,248.14
2/6/2017,610.9,246.86,247.76
2/7/2017,612.27,247.39,248.25
2/8/2017,618.18,249.74,250.51
2/9/2017,613,247.64,248.41
2/10/2017,616.95,249.22,249.94
2/13/2017,619.97,250.38,250.96
2/14/2017,615.56,248.58,249.13
2/15/2017,613.78,247.79,248.17
2/16/2017,620.13,250.29,250.52
2/17/2017,620.54,250.46,250.68
2/21/2017,627.25,253.16,253.39
2/22/2017,629.81,254.2,254.43
2/23/2017,636.43,256.87,257.1
2/24/2017,645.73,260.57,260.67
2/27/2017,642,259.06,259.17
2/28/2017,648.18,261.54,261.6
3/1/2017,642.25,259.09,259.02
3/2/2017,647.01,261.01,260.94
3/3/2017,644.76,260.1,260.03
3/6/2017,643.57,259.62,259.55
3/7/2017,643.6,259.63,259.56
3/8/2017,634.25,255.79,255.56
3/9/2017,632.73,255.18,254.95
3/10/2017,637.93,257.26,257
3/13/2017,639.59,257.91,257.6
3/14/2017,639.04,257.69,257.37
3/15/2017,649.52,261.91,261.59
3/16/2017,642.6,259.1,258.75
3/17/2017,646.3,260.6,260.24
3/20/2017,641.93,258.84,258.48
3/21/2017,651.17,262.53,262.11
3/22/2017,653.65,263.54,263.11
3/23/2017,652.05,262.89,262.47
3/24/2017,654.69,263.95,263.53
3/27/2017,651.67,262.74,262.32
3/28/2017,652.06,262.9,262.47
3/29/2017,649.47,261.8,261.26
3/30/2017,645.05,260.02,259.48
3/31/2017,646.95,260.78,260.25
4/3/2017,646.96,260.79,260.25
4/4/2017,649.1,261.65,261.11
4/5/2017,652.51,263.02,262.48
4/6/2017,651.52,262.63,262.08
4/7/2017,648.04,261.22,260.69
4/10/2017,649.45,261.79,261.25
4/11/2017,649.29,261.73,261.19
4/12/2017,654.08,263.66,263.11
4/13/2017,651.7,262.7,262.15
4/17/2017,654.94,264,263.46
4/18/2017,656.02,264.44,263.89
4/19/2017,651.67,262.69,262.14
4/20/2017,649.12,261.66,261.12
4/21/2017,652.62,263.07,262.52
4/24/2017,655.77,264.34,263.79
4/25/2017,655.16,264.09,263.55
4/26/2017,652.77,263.11,262.53
4/27/2017,654.9,263.95,263.33
4/28/2017,652,262.78,262.16
5/1/2017,647.75,261.07,260.45
5/2/2017,649.39,261.73,261.11
5/3/2017,646.52,260.54,259.83
5/4/2017,649.2,261.62,260.9
5/5/2017,652.83,263.08,262.36
5/8/2017,652.72,263,262.2
5/9/2017,647.16,260.74,259.91
5/10/2017,648.38,261.21,260.33
5/11/2017,649.32,261.48,260.35
5/12/2017,652.74,262.85,261.68
5/15/2017,655.32,263.86,262.63
5/16/2017,650.08,261.75,260.53
5/17/2017,652.29,262.57,261.17
5/18/2017,654.8,263.58,262.18
5/19/2017,656.91,264.43,263.02
5/22/2017,662.81,266.8,265.39
5/23/2017,664.36,267.43,266.01
5/24/2017,668.87,269.24,267.81
5/25/2017,674.03,271.27,269.69
5/26/2017,673.8,271.15,269.54
5/30/2017,676.03,272.05,270.43
5/31/2017,679.65,273.45,271.69
6/1/2017,684.54,275.42,273.64
6/2/2017,685.5,275.81,274.03
6/5/2017,682.22,274.48,272.72
6/6/2017,681.04,274.01,272.24
6/7/2017,683.61,274.98,273.08
6/8/2017,677.7,272.59,270.68
6/9/2017,677.66,272.58,270.66
6/12/2017,676.26,272,270.06
6/13/2017,677.53,272.49,270.5
6/14/2017,681.55,274.11,272.1
6/15/2017,685.53,275.69,273.63
6/16/2017,688.84,277.02,274.95
6/19/2017,686.27,275.99,273.92
6/20/2017,686.61,276.13,274.06
6/21/2017,682.19,274.35,272.3
6/22/2017,679.25,273.16,271.12
6/23/2017,676.78,272.17,270.14
6/26/2017,682.05,274.29,272.24
6/27/2017,673.51,270.86,268.83
6/28/2017,667.56,268.41,266.28
6/29/2017,662.1,266.21,264.1
6/30/2017,661.28,265.88,263.77
7/3/2017,657.71,264.45,262.35
7/5/2017,655.29,263.45,261.3
7/6/2017,654.42,263.1,260.95
7/7/2017,655.34,263.47,261.32
7/10/2017,654.28,263.05,260.9
7/11/2017,654.08,262.97,260.82
7/12/2017,659.62,265.19,263.03
7/13/2017,657.29,264.26,262.1
7/14/2017,660.86,265.69,263.52
7/17/2017,663.44,266.73,264.55
7/18/2017,665.28,267.47,265.28
7/19/2017,668.41,268.73,266.53
7/20/2017,672.84,270.51,268.3
7/21/2017,677.99,272.58,270.35
7/24/2017,671.7,270.05,267.84
7/25/2017,668.27,268.67,266.48
7/26/2017,674.14,271.03,268.82
7/27/2017,675.76,271.67,269.41
7/28/2017,674.9,271.31,269.03
7/31/2017,677.43,272.33,270.04
8/1/2017,680.89,273.71,271.39
8/2/2017,684.1,274.99,272.63
8/3/2017,687.13,276.19,273.78
8/4/2017,685.13,275.38,272.98
8/7/2017,686.58,275.96,273.53
8/8/2017,689.29,276.99,274.43
8/9/2017,685.89,275.62,273.07
8/10/2017,687.78,276.37,273.76
8/11/2017,683.66,274.67,272
8/14/2017,687.96,276.36,273.58
8/15/2017,691.4,277.74,274.95
8/16/2017,694.25,278.81,275.83
8/17/2017,689.5,276.83,273.71
8/18/2017,693.83,278.57,275.43
8/21/2017,696.11,279.49,276.33
8/22/2017,697.49,280.04,276.88
8/23/2017,699.73,280.89,277.59
8/24/2017,699.18,280.66,277.37
8/25/2017,701.32,281.52,278.22
8/28/2017,702.92,282.16,278.85
8/29/2017,701.85,281.74,278.43
8/30/2017,699.28,280.65,277.22
8/31/2017,699.45,280.71,277.28
9/1/2017,697.33,279.86,276.45
9/5/2017,699.39,280.69,277.26
9/6/2017,695.73,279.22,275.81
9/7/2017,701.24,281.37,277.8
9/8/2017,704.42,282.64,279.03
9/11/2017,710.98,285.27,281.62
9/12/2017,698.64,280.31,276.69
9/13/2017,694.92,278.81,275.22
9/14/2017,701.18,281.3,277.62
9/15/2017,702.03,281.63,277.9
9/18/2017,695.29,278.9,275.17
9/19/2017,693.8,278.3,274.58
9/20/2017,688.42,276.15,272.45
9/21/2017,688,275.95,272.2
9/22/2017,683.06,273.97,270.25
9/25/2017,688.83,276.29,272.53
9/26/2017,687.75,275.85,272.11
9/27/2017,678.52,272.15,268.45
9/28/2017,681.03,273.1,269.27
9/29/2017,680.27,272.8,268.97
10/2/2017,681.79,273.41,269.57
10/3/2017,679.19,272.36,268.54
10/4/2017,686.4,275.26,271.39
10/5/2017,685.57,274.92,271.06
10/6/2017,685.13,274.75,270.89
10/9/2017,686.06,275.12,271.26
10/10/2017,692.79,277.82,273.92
10/11/2017,696.04,279.13,275.21
10/12/2017,699.53,280.52,276.58
10/13/2017,694.22,278.39,274.48
10/16/2017,692.98,277.9,274
10/17/2017,697.04,279.52,275.6
10/18/2017,696.01,279.11,275.19
10/19/2017,703.04,281.93,277.97
10/20/2017,703.93,282.29,278.32
10/23/2017,704.3,282.44,278.47
10/24/2017,704.87,282.66,278.69
10/25/2017,701.78,281.43,277.47
10/26/2017,701.76,281.42,277.47
10/27/2017,706.07,283.14,279.17
10/30/2017,706.33,283.23,279.22
10/31/2017,706.83,283.41,279.35
11/1/2017,702.85,281.82,277.78
11/2/2017,705.83,283,278.92
11/3/2017,708.41,284.04,279.94
11/6/2017,705.56,282.87,278.75
11/7/2017,714.26,286.36,282.19
11/8/2017,714.22,286.33,282.1
11/9/2017,715.35,286.73,282.4
11/10/2017,712.22,285.48,281.17
11/13/2017,720.64,288.83,284.42
11/14/2017,729.79,292.44,287.82
11/15/2017,723,289.7,285.1
11/16/2017,720.71,288.71,283.95
11/17/2017,715.95,286.73,281.84
11/20/2017,713.71,285.83,280.96
11/21/2017,715.43,286.52,281.63
11/22/2017,715.68,286.57,281.55
11/24/2017,716.79,287.01,281.99
11/27/2017,720.09,288.33,283.29
11/28/2017,723.18,289.57,284.5
11/29/2017,723.61,289.74,284.67
11/30/2017,726.27,290.75,285.52
12/1/2017,723.7,289.72,284.51
12/4/2017,719.49,288.03,282.85
12/5/2017,710.56,284.46,279.34
12/6/2017,713.28,285.55,280.41
12/7/2017,714.46,285.96,280.68
12/8/2017,716.76,286.88,281.58
12/11/2017,721.23,288.66,283.31
12/12/2017,708.74,283.65,278.36
12/13/2017,710.64,284.41,279.1
12/14/2017,709.61,283.99,278.7
12/15/2017,712.58,285.14,279.74
12/18/2017,704.33,281.84,276.5
12/19/2017,691.64,276.77,271.52
12/20/2017,686.24,274.61,269.4
12/21/2017,678.09,271.34,266.2
12/22/2017,679.08,271.74,266.59
12/26/2017,675.12,270.15,265.03
12/27/2017,678.04,271.3,266.11
12/28/2017,681.68,272.71,267.37
12/29/2017,681.67,272.71,267.37
1/2/2018,675.73,270.33,265.04
1/3/2018,670.57,268.26,263.02
1/4/2018,664.73,265.93,260.73
1/5/2018,664.63,265.89,260.69
1/8/2018,670.91,268.4,263.15
1/9/2018,664.2,265.72,260.52
1/10/2018,656.73,262.73,257.59
1/11/2018,654.4,261.79,256.67
1/12/2018,650.77,260.34,255.25
1/16/2018,649.07,259.66,254.58
1/17/2018,653.24,261.33,256.22
1/18/2018,649.17,259.7,254.62
1/19/2018,647.25,258.94,253.87
1/22/2018,647.97,259.22,254.15
1/23/2018,654.15,261.7,256.58
1/24/2018,650.31,260.16,255.07
1/25/2018,660.25,264.14,258.97
1/26/2018,660.67,264.3,259.13
1/29/2018,652.22,260.92,255.82
1/30/2018,653.39,261.38,256.25
1/31/2018,660.77,264.31,259.07
2/1/2018,650.31,260.13,254.97
2/2/2018,645.65,258.26,253.14
2/5/2018,634.69,253.88,248.85
2/6/2018,625.35,250.12,245.09
2/7/2018,622.42,248.93,243.88
2/8/2018,615.11,245.96,240.87
2/9/2018,628.56,251.33,246.13
2/12/2018,633.55,253.33,248.09
2/13/2018,636.29,254.38,249
2/14/2018,629.21,251.49,246.05
2/15/2018,643.28,257.03,251.27
2/16/2018,648.71,259.12,253.15
2/20/2018,640.55,255.87,249.97
2/21/2018,632.11,252.49,246.68
2/22/2018,635.02,253.65,247.81
2/23/2018,651.94,260.41,254.41
2/26/2018,650.3,259.69,253.56
2/27/2018,639.35,255.32,249.3
2/28/2018,635.27,253.69,247.7
3/1/2018,635.42,253.69,247.55
3/2/2018,633.89,253.08,246.95
3/5/2018,646.43,258.06,251.78
3/6/2018,637.65,254.56,248.35
3/7/2018,633.23,252.77,246.54
3/8/2018,637.89,254.59,248.25
3/9/2018,639.59,255.26,248.87
3/12/2018,642.29,256.34,249.92
3/13/2018,643.74,256.9,250.44
3/14/2018,650.16,259.44,252.86
3/15/2018,649.83,259.31,252.73
3/16/2018,656.46,261.93,255.25
3/19/2018,651.56,259.98,253.34
3/20/2018,648.55,258.78,252.18
3/21/2018,645.98,257.75,251.18
3/22/2018,649.04,258.95,252.27
3/23/2018,640.04,255.35,248.78
3/26/2018,646.72,258.02,251.37
3/27/2018,656.16,261.79,255.04
3/28/2018,655.78,261.61,254.82
3/29/2018,659.18,262.97,256.14
4/2/2018,654.23,260.99,254.21
4/3/2018,656.49,261.89,255.09
4/4/2018,657.87,262.44,255.63
4/5/2018,663.09,264.53,257.65
4/6/2018,658.36,262.64,255.82
4/9/2018,659.13,262.95,256.12
4/10/2018,654.37,261.05,254.27
4/11/2018,653.38,260.65,253.88
4/12/2018,645.04,257.33,250.64
4/13/2018,649.49,259.1,252.37
4/16/2018,658.45,262.68,255.85
4/17/2018,665.33,265.42,258.53
4/18/2018,662.74,264.39,257.52
4/19/2018,662.19,264.17,257.31
4/20/2018,656.3,261.82,255.02
4/23/2018,656.93,262.07,255.26
4/24/2018,661.17,263.76,256.91
4/25/2018,661.37,263.84,256.99
4/26/2018,668.19,266.56,259.64
4/27/2018,674.75,269.16,262.13
4/30/2018,673.02,268.45,261.39
5/1/2018,671.14,267.7,260.66
5/2/2018,670.24,267.34,260.31
5/3/2018,669.62,267.08,260.03
5/4/2018,672.39,268.17,261.04
5/7/2018,668.79,266.73,259.64
5/8/2018,651.99,260.03,253.12
5/9/2018,647.61,258.23,251.23
5/10/2018,656.34,261.7,254.59
5/11/2018,657.87,262.29,255.11
5/14/2018,655.33,261.23,254
5/15/2018,649.8,259,251.76
5/16/2018,644.32,256.8,249.59
5/17/2018,639.17,254.67,247.35
5/18/2018,638.93,254.5,247.02
5/21/2018,642.68,256,248.47
5/22/2018,645.19,257,249.44
5/23/2018,651.17,259.36,251.68
5/24/2018,656.06,261.31,253.57
5/25/2018,658.8,262.4,254.63
5/29/2018,659.09,262.51,254.74
5/30/2018,664.13,264.52,256.69
5/31/2018,665.43,264.97,256.98
6/1/2018,655.17,260.88,253.02
6/4/2018,650.16,258.83,250.88
6/5/2018,645.96,257.15,249.25
6/6/2018,632.22,251.68,243.95
6/7/2018,635.47,252.92,245.01
6/8/2018,635.39,252.88,244.98
6/11/2018,633.27,252.04,244.16
6/12/2018,641.54,255.32,247.3
6/13/2018,639.8,254.63,246.63
6/14/2018,647.48,257.66,249.52
6/15/2018,652.08,259.47,251.23
6/18/2018,654.36,260.38,252.11
6/19/2018,661.3,263.14,254.78
6/20/2018,661.3,263.14,254.78
6/21/2018,663.5,264.02,255.63
6/22/2018,668.37,265.95,257.51
6/25/2018,679.41,270.35,261.76
6/26/2018,679.34,270.32,261.73
6/27/2018,683.31,271.9,263.26
6/28/2018,683.19,271.85,263.22
6/29/2018,683.85,272.06,263.3
7/2/2018,689.27,274.22,265.39
7/3/2018,691,274.91,266.06
7/5/2018,695.38,276.65,267.74
7/6/2018,700.5,278.69,269.71
7/9/2018,678.6,269.97,261.28
7/10/2018,685.23,272.61,263.83
7/11/2018,691.19,274.98,266.12
7/12/2018,691.78,275.21,266.35
7/13/2018,692.21,275.38,266.51
7/16/2018,691.15,274.96,266.11
7/17/2018,690.72,274.79,265.94
7/18/2018,687.25,273.41,264.61
7/19/2018,693.69,275.97,267.08
7/20/2018,688.44,273.89,265.06
7/23/2018,684.03,272.13,263.37
7/24/2018,686.35,273.05,264.26
7/25/2018,688.18,273.78,264.96
7/26/2018,696.03,276.9,267.99
7/27/2018,693.17,275.77,266.89
7/30/2018,689.19,274.16,265.29
7/31/2018,696.6,277.1,268.11
8/1/2018,690.81,274.8,265.88
8/2/2018,694.64,276.3,267.29
8/3/2018,701.81,279.15,270.05
8/6/2018,702.86,279.55,270.39
8/7/2018,701.34,278.95,269.8
8/8/2018,697.73,277.49,268.35
8/9/2018,700.95,278.72,269.44
8/10/2018,698.11,277.6,268.35
8/13/2018,698.92,277.9,268.59
8/14/2018,700.64,278.51,269.04
8/15/2018,706.11,280.67,271.09
8/16/2018,714.65,283.99,274.12
8/17/2018,718.01,285.25,275.17
8/20/2018,715.53,284.27,274.22
8/21/2018,710.37,282.22,272.25
8/22/2018,704.88,280.03,270.14
8/23/2018,704.78,280,270.1
8/24/2018,707.84,281.21,271.28
8/27/2018,703.33,279.42,269.55
8/28/2018,701.97,278.87,268.98
8/29/2018,706.62,280.65,270.56
8/30/2018,707.56,281.02,270.91
8/31/2018,704.39,279.76,269.7
9/4/2018,708.23,281.29,271.17
9/5/2018,717.24,284.87,274.62
9/6/2018,720.79,286.19,275.68
9/7/2018,712.45,282.83,272.37
9/10/2018,716.59,284.48,273.96
9/11/2018,714.22,283.52,273.01
9/12/2018,713.6,283.28,272.77
9/13/2018,719.29,285.51,274.87
9/14/2018,715.57,284.02,273.39
9/17/2018,717.76,284.89,274.22
9/18/2018,716.24,284.28,273.64
9/19/2018,701.02,278.24,267.83
9/20/2018,702.28,278.69,268.15
9/21/2018,705.03,279.79,269.2
9/24/2018,698.79,277.31,266.82
9/25/2018,690.23,273.91,263.56
9/26/2018,683.05,271.06,260.81
9/27/2018,689.79,273.72,263.31
9/28/2018,700.18,277.84,267.28
10/1/2018,698.08,277,266.47
10/2/2018,707.04,280.56,269.9
10/3/2018,698.37,277.12,266.59
10/4/2018,702.19,278.64,268.04
10/5/2018,713.19,283,272.24
10/8/2018,718.69,285.18,274.34
10/9/2018,721.71,286.38,275.5
10/10/2018,717.88,284.86,274.03
10/11/2018,703.72,279.24,268.63
10/12/2018,704.18,279.42,268.8
10/15/2018,706.66,280.41,269.75
10/16/2018,714.87,283.67,272.89
10/17/2018,713.78,283.23,272.47
10/18/2018,714.37,283.47,272.69
10/19/2018,725.63,287.94,276.99
10/22/2018,720.67,285.97,275.1
10/23/2018,716.96,284.5,273.68
10/24/2018,733.42,291.03,279.97
10/25/2018,722.46,286.68,275.78
10/26/2018,710.16,281.8,271.09
10/29/2018,719.76,285.61,274.75
10/30/2018,721.99,286.48,275.55
10/31/2018,713.87,283.23,272.38
11/1/2018,710.2,281.77,270.94
11/2/2018,706.56,280.32,269.55
11/5/2018,716.42,284.23,273.31
11/6/2018,722.07,286.45,275.4
11/7/2018,730.04,289.59,278.38
11/8/2018,728.52,288.94,277.64
11/9/2018,729.2,289.21,277.9
11/12/2018,728.96,289.12,277.81
11/13/2018,731.88,290.23,278.77
11/14/2018,724.08,287.08,275.62
11/15/2018,719.18,285.05,273.5
11/16/2018,729.18,288.95,277.07
11/19/2018,732.95,290.44,278.5
11/20/2018,729.25,288.97,277.09
11/21/2018,718.48,284.7,273
11/23/2018,719.37,285.06,273.34
11/26/2018,723.23,286.59,274.81
11/27/2018,729.55,289.09,277.21
11/28/2018,728.79,288.78,276.87
11/29/2018,728.25,288.5,276.46
11/30/2018,739.44,292.93,280.71
12/3/2018,745.96,295.52,283.19
12/4/2018,747.08,295.96,283.61
12/6/2018,747.1,295.87,283.32
12/7/2018,750.41,297.15,284.46
12/10/2018,752.68,298.05,285.32
12/11/2018,755.05,298.97,286.17
12/12/2018,750.67,297.24,284.51
12/13/2018,757.29,299.86,287.02
12/14/2018,755.5,299.13,286.28
12/17/2018,730.98,289.4,276.93
12/18/2018,726.29,287.54,275.15
12/19/2018,724.7,286.92,274.55
12/20/2018,726.69,287.7,275.3
12/21/2018,721.56,285.67,273.36
12/24/2018,690.78,273.49,261.7
12/26/2018,701.59,277.77,265.79
12/27/2018,707.91,280.25,268.11
12/28/2018,708.31,280.35,268.09
12/31/2018,709.69,280.89,268.61
1/2/2019,697.12,275.92,263.86
1/3/2019,697.69,276.15,264.07
1/4/2019,708.03,280.24,267.99
1/7/2019,703,278.25,266.08
1/8/2019,711.84,281.75,269.43
1/9/2019,707.2,279.91,267.67
1/10/2019,717.15,283.85,271.44
1/11/2019,714.01,282.6,270.25
1/14/2019,698.08,276.3,264.22
1/15/2019,706.92,279.8,267.57
1/16/2019,708.85,280.56,268.3
1/17/2019,711.87,281.76,269.44
1/18/2019,712.72,282.09,269.76
1/22/2019,713.75,282.5,270.15
1/23/2019,721.46,285.55,273.07
1/24/2019,724.94,286.93,274.39
1/25/2019,715.33,283.13,270.75
1/28/2019,712.03,281.82,269.5
1/29/2019,714.05,282.62,270.27
1/30/2019,718.79,284.48,272.03
1/31/2019,734,290.47,277.67
2/1/2019,731.8,289.6,276.84
2/4/2019,733.33,290.21,277.42
2/5/2019,734.21,290.56,277.75
2/6/2019,733.74,290.34,277.47
2/7/2019,743.4,294.12,281
2/8/2019,747.13,295.59,282.38
2/11/2019,746.51,295.34,282.14
2/12/2019,748.04,295.92,282.63
2/13/2019,746.11,295.11,281.77
2/14/2019,744.44,294.37,280.89
2/15/2019,747.17,295.38,281.68
2/19/2019,751.55,297.07,283.2
2/20/2019,755.04,298.43,284.46
2/21/2019,760.7,300.67,286.59
2/22/2019,765.36,302.5,288.33
2/25/2019,760.43,300.56,286.47
2/26/2019,759.28,300.1,286.04
2/27/2019,760.75,300.61,286.36
2/28/2019,764.55,302.03,287.53
3/1/2019,766.12,302.63,288.07
3/4/2019,767.9,303.31,288.68
3/5/2019,766.61,302.81,288.19
3/6/2019,766.86,302.91,288.29
3/7/2019,769.39,303.84,289.04
3/8/2019,772.18,304.94,290.08
3/11/2019,777.81,307.17,292.2
3/12/2019,782.72,309.09,294
3/13/2019,783.86,309.54,294.43
3/14/2019,783.02,309.18,294.03
3/15/2019,786.86,310.68,295.41
3/18/2019,783.65,309.41,294.2
3/19/2019,774.4,305.76,290.73
3/20/2019,776.6,306.63,291.56
3/21/2019,785.04,309.93,294.63
3/22/2019,790.46,312.07,296.66
3/25/2019,791.38,312.43,297.01
3/26/2019,796.92,314.62,299.08
3/27/2019,791.58,312.51,297.08
3/28/2019,781.92,308.67,293.38
3/29/2019,786.63,310.54,295.15
4/1/2019,781.04,308.33,293.05
4/2/2019,781.88,308.66,293.37
4/3/2019,780.69,308.19,292.92
4/4/2019,777.63,306.98,291.77
4/5/2019,785.44,310.06,294.7
4/8/2019,779.73,307.81,292.56
4/9/2019,781.78,308.62,293.33
4/10/2019,778.83,307.45,292.22
4/11/2019,783.13,309.15,293.83
4/12/2019,787.02,310.69,295.3
4/15/2019,787.05,310.7,295.3
4/16/2019,776.13,306.39,291.21
4/17/2019,774.49,305.74,290.59
4/18/2019,774.62,305.79,290.64
4/22/2019,773.72,305.44,290.31
4/23/2019,776.61,306.58,291.39
4/24/2019,780.85,308.25,292.98
4/25/2019,784.23,309.59,294.25
4/26/2019,785.49,310.08,294.72
4/29/2019,780.65,308.15,292.85
4/30/2019,793.92,313.37,297.75
5/1/2019,785.45,310.03,294.58
5/2/2019,783.36,309.19,293.75
5/3/2019,788.43,311.19,295.65
5/6/2019,783.55,309.24,293.76
5/7/2019,781.1,308.28,292.84
5/8/2019,770.51,304.08,288.8
5/9/2019,770.14,303.89,288.54
5/10/2019,783.57,309.18,293.54
5/13/2019,792.45,312.66,296.79
5/14/2019,786.16,310.11,294.22
5/15/2019,785.25,309.73,293.82
5/16/2019,790.49,311.72,295.53
5/17/2019,794.96,313.41,296.96
5/20/2019,796.31,313.94,297.46
5/21/2019,796.79,314.13,297.64
5/22/2019,803.45,316.73,300.07
5/23/2019,810.04,319.33,302.53
5/24/2019,808.41,318.68,301.9
5/28/2019,795.37,313.54,297.03
5/29/2019,784.85,309.38,293.05
5/30/2019,783.77,308.95,292.65
5/31/2019,787.84,310.49,293.95
6/3/2019,795.99,313.7,296.99
6/4/2019,796.33,313.83,297.11
6/5/2019,813.37,320.55,303.47
6/6/2019,817.91,322.22,304.8
6/7/2019,811.9,319.82,302.45
6/10/2019,807.03,317.9,300.64
6/11/2019,801.57,315.74,298.56
6/12/2019,812.26,319.95,302.54
6/13/2019,813.71,320.5,303
6/14/2019,821.97,323.73,306.01
6/17/2019,819.21,322.64,304.98
6/18/2019,816.65,321.63,304.03
6/19/2019,823.25,324.23,306.49
6/20/2019,827.72,325.99,308.15
6/21/2019,831.59,327.51,309.59
6/24/2019,831.72,327.57,309.64
6/25/2019,826.54,325.52,307.71
6/26/2019,808.76,318.53,301.09
6/27/2019,809.76,318.92,301.47
6/28/2019,813.99,320.58,303.04
7/1/2019,811.44,319.58,302.09
7/2/2019,821.5,323.54,305.84
7/3/2019,828.71,326.35,308.42
7/5/2019,827.52,325.86,307.9
7/8/2019,828.46,326.23,308.25
7/9/2019,828.96,326.42,308.44
7/10/2019,831.59,327.46,309.42
7/11/2019,831.88,327.57,309.53
7/12/2019,826.58,325.49,307.55
7/15/2019,829.64,326.69,308.69
7/16/2019,824.91,324.83,306.93
7/17/2019,828.49,326.24,308.26
7/18/2019,835.05,328.82,310.7
7/19/2019,822.94,324.05,306.2
7/22/2019,821.44,323.46,305.64
7/23/2019,816.41,321.48,303.77
7/24/2019,816.99,321.71,303.99
7/25/2019,814.56,320.76,303.08
7/26/2019,817.91,322.07,304.33
7/29/2019,821.94,323.66,305.83
7/30/2019,815.82,321.23,303.49
7/31/2019,811.72,319.59,301.9
8/1/2019,820.02,322.85,304.94
8/2/2019,820.45,323.02,305.1
8/5/2019,808.03,318.13,300.49
8/6/2019,818.76,322.33,304.4
8/7/2019,820.69,323.07,305.06
8/8/2019,829.52,326.5,308.18
8/9/2019,829.82,326.62,308.29
8/12/2019,828.35,326.03,307.75
8/13/2019,829.13,326.29,307.88
8/14/2019,821.85,323.37,304.99
8/15/2019,832.91,327.64,308.83
8/16/2019,836.52,328.98,309.93
8/19/2019,842.28,331.25,312.07
8/20/2019,840.77,330.65,311.51
8/21/2019,846.45,332.89,313.61
8/22/2019,847,333.1,313.82
8/23/2019,838.17,329.62,310.52
8/26/2019,848.07,333.52,314.19
8/27/2019,849.23,333.97,314.62
8/28/2019,847.63,333.27,313.8
8/29/2019,853.21,335.45,315.82
8/30/2019,853.59,335.6,315.97
9/3/2019,868.56,341.49,321.51
9/4/2019,869.85,341.99,321.98
9/5/2019,860.25,338.13,318.15
9/6/2019,857.6,337.06,317.09
9/9/2019,852.6,335.06,315.12
9/10/2019,853.53,335.41,315.43
9/11/2019,861.88,338.69,318.51
9/12/2019,863.24,339.2,318.94
9/13/2019,858.49,337.32,317.12
9/16/2019,859.19,337.59,317.38
9/17/2019,866.86,340.6,320.21
9/18/2019,870.95,342.21,321.72
9/19/2019,874.53,343.57,322.88
9/20/2019,877.78,344.84,324.08
9/23/2019,878.92,345.29,324.5
9/24/2019,888.22,348.95,327.93
9/25/2019,887.96,348.84,327.84
9/26/2019,892.24,350.52,329.42
9/27/2019,889.42,349.39,328.29
9/30/2019,889.96,349.6,328.49
10/1/2019,887.23,348.53,327.49
10/2/2019,875.75,344.02,323.25
10/3/2019,878.12,344.95,324.12
10/4/2019,891.48,350.2,329.06
10/7/2019,887.51,348.64,327.59
10/8/2019,878.53,345.11,324.27
10/9/2019,883,346.87,325.92
10/10/2019,881.95,346.45,325.54
10/11/2019,878.91,345.26,324.41
10/14/2019,872.99,342.94,322.23
10/15/2019,870.4,341.92,321.27
10/16/2019,872.44,342.72,322.03
10/17/2019,874.44,343.5,322.76
10/18/2019,877.62,344.75,323.94
10/21/2019,880.85,346.02,325.13
10/22/2019,884.77,347.56,326.58
10/23/2019,888.02,348.84,327.78
10/24/2019,891.52,350.22,329.07
10/25/2019,881.83,346.41,325.49
10/28/2019,870.27,341.87,321.23
10/29/2019,871.22,342.24,321.58
10/30/2019,878.93,345.25,324.36
10/31/2019,883.16,346.89,325.85
11/1/2019,881.42,346.2,325.17
11/4/2019,870.12,341.75,321
11/5/2019,861.2,338.25,317.71
11/6/2019,863.84,339.24,318.54
11/7/2019,852.56,334.77,314.25
11/8/2019,849.42,333.53,313.06
11/11/2019,843.66,331.27,310.94
11/12/2019,845.98,332.15,311.71
11/13/2019,858.58,337.07,316.28
11/14/2019,861.57,338.13,317
11/15/2019,864.53,339.21,317.84
11/18/2019,866.02,339.79,318.39
11/19/2019,863.8,338.93,317.58
11/20/2019,869.37,341.09,319.57
11/21/2019,866.15,339.83,318.39
11/22/2019,866.44,339.93,318.47
11/25/2019,863.25,338.68,317.3
11/26/2019,866.67,340.01,318.51
11/27/2019,868.1,340.5,318.81
11/29/2019,866.87,340.02,318.36
12/2/2019,860.18,337.39,315.9
12/3/2019,864.49,339.08,317.48
12/4/2019,870.72,341.53,319.77
12/5/2019,871.65,341.8,319.83
12/6/2019,869.71,341.04,319.12
12/9/2019,866,339.52,317.56
12/10/2019,865.76,339.41,317.43
12/11/2019,868.63,340.54,318.48
12/12/2019,864.39,338.88,316.92
12/13/2019,871.81,341.76,319.58
12/16/2019,883.08,346.18,323.71
12/17/2019,885.17,347,324.48
12/18/2019,889.03,348.51,325.89
12/19/2019,888.71,348.37,325.71
12/20/2019,895.66,351.09,328.25
12/23/2019,886.83,347.63,325.02
12/24/2019,887.98,348.06,325.36
12/26/2019,889.6,348.69,325.96
12/27/2019,892.22,349.69,326.82
12/30/2019,892.05,349.59,326.67
12/31/2019,896.67,351.4,328.36
1/2/2020,884.27,346.55,323.82
1/3/2020,885.25,346.93,324.18
1/6/2020,887.44,347.79,324.98
1/7/2020,885.69,347.1,324.34
1/8/2020,885.67,347.09,324.33
1/9/2020,890.31,348.91,326.03
1/10/2020,892.46,349.76,326.82
1/13/2020,898.34,352.06,328.97
1/14/2020,900.83,353.03,329.88
1/15/2020,913.49,357.99,334.52
1/16/2020,919.02,360.16,336.55
1/17/2020,926.02,362.9,339.11
1/21/2020,933.79,365.95,341.95
1/22/2020,936.53,367.02,342.96
1/23/2020,945.15,370.4,346.11
1/24/2020,948.25,371.62,347.25
1/27/2020,945.39,370.5,346.2
1/28/2020,948.87,371.86,347.48
1/29/2020,951.74,372.98,348.53
1/30/2020,960.43,376.37,351.64
1/31/2020,956.35,374.75,350.08
2/3/2020,959.44,375.96,351.22
2/4/2020,949.59,372.1,347.61
2/5/2020,953.58,373.67,349.07
2/6/2020,953.74,373.68,348.98
2/7/2020,951.13,372.61,347.89
2/10/2020,954.39,373.88,349.06
2/11/2020,958.04,375.31,350.39
2/12/2020,958.4,375.43,350.46
2/13/2020,969.1,379.52,354.04
2/14/2020,976.03,382.15,356.33
2/18/2020,983.95,385.22,359.13
2/19/2020,973.7,381.15,355.2
2/20/2020,976.79,382.36,356.32
2/21/2020,975.07,381.68,355.67
2/24/2020,963.74,377.25,351.54
2/25/2020,942.89,369.08,343.93
2/26/2020,933.78,365.52,340.61
2/27/2020,891.45,348.77,324.63
2/28/2020,861.84,337.19,313.85
